name,dob,nationality,position,team,age_years,is_gk,season,league_code,player_id_fb
aaron anselmino,2005,ar ARG,DF,Boca Juniors,18.0,False,2024,ARG1,
aaron nicolas molinas,2000,ar ARG,"MF,FW",Defensa y Just,23.0,False,2024,ARG1,
aaron quiros,2001,ar ARG,DF,Banfield,22.0,False,2024,ARG1,
abiel osorio,2002,ar ARG,FW,Defensa y Just,21.0,False,2024,ARG1,
adam bareiro,1996,py PAR,FW,San Lorenzo,27.0,False,2024,ARG1,
adrian balboa,1994,uy URU,FW,Unión,30.0,False,2024,ARG1,
adrian guillermo sanchez,1999,ar ARG,MF,Atlé Tucumán,24.0,False,2024,ARG1,
adrian martinez,1992,ar ARG,FW,Racing Club,31.0,False,2024,ARG1,
adrian sporle,1995,ar ARG,DF,Independiente,28.0,False,2024,ARG1,
agustin almendra,2000,ar ARG,MF,Racing Club,23.0,False,2024,ARG1,
agustin baldi,2002,ar ARG,DF,Belgrano,21.0,False,2024,ARG1,
agustin bolivar,1996,ar ARG,MF,Gimnasia–LP,28.0,False,2024,ARG1,
agustin bouzat,1994,ar ARG,"MF,DF",Vélez Sarsfield,29.0,False,2024,ARG1,
agustin cardozo,1997,ar ARG,MF,Tigre,26.0,False,2024,ARG1,
agustin fontana,1996,ar ARG,FW,Sarmiento,27.0,False,2024,ARG1,
agustin garcia basso,1992,ar ARG,DF,Racing Club,31.0,False,2024,ARG1,
agustin giay,2004,ar ARG,DF,San Lorenzo,20.0,False,2024,ARG1,
agustin irazoque,1999,ar ARG,DF,Barracas Central,24.0,False,2024,ARG1,
agustin juarez,2005,ar ARG,"FW,MF",Newell's OB,18.0,False,2024,ARG1,
agustin lagos,2001,ar ARG,DF,Atlé Tucumán,22.0,False,2024,ARG1,
agustin martegani,2000,ar ARG,MF,Boca Juniors,23.0,False,2024,ARG1,
agustin modica,2003,ar ARG,FW,Rosario Central,21.0,False,2024,ARG1,
agustin morales,1999,ar ARG,"FW,DF",Cen. Córdoba–SdE,24.0,False,2024,ARG1,
agustin mulet,2000,ar ARG,MF,Ind. Rivadavia,23.0,False,2024,ARG1,
agustin obando,2000,ar ARG,"MF,FW",Banfield,23.0,False,2024,ARG1,
agustin palavecino,1996,ar ARG,MF,River Plate,27.0,False,2024,ARG1,
agustin quiroga,2002,ar ARG,DF,Platense,21.0,False,2024,ARG1,
agustin rodriguez,2004,ar ARG,"FW,MF",Lanús,19.0,False,2024,ARG1,
agustin ruberto,2006,ar ARG,"FW,MF",River Plate,18.0,False,2024,ARG1,
agustin sandez,2001,py PAR,DF,Rosario Central,23.0,False,2024,ARG1,
agustin sant'anna,1997,uy URU,DF,River Plate,26.0,False,2024,ARG1,
agustin toledo,2000,ar ARG,MF,Huracán,23.0,False,2024,ARG1,
agustin urzi,2000,ar ARG,"MF,FW",Racing Club,23.0,False,2024,ARG1,
agustin villalobos,2003,ar ARG,MF,Godoy Cruz,20.0,False,2024,ARG1,
alan aguerre,1990,ar ARG,GK,Lanús,33.0,True,2024,ARG1,
alan barrionuevo,1997,ar ARG,DF,Deportivo Riestra,27.0,False,2024,ARG1,
alan cantero,1998,ar ARG,MF,Barracas Central,25.0,False,2024,ARG1,
alan lescano,2001,ar ARG,"MF,FW",Arg Juniors,22.0,False,2024,ARG1,
alan rodriguez,2000,py PAR,"DF,MF",Rosario Central,23.0,False,2024,ARG1,
alan sonora,1998,us USA,"MF,FW",Huracán,25.0,False,2024,ARG1,
alan sosa,1996,ar ARG,GK,Tigre,27.0,True,2024,ARG1,
alejandro maciel,1997,ar ARG,DF,Banfield,26.0,False,2024,ARG1,
alejandro martinez,1997,ar ARG,FW,Talleres,26.0,False,2024,ARG1,
alejandro rebola,1988,ar ARG,DF,Belgrano,35.0,False,2024,ARG1,
alejo sarco,2006,ar ARG,"FW,MF",Vélez Sarsfield,18.0,False,2024,ARG1,
alex juarez,2004,ar ARG,"MF,FW",Barracas Central,19.0,False,2024,ARG1,
alex luna,2004,ar ARG,"FW,MF",Independiente,19.0,False,2024,ARG1,
alex vigo,1999,ar ARG,DF,Talleres,24.0,False,2024,ARG1,
alexander diaz,2000,ar ARG,"MF,FW",Deportivo Riestra,24.0,False,2024,ARG1,
alexis canelo,1992,ar ARG,"FW,MF",Independiente,31.0,False,2024,ARG1,
alexis cuello,2000,ar ARG,FW,San Lorenzo,23.0,False,2024,ARG1,
alexis dominguez,1996,ar ARG,"FW,MF",Barracas Central,27.0,False,2024,ARG1,
alexis maldonado,1997,ar ARG,DF,Banfield,26.0,False,2024,ARG1,
alexis manyoma,2003,co COL,"FW,MF",Estudiantes–LP,21.0,False,2024,ARG1,
alexis segovia,2004,ar ARG,"MF,FW",Cen. Córdoba–SdE,19.0,False,2024,ARG1,
alexis soto,1993,ar ARG,DF,Defensa y Just,30.0,False,2024,ARG1,
alvaro dionisio,1998,ar ARG,DF,Ind. Rivadavia,25.0,False,2024,ARG1,
alvaro montoro,2007,ar ARG,"MF,FW",Vélez Sarsfield,16.0,False,2024,ARG1,
andres berizovsky,2004,ar ARG,DF,Defensa y Just,19.0,False,2024,ARG1,
andres roa,1993,co COL,FW,Huracán,30.0,False,2024,ARG1,
andres vombergar,1994,si SVN,"FW,MF",San Lorenzo,29.0,False,2024,ARG1,
angelo marchese,2004,ar ARG,DF,Tigre,19.0,False,2024,ARG1,
angelo martino,1998,ar ARG,DF,Newell's OB,25.0,False,2024,ARG1,
anibal leguizamon,1992,ar ARG,DF,Belgrano,32.0,False,2024,ARG1,
antonio napolitano,1999,ar ARG,"DF,MF",Ind. Rivadavia,24.0,False,2024,ARG1,
antony alonso,1998,ar ARG,FW,Deportivo Riestra,25.0,False,2024,ARG1,
ariel gamarra,2003,py PAR,MF,Arg Juniors,20.0,False,2024,ARG1,
ariel rojas,1986,ar ARG,MF,Belgrano,38.0,False,2024,ARG1,
armando mendez,1996,uy URU,DF,Newell's OB,27.0,False,2024,ARG1,
augusto lotti,1996,it ITA,"FW,MF",Lanús,27.0,False,2024,ARG1,
augusto max,1992,ar ARG,MF,Gimnasia–LP,31.0,False,2024,ARG1,
augusto schott,2000,ar ARG,DF,Newell's OB,24.0,False,2024,ARG1,
augusto solari,1992,ar ARG,"FW,MF",Rosario Central,32.0,False,2024,ARG1,
axel atum,2006,ar ARG,"FW,MF",Estudiantes–LP,18.0,False,2024,ARG1,
axel werner,1996,ar ARG,GK,Rosario Central,27.0,True,2024,ARG1,
ayrton portillo,2000,ar ARG,"MF,DF",Defensa y Just,23.0,False,2024,ARG1,
baltasar rodriguez,2003,ar ARG,"MF,FW",Racing Club,20.0,False,2024,ARG1,
bautista barros schelotto,2000,ar ARG,DF,Platense,24.0,False,2024,ARG1,
bautista kociubinski,2001,ar ARG,"MF,DF",Estudiantes–LP,22.0,False,2024,ARG1,
benjamin bosch,2005,ar ARG,"DF,FW",Vélez Sarsfield,18.0,False,2024,ARG1,
benjamin dominguez,2003,ar ARG,FW,Gimnasia–LP,20.0,False,2024,ARG1,
benjamin schamine,2003,ar ARG,MF,Defensa y Just,20.0,False,2024,ARG1,
bernardo benitez,2002,py PAR,"MF,FW",Tigre,21.0,False,2024,ARG1,
blas armoa,2000,py PAR,"FW,MF",Tigre,23.0,False,2024,ARG1,
blas riveros,1998,py PAR,"DF,FW",Talleres,25.0,False,2024,ARG1,
braian aguirre,2000,ar ARG,DF,Lanús,23.0,False,2024,ARG1,
braian galvan,2000,ar ARG,"FW,MF",Banfield,23.0,False,2024,ARG1,
braian rivero,1996,ar ARG,"MF,FW",Platense,27.0,False,2024,ARG1,
braian romero,1991,ar ARG,FW,Vélez Sarsfield,32.0,False,2024,ARG1,
brandon oviedo,2005,ar ARG,DF,Banfield,19.0,False,2024,ARG1,
brian aguirre,2003,ar ARG,"FW,MF",Boca Juniors,20.0,False,2024,ARG1,
brian alexis leizza,2000,ar ARG,DF,Tigre,23.0,False,2024,ARG1,
brian calderara,1998,ar ARG,DF,Newell's OB,25.0,False,2024,ARG1,
brian cuello,1997,ar ARG,"MF,FW",Instituto,26.0,False,2024,ARG1,
brian luciatti,1993,ar ARG,DF,Lanús,30.0,False,2024,ARG1,
brian salvareschi,1999,ar ARG,DF,Godoy Cruz,24.0,False,2024,ARG1,
brian sanchez,1993,ar ARG,MF,Deportivo Riestra,30.0,False,2024,ARG1,
bruno barticciotto,2001,cl CHI,"FW,MF",Talleres,22.0,False,2024,ARG1,
bruno bianchi,1989,ar ARG,DF,Ind. Rivadavia,34.0,False,2024,ARG1,
bruno cabrera,2003,ar ARG,"FW,MF",Lanús,20.0,False,2024,ARG1,
bruno leyes,2001,ar ARG,MF,Godoy Cruz,22.0,False,2024,ARG1,
bruno pitton,1993,ar ARG,DF,Unión,30.0,False,2024,ARG1,
bruno sepulveda,1992,ar ARG,FW,Banfield,31.0,False,2024,ARG1,
bruno zuculini,1993,ar ARG,MF,Racing Club,30.0,False,2024,ARG1,
bryan cabezas,1997,ec ECU,"FW,DF",Sarmiento,26.0,False,2024,ARG1,
bryan reyna,1998,pe PER,"FW,MF",Belgrano,25.0,False,2024,ARG1,
camilo viganoni,2003,ar ARG,FW,Tigre,20.0,False,2024,ARG1,
carlos arce,1990,ar ARG,MF,Barracas Central,33.0,False,2024,ARG1,
carlos izquierdoz,1988,ar ARG,DF,Lanús,35.0,False,2024,ARG1,
carlos quintana,1988,ar ARG,DF,Rosario Central,35.0,False,2024,ARG1,
carlos sanchez,1986,co COL,DF,Barracas Central,37.0,False,2024,ARG1,
carlos villalba,1998,ar ARG,MF,Platense,25.0,False,2024,ARG1,
cesar ibanez,1999,ar ARG,DF,Huracán,24.0,False,2024,ARG1,
cesar perez,2002,cl CHI,"MF,FW",Defensa y Just,21.0,False,2024,ARG1,
christian ordonez,2004,ar ARG,MF,Vélez Sarsfield,19.0,False,2024,ARG1,
claudio aquino,1991,ar ARG,MF,Vélez Sarsfield,32.0,False,2024,ARG1,
claudio corvalan,1989,ar ARG,DF,Unión,34.0,False,2024,ARG1,
claudio echeverri,2006,ar ARG,"MF,FW",River Plate,18.0,False,2024,ARG1,
claudio valverde,2002,ar ARG,"MF,DF",Godoy Cruz,21.0,False,2024,ARG1,
cristian colman,1994,py PAR,"FW,DF",Gimnasia–LP,29.0,False,2024,ARG1,
cristian ferreira,1999,ar ARG,MF,San Lorenzo,24.0,False,2024,ARG1,
cristian lema,1990,ar ARG,DF,Boca Juniors,33.0,False,2024,ARG1,
cristian medina,2002,ar ARG,MF,Boca Juniors,21.0,False,2024,ARG1,
cristian nunez,1997,py PAR,MF,Banfield,26.0,False,2024,ARG1,
cristian paz,1995,ar ARG,DF,Deportivo Riestra,28.0,False,2024,ARG1,
cristian tarragona,1991,ar ARG,FW,San Lorenzo,32.0,False,2024,ARG1,
cristian torres,1999,ar ARG,"MF,FW",Godoy Cruz,24.0,False,2024,ARG1,
cristian vega,1993,ar ARG,MF,Cen. Córdoba–SdE,30.0,False,2024,ARG1,
cristopher fiermarin,1998,uy URU,GK,Defensa y Just,26.0,True,2024,ARG1,
damian batallini,1996,ar ARG,"MF,DF",Arg Juniors,27.0,False,2024,ARG1,
damian diaz,1986,ec ECU,MF,Banfield,37.0,False,2024,ARG1,
damian fernandez,2001,ar ARG,DF,Vélez Sarsfield,23.0,False,2024,ARG1,
damian martinez,1990,ar ARG,DF,Rosario Central,34.0,False,2024,ARG1,
damian perez,1988,ar ARG,DF,Independiente,35.0,False,2024,ARG1,
damian puebla,2002,ar ARG,"MF,FW",Instituto,21.0,False,2024,ARG1,
daniel barrea,2001,ar ARG,"MF,FW",Godoy Cruz,22.0,False,2024,ARG1,
daniel herrera,2004,ar ARG,"DF,MF",San Lorenzo,19.0,False,2024,ARG1,
daniel juarez,2001,ar ARG,FW,Barracas Central,22.0,False,2024,ARG1,
daniel zabala,2003,ar ARG,DF,River Plate,21.0,False,2024,ARG1,
dante campisi,1996,ar ARG,GK,Unión,27.0,True,2024,ARG1,
dardo miloc,1990,ar ARG,MF,Barracas Central,33.0,False,2024,ARG1,
dario caceres,1998,py PAR,"DF,MF",Defensa y Just,26.0,False,2024,ARG1,
dario sarmiento,2003,ar ARG,"MF,FW",Tigre,20.0,False,2024,ARG1,
david barbona,1995,ar ARG,"MF,FW",Defensa y Just,28.0,False,2024,ARG1,
david gallardo,1997,ar ARG,"MF,DF",Sarmiento,26.0,False,2024,ARG1,
david gonzalez,2003,ar ARG,"MF,FW",Racing Club,20.0,False,2024,ARG1,
david sotelo,2003,ar ARG,MF,Newell's OB,20.0,False,2024,ARG1,
david zalazar,2002,ar ARG,"FW,MF",Gimnasia–LP,21.0,False,2024,ARG1,
dayro pena,0,0,"FW,MF",Tigre,0.0,False,2024,ARG1,
delfor minervino,1996,ar ARG,DF,Deportivo Riestra,27.0,False,2024,ARG1,
diego azcurra,1998,ar ARG,"FW,MF",Sarmiento,25.0,False,2024,ARG1,
diego calcaterra,2001,ar ARG,MF,Sarmiento,22.0,False,2024,ARG1,
diego herazo,1996,co COL,"FW,MF",San Lorenzo,27.0,False,2024,ARG1,
diego matias rodriguez,1989,ar ARG,GK,Arg Juniors,34.0,True,2024,ARG1,
diego ortegoza,1997,cl CHI,MF,Talleres,26.0,False,2024,ARG1,
diego pavia,2005,ar ARG,DF,Barracas Central,18.0,False,2024,ARG1,
diego tarzia,2003,ar ARG,"FW,MF",Independiente,20.0,False,2024,ARG1,
diego tonetto,1988,ar ARG,MF,Ind. Rivadavia,35.0,False,2024,ARG1,
dylan aquino,2005,ar ARG,"FW,MF",Lanús,18.0,False,2024,ARG1,
dylan gorosito,2006,ar ARG,DF,Boca Juniors,17.0,False,2024,ARG1,
edinson cavani,1987,uy URU,FW,Boca Juniors,36.0,False,2024,ARG1,
eduardo salvio,1990,ar ARG,"FW,MF",Lanús,33.0,False,2024,ARG1,
edwuin cetre,1998,co COL,"FW,MF",Estudiantes–LP,26.0,False,2024,ARG1,
elian irala,2004,ar ARG,MF,San Lorenzo,19.0,False,2024,ARG1,
elias baez,2004,ar ARG,DF,San Lorenzo,19.0,False,2024,ARG1,
elias cabrera,2003,ar ARG,"MF,FW",Cen. Córdoba–SdE,20.0,False,2024,ARG1,
elias gomez,1994,ar ARG,DF,Vélez Sarsfield,29.0,False,2024,ARG1,
elias lopez,2000,ar ARG,DF,Sarmiento,23.0,False,2024,ARG1,
elias ocampo,2004,ar ARG,"DF,FW",Rosario Central,19.0,False,2024,ARG1,
elias pereyra,1999,ar ARG,DF,Godoy Cruz,24.0,False,2024,ARG1,
emanuel aguilera,1989,ar ARG,DF,Defensa y Just,34.0,False,2024,ARG1,
emanuel coronel,1997,ar ARG,DF,Rosario Central,26.0,False,2024,ARG1,
emanuel dall'aglio,2005,ar ARG,DF,Estudiantes–LP,18.0,False,2024,ARG1,
emanuel insua,1991,ar ARG,DF,Banfield,32.0,False,2024,ARG1,
emanuel mammana,1996,ar ARG,DF,Vélez Sarsfield,27.0,False,2024,ARG1,
emanuel rojas,2005,ar ARG,MF,Banfield,18.0,False,2024,ARG1,
emiliano giannunzio,1982,ar ARG,MF,Unión,42.0,False,2024,ARG1,
emiliano mendez,1989,ar ARG,MF,Sarmiento,34.0,False,2024,ARG1,
emiliano saliadarre,2002,ar ARG,FW,Ind. Rivadavia,21.0,False,2024,ARG1,
emiliano viveros,2002,ar ARG,"MF,FW",Arg Juniors,21.0,False,2024,ARG1,
enrique bologna,1982,ar ARG,GK,Defensa y Just,41.0,True,2024,ARG1,
enzo briones,2004,ar ARG,MF,Godoy Cruz,19.0,False,2024,ARG1,
enzo copetti,1996,ar ARG,"FW,MF",Rosario Central,28.0,False,2024,ARG1,
enzo diaz,1995,ar ARG,DF,River Plate,28.0,False,2024,ARG1,
enzo martin roldan,2000,ar ARG,MF,Unión,23.0,False,2024,ARG1,
enzo martinez,1998,uy URU,DF,Gimnasia–LP,25.0,False,2024,ARG1,
enzo perez,1986,ar ARG,MF,Estudiantes–LP,37.0,False,2024,ARG1,
eric meza,1999,ar ARG,DF,Estudiantes–LP,24.0,False,2024,ARG1,
eric ramirez,1998,ve VEN,"FW,DF",Tigre,25.0,False,2024,ARG1,
eric remedi,1995,ar ARG,MF,San Lorenzo,28.0,False,2024,ARG1,
erik godoy,1993,ar ARG,DF,Arg Juniors,30.0,False,2024,ARG1,
eros mancuso,1999,ar ARG,DF,Estudiantes–LP,24.0,False,2024,ARG1,
esequiel barco,1999,ar ARG,MF,River Plate,24.0,False,2024,ARG1,
esteban burgos,1992,ar ARG,DF,Ind. Rivadavia,32.0,False,2024,ARG1,
esteban fernandez,2002,ar ARG,MF,Newell's OB,22.0,False,2024,ARG1,
esteban lucero,2005,ar ARG,DF,Defensa y Just,18.0,False,2024,ARG1,
esteban rolon,1995,ar ARG,MF,Belgrano,28.0,False,2024,ARG1,
ever banega,1988,ar ARG,"MF,FW",Newell's OB,35.0,False,2024,ARG1,
exequiel zeballos,2002,ar ARG,"MF,FW",Boca Juniors,21.0,False,2024,ARG1,
ezequiel bonifacio,1994,ar ARG,DF,Banfield,29.0,False,2024,ARG1,
ezequiel canete,1999,ar ARG,MF,Banfield,24.0,False,2024,ARG1,
ezequiel cannavo,2002,ar ARG,DF,Defensa y Just,21.0,False,2024,ARG1,
ezequiel centurion,1997,ar ARG,GK,Ind. Rivadavia,26.0,True,2024,ARG1,
ezequiel cerutti,1992,ar ARG,FW,San Lorenzo,32.0,False,2024,ARG1,
ezequiel fernandez,2002,ar ARG,MF,Boca Juniors,21.0,False,2024,ARG1,
ezequiel forclaz,2003,ar ARG,"MF,FW",Tigre,20.0,False,2024,ARG1,
ezequiel ham,1994,sy SYR,MF,Ind. Rivadavia,29.0,False,2024,ARG1,
ezequiel munoz,1990,ar ARG,DF,Lanús,33.0,False,2024,ARG1,
ezequiel naya,2001,ar ARG,DF,Estudiantes–LP,22.0,False,2024,ARG1,
fabio alvarez,1993,ar ARG,"MF,FW",Lanús,31.0,False,2024,ARG1,
fabio pereyra,1990,ar ARG,DF,Huracán,34.0,False,2024,ARG1,
fabricio bustos,1996,ar ARG,DF,River Plate,27.0,False,2024,ARG1,
fabricio corbalan,2003,ar ARG,DF,Gimnasia–LP,20.0,False,2024,ARG1,
fabricio iacovich,2002,ar ARG,GK,Estudiantes–LP,22.0,True,2024,ARG1,
fabricio lopez,2002,ar ARG,DF,San Lorenzo,21.0,False,2024,ARG1,
fabricio oviedo,2004,ar ARG,FW,Rosario Central,19.0,False,2024,ARG1,
fabricio perez,2005,ar ARG,"MF,FW",Estudiantes–LP,18.0,False,2024,ARG1,
fabricio tirado,2004,ar ARG,MF,Newell's OB,19.0,False,2024,ARG1,
fabrizio sartori,2002,ar ARG,"FW,MF",Ind. Rivadavia,21.0,False,2024,ARG1,
facundo altamira,0,0,"MF,FW",Godoy Cruz,0.0,False,2024,ARG1,
facundo altamirano,1996,ar ARG,GK,San Lorenzo,27.0,True,2024,ARG1,
facundo ardiles,1998,ar ARG,"DF,FW",Godoy Cruz,25.0,False,2024,ARG1,
facundo baez,2004,ar ARG,"FW,DF",Arg Juniors,19.0,False,2024,ARG1,
facundo bruera,1998,ar ARG,FW,Barracas Central,25.0,False,2024,ARG1,
facundo butti,2000,ar ARG,DF,Godoy Cruz,23.0,False,2024,ARG1,
facundo cambeses,1997,ar ARG,GK,Racing Club,26.0,True,2024,ARG1,
facundo colidio,2000,ar ARG,FW,River Plate,24.0,False,2024,ARG1,
facundo echevarria,2002,ar ARG,"FW,MF",Defensa y Just,21.0,False,2024,ARG1,
facundo ferreyra,1991,ar ARG,FW,Tigre,32.0,False,2024,ARG1,
facundo kruger,2000,ar ARG,FW,Barracas Central,23.0,False,2024,ARG1,
facundo lencioni,2001,ar ARG,"DF,MF",Belgrano,22.0,False,2024,ARG1,
facundo mallo,1995,uy URU,DF,Rosario Central,29.0,False,2024,ARG1,
facundo mater,1998,sy SYR,"DF,MF",Barracas Central,25.0,False,2024,ARG1,
facundo mura,1999,ar ARG,"DF,MF",Racing Club,24.0,False,2024,ARG1,
facundo quignon,1993,ar ARG,MF,Belgrano,30.0,False,2024,ARG1,
facundo rodriguez,2000,ar ARG,DF,Estudiantes–LP,23.0,False,2024,ARG1,
facundo roncaglia,1987,ar ARG,DF,Sarmiento,36.0,False,2024,ARG1,
facundo russo,2000,ar ARG,MF,Platense,23.0,False,2024,ARG1,
facundo sanguinetti,2001,ar ARG,GK,Banfield,22.0,True,2024,ARG1,
facundo suarez,1994,ar ARG,FW,Instituto,29.0,False,2024,ARG1,
favio cabral,2001,ar ARG,FW,Cen. Córdoba–SdE,22.0,False,2024,ARG1,
federico aguirre,2002,ar ARG,FW,Barracas Central,21.0,False,2024,ARG1,
federico andueza,1997,uy URU,DF,Cen. Córdoba–SdE,26.0,False,2024,ARG1,
federico fattori,1992,ar ARG,MF,Huracán,31.0,False,2024,ARG1,
federico fernandez,1989,ar ARG,DF,Estudiantes–LP,34.0,False,2024,ARG1,
federico gattoni,1999,ar ARG,DF,River Plate,24.0,False,2024,ARG1,
federico girotti,1999,ar ARG,FW,Talleres,24.0,False,2024,ARG1,
federico mancuello,1989,ar ARG,"MF,FW",Independiente,34.0,False,2024,ARG1,
federico medina,2004,ar ARG,FW,Banfield,19.0,False,2024,ARG1,
federico milo,1992,ar ARG,DF,Ind. Rivadavia,32.0,False,2024,ARG1,
federico paradela,1999,ar ARG,MF,Sarmiento,24.0,False,2024,ARG1,
federico rasmussen,1992,ar ARG,DF,Godoy Cruz,31.0,False,2024,ARG1,
federico vera,1998,ar ARG,DF,Independiente,25.0,False,2024,ARG1,
felipe aguilar,1993,co COL,DF,Independiente,31.0,False,2024,ARG1,
felipe loyola,2000,cl CHI,"MF,DF",Independiente,23.0,False,2024,ARG1,
felipe pena,2001,ar ARG,MF,Lanús,22.0,False,2024,ARG1,
felipe sanchez,2004,ar ARG,"DF,FW",Gimnasia–LP,19.0,False,2024,ARG1,
felipe zenobio,2000,ar ARG,GK,Tigre,23.0,True,2024,ARG1,
fernando alarcon,1994,ar ARG,DF,Instituto,29.0,False,2024,ARG1,
fernando benitez,2000,ar ARG,"FW,MF",Cen. Córdoba–SdE,23.0,False,2024,ARG1,
fernando david cardozo,2001,py PAR,"FW,MF",Newell's OB,22.0,False,2024,ARG1,
fernando godoy,1990,ar ARG,MF,Sarmiento,33.0,False,2024,ARG1,
fernando juarez,1998,ar ARG,MF,Platense,25.0,False,2024,ARG1,
fernando martinez,2000,ar ARG,"DF,FW",Cen. Córdoba–SdE,23.0,False,2024,ARG1,
fernando meza,1990,ar ARG,DF,Arg Juniors,33.0,False,2024,ARG1,
fernando romero,2000,py PAR,FW,Ind. Rivadavia,23.0,False,2024,ARG1,
fernando tobio,1989,ar ARG,DF,Huracán,34.0,False,2024,ARG1,
fernando zuqui,1991,ar ARG,MF,Estudiantes–LP,32.0,False,2024,ARG1,
flabian londono,2000,co COL,FW,Tigre,23.0,False,2024,ARG1,
florian monzon,2001,ar ARG,"FW,MF",Tigre,23.0,False,2024,ARG1,
francesco lo celso,2000,ar ARG,"FW,MF",Rosario Central,23.0,False,2024,ARG1,
francis mac allister,1995,ar ARG,MF,Arg Juniors,28.0,False,2024,ARG1,
francisco alvarez,2000,ar ARG,DF,Arg Juniors,23.0,False,2024,ARG1,
francisco bonfiglio,2002,es ESP,"FW,MF",Atlé Tucumán,22.0,False,2024,ARG1,
francisco facello,2003,ar ARG,DF,Belgrano,21.0,False,2024,ARG1,
francisco flores,2002,ar ARG,DF,Atlé Tucumán,22.0,False,2024,ARG1,
francisco fydriszewski,1993,ar ARG,FW,San Lorenzo,30.0,False,2024,ARG1,
francisco gerometta,1999,ar ARG,DF,Unión,24.0,False,2024,ARG1,
francisco gonzalez,1997,ar ARG,MF,Belgrano,26.0,False,2024,ARG1,
francisco marco,2003,ar ARG,DF,Defensa y Just,20.0,False,2024,ARG1,
francisco montoro,2004,ar ARG,FW,Vélez Sarsfield,19.0,False,2024,ARG1,
francisco perruzzi,2001,ar ARG,"MF,FW",San Lorenzo,22.0,False,2024,ARG1,
francisco petrasso,2002,ar ARG,DF,Ind. Rivadavia,21.0,False,2024,ARG1,
francisco pizzini,1993,ar ARG,FW,Vélez Sarsfield,30.0,False,2024,ARG1,
franco alfonso,2002,ar ARG,"FW,MF",Huracán,21.0,False,2024,ARG1,
franco aragon,1994,ar ARG,MF,Cen. Córdoba–SdE,29.0,False,2024,ARG1,
franco armani,1986,ar ARG,GK,River Plate,37.0,True,2024,ARG1,
franco baldassarra,1998,ar ARG,"MF,FW",Platense,25.0,False,2024,ARG1,
franco diaz,2000,ar ARG,MF,Newell's OB,23.0,False,2024,ARG1,
franco ibarra,2001,ar ARG,MF,Rosario Central,22.0,False,2024,ARG1,
franco jara,1988,ar ARG,FW,Belgrano,35.0,False,2024,ARG1,
franco mastantuono,2007,ar ARG,"MF,FW",River Plate,16.0,False,2024,ARG1,
franco minerva,2006,ar ARG,"MF,FW",Platense,17.0,False,2024,ARG1,
franco moyano,1997,ar ARG,MF,Talleres,26.0,False,2024,ARG1,
franco nicola,2002,uy URU,"MF,FW",Atlé Tucumán,21.0,False,2024,ARG1,
franco pardo,1997,ar ARG,DF,Unión,26.0,False,2024,ARG1,
franco paredes,1999,ar ARG,DF,Sarmiento,24.0,False,2024,ARG1,
franco petroli,1998,ar ARG,GK,Godoy Cruz,25.0,True,2024,ARG1,
franco rami,2003,ar ARG,MF,Belgrano,20.0,False,2024,ARG1,
franco romero,2000,ar ARG,MF,Ind. Rivadavia,23.0,False,2024,ARG1,
franco troyansky,1997,ar ARG,"FW,MF",Gimnasia–LP,26.0,False,2024,ARG1,
franco watson,2000,ar ARG,"MF,FW",Huracán,24.0,False,2024,ARG1,
franco zapiola,2001,ar ARG,MF,Platense,22.0,False,2024,ARG1,
frank fabra,1991,co COL,"DF,MF",Boca Juniors,32.0,False,2024,ARG1,
gabriel alanis,1994,ar ARG,"FW,MF",Defensa y Just,29.0,False,2024,ARG1,
gabriel aranda,2001,ar ARG,DF,Banfield,22.0,False,2024,ARG1,
gabriel arias,1987,cl CHI,GK,Racing Club,36.0,True,2024,ARG1,
gabriel avalos,1990,py PAR,FW,Independiente,33.0,False,2024,ARG1,
gabriel carabajal,1991,ar ARG,"MF,FW",Newell's OB,32.0,False,2024,ARG1,
gabriel compagnucci,1991,ar ARG,"DF,MF",Belgrano,32.0,False,2024,ARG1,
gabriel diaz,2000,ar ARG,DF,Sarmiento,23.0,False,2024,ARG1,
gabriel gudino,1992,ar ARG,"MF,FW",Sarmiento,31.0,False,2024,ARG1,
gabriel hachen,1990,ar ARG,"MF,FW",Platense,33.0,False,2024,ARG1,
gabriel hauche,1986,ar ARG,"MF,FW",Sarmiento,37.0,False,2024,ARG1,
gabriel neves,1997,uy URU,"MF,FW",Independiente,26.0,False,2024,ARG1,
gabriel rojas,1997,ar ARG,"DF,MF",Racing Club,26.0,False,2024,ARG1,
galvan vittar,2004,ar ARG,FW,Cen. Córdoba–SdE,19.0,False,2024,ARG1,
gary medel,1987,cl CHI,"DF,MF",Boca Juniors,36.0,False,2024,ARG1,
gaspar duarte,2003,ar ARG,"FW,MF",Rosario Central,21.0,False,2024,ARG1,
gaston benavidez,1995,ar ARG,DF,Talleres,28.0,False,2024,ARG1,
gaston benedetti,2001,ar ARG,DF,Estudiantes–LP,22.0,False,2024,ARG1,
gaston campi,1991,ar ARG,DF,San Lorenzo,32.0,False,2024,ARG1,
gaston emanuel moreyra,1999,ar ARG,MF,Godoy Cruz,24.0,False,2024,ARG1,
gaston gil romero,1993,ar ARG,MF,Ind. Rivadavia,30.0,False,2024,ARG1,
gaston gomez,1996,ar ARG,GK,San Lorenzo,27.0,True,2024,ARG1,
gaston lodico,1998,ar ARG,MF,Instituto,25.0,False,2024,ARG1,
gaston martirena,2000,uy URU,"DF,MF",Racing Club,24.0,False,2024,ARG1,
gaston sauro,1990,ar ARG,DF,Sarmiento,33.0,False,2024,ARG1,
gaston suso,1991,ar ARG,DF,Platense,32.0,False,2024,ARG1,
gaston veron,2001,ar ARG,"FW,MF",Arg Juniors,22.0,False,2024,ARG1,
german conti,1994,ar ARG,"DF,MF",Racing Club,29.0,False,2024,ARG1,
german pezzella,1991,ar ARG,DF,River Plate,32.0,False,2024,ARG1,
geronimo heredia,2005,ar ARG,"MF,DF",Belgrano,18.0,False,2024,ARG1,
geronimo montivero,2005,ar ARG,DF,Godoy Cruz,18.0,False,2024,ARG1,
geronimo rivera,2003,ar ARG,"FW,MF",Banfield,20.0,False,2024,ARG1,
gian nardelli,2000,ar ARG,DF,Tigre,23.0,False,2024,ARG1,
gianluca ferrari,1997,ar ARG,DF,Atlé Tucumán,26.0,False,2024,ARG1,
gino peruzzi,1992,ar ARG,DF,Atlé Tucumán,31.0,False,2024,ARG1,
giovani chiaverano,2005,ar ARG,"FW,MF",Newell's OB,18.0,False,2024,ARG1,
giovanni bogado,2001,py PAR,FW,Rosario Central,22.0,False,2024,ARG1,
giuliano cerato,1998,ar ARG,DF,Instituto,25.0,False,2024,ARG1,
gonzalo abrego,2000,ar ARG,MF,Godoy Cruz,24.0,False,2024,ARG1,
gonzalo alvez,2003,ar ARG,"FW,MF",Ind. Rivadavia,20.0,False,2024,ARG1,
gonzalo bravo,1990,ar ARG,"MF,FW",Deportivo Riestra,33.0,False,2024,ARG1,
gonzalo goni,1998,ar ARG,DF,Barracas Central,25.0,False,2024,ARG1,
gonzalo lujan,2001,ar ARG,DF,San Lorenzo,22.0,False,2024,ARG1,
gonzalo marinelli,1989,ar ARG,GK,Ind. Rivadavia,34.0,True,2024,ARG1,
gonzalo maroni,1999,ar ARG,"MF,FW",Tigre,24.0,False,2024,ARG1,
gonzalo morales,2003,ar ARG,"FW,DF",Unión,20.0,False,2024,ARG1,
gonzalo nicolas martinez,1993,ar ARG,"MF,FW",River Plate,30.0,False,2024,ARG1,
gonzalo perez,2001,uy URU,"MF,DF",Lanús,23.0,False,2024,ARG1,
gonzalo requena,2003,ar ARG,DF,Instituto,20.0,False,2024,ARG1,
gonzalo rios,1999,ar ARG,"MF,FW",Ind. Rivadavia,25.0,False,2024,ARG1,
gonzalo trindade,2004,ar ARG,DF,Cen. Córdoba–SdE,19.0,False,2024,ARG1,
gregorio rodriguez,2000,ar ARG,"FW,MF",Instituto,24.0,False,2024,ARG1,
guido carrillo,1991,ar ARG,FW,Estudiantes–LP,32.0,False,2024,ARG1,
guido herrera,1992,ar ARG,GK,Talleres,31.0,True,2024,ARG1,
guido mainero,1995,ar ARG,"FW,MF",Platense,28.0,False,2024,ARG1,
guillermo acosta,1988,ar ARG,MF,Atlé Tucumán,35.0,False,2024,ARG1,
guillermo balzi,2001,ar ARG,MF,Newell's OB,22.0,False,2024,ARG1,
guillermo benitez,1993,ar ARG,DF,Huracán,30.0,False,2024,ARG1,
guillermo burdisso,1988,ar ARG,DF,Huracán,35.0,False,2024,ARG1,
guillermo enrique,2000,ar ARG,DF,Banfield,23.0,False,2024,ARG1,
guillermo matias fernandez,1991,ar ARG,MF,Boca Juniors,32.0,False,2024,ARG1,
guillermo may,1998,uy URU,FW,Newell's OB,25.0,False,2024,ARG1,
guillermo pereira,1994,ar ARG,MF,Deportivo Riestra,30.0,False,2024,ARG1,
gustavo albarracin,2006,ar ARG,MF,Talleres,17.0,False,2024,ARG1,
gustavo benitez,1986,ar ARG,DF,Deportivo Riestra,37.0,False,2024,ARG1,
gustavo bou,1990,ar ARG,FW,Talleres,33.0,False,2024,ARG1,
gustavo canto,1994,ar ARG,DF,Gimnasia–LP,29.0,False,2024,ARG1,
gustavo fernandez,1990,ar ARG,FW,Deportivo Riestra,33.0,False,2024,ARG1,
gustavo velasquez,1991,py PAR,DF,Newell's OB,32.0,False,2024,ARG1,
hector david martinez,1998,py PAR,DF,River Plate,26.0,False,2024,ARG1,
hector fertoli,1994,ar ARG,"MF,FW",Huracán,29.0,False,2024,ARG1,
hernan de la fuente,1997,ar ARG,DF,Huracán,27.0,False,2024,ARG1,
hernan galindez,1987,ec ECU,GK,Huracán,36.0,True,2024,ARG1,
ian glavinovich,2001,ar ARG,DF,Newell's OB,22.0,False,2024,ARG1,
ian subiabre,2007,ar ARG,MF,River Plate,17.0,False,2024,ARG1,
ignacio arce,1992,ar ARG,GK,Deportivo Riestra,31.0,True,2024,ARG1,
ignacio chicco,1996,ar ARG,GK,Belgrano,27.0,True,2024,ARG1,
ignacio fernandez,1990,ar ARG,"MF,FW",River Plate,34.0,False,2024,ARG1,
ignacio galvan,2002,ar ARG,DF,Racing Club,21.0,False,2024,ARG1,
ignacio maestro puch,2003,ar ARG,FW,Independiente,20.0,False,2024,ARG1,
ignacio miramon,2003,ar ARG,MF,Boca Juniors,20.0,False,2024,ARG1,
ignacio pussetto,1995,ar ARG,FW,Huracán,28.0,False,2024,ARG1,
ignacio rodriguez,2002,ar ARG,"MF,FW",Banfield,21.0,False,2024,ARG1,
ignacio russo,2000,ar ARG,FW,Instituto,23.0,False,2024,ARG1,
ignacio schor,2000,ar ARG,"FW,MF",Platense,23.0,False,2024,ARG1,
ignacio tapia,2004,ar ARG,MF,Belgrano,19.0,False,2024,ARG1,
ignacio vazquez,1997,ar ARG,DF,Platense,26.0,False,2024,ARG1,
iker muniain,1992,es ESP,"MF,FW",San Lorenzo,31.0,False,2024,ARG1,
iker zufiaurre,2005,ar ARG,MF,Boca Juniors,18.0,False,2024,ARG1,
imanol segovia,2001,ar ARG,DF,Ind. Rivadavia,22.0,False,2024,ARG1,
ivan buhajeruk,2000,ar ARG,FW,Deportivo Riestra,23.0,False,2024,ARG1,
ivan gomez,1997,ar ARG,"MF,FW",Platense,26.0,False,2024,ARG1,
ivan leguizamon,2002,py PAR,"FW,MF",San Lorenzo,21.0,False,2024,ARG1,
ivan marcone,1990,ar ARG,MF,Independiente,33.0,False,2024,ARG1,
ivan morales bravo,1999,cl CHI,FW,Sarmiento,24.0,False,2024,ARG1,
ivan pillud,1986,ar ARG,DF,Racing Club,37.0,False,2024,ARG1,
ivan tapia,1998,ar ARG,"MF,FW",Barracas Central,25.0,False,2024,ARG1,
ivan villalba,1995,py PAR,DF,Ind. Rivadavia,29.0,False,2024,ARG1,
jabes saralegui,2003,ar ARG,"MF,DF",Boca Juniors,21.0,False,2024,ARG1,
jalil elias,1996,sy SYR,MF,Vélez Sarsfield,27.0,False,2024,ARG1,
jaminton campaz,2000,co COL,"FW,MF",Rosario Central,23.0,False,2024,ARG1,
javier marcelo correa,1992,ar ARG,FW,Estudiantes–LP,31.0,False,2024,ARG1,
javier ruiz,2004,ar ARG,"MF,FW",Barracas Central,19.0,False,2024,ARG1,
javier urzua,1999,cl CHI,"MF,FW",Estudiantes–LP,24.0,False,2024,ARG1,
jeremias gallard,2004,ar ARG,FW,Talleres,19.0,False,2024,ARG1,
jeremias james,2001,ar ARG,DF,Deportivo Riestra,23.0,False,2024,ARG1,
jeremias lazaro,2004,ar ARG,"MF,FW",Instituto,19.0,False,2024,ARG1,
jeremias ledesma,1993,ar ARG,GK,River Plate,30.0,True,2024,ARG1,
jeremias lucco,2005,ar ARG,"FW,MF",Belgrano,18.0,False,2024,ARG1,
jeremias merlo,0,0,"FW,MF",Gimnasia–LP,0.0,False,2024,ARG1,
jeremias perez tica,2003,ar ARG,"FW,DF",Newell's OB,20.0,False,2024,ARG1,
jeronimo cacciabue,1998,ar ARG,MF,Newell's OB,26.0,False,2024,ARG1,
jeronimo domina,2005,ar ARG,"FW,MF",Unión,18.0,False,2024,ARG1,
jeronimo pourtau,2000,ar ARG,GK,Sarmiento,24.0,True,2024,ARG1,
jesus soraire,1988,ar ARG,MF,Banfield,35.0,False,2024,ARG1,
jhohan romana,1998,co COL,DF,San Lorenzo,25.0,False,2024,ARG1,
jhonatan candia,1995,uy URU,"FW,MF",Barracas Central,28.0,False,2024,ARG1,
jhonny quinonez,1998,ec ECU,MF,Independiente,25.0,False,2024,ARG1,
joaquin borja,2002,ar ARG,MF,Deportivo Riestra,22.0,False,2024,ARG1,
joaquin burgos,2004,ar ARG,FW,Estudiantes–LP,19.0,False,2024,ARG1,
joaquin garcia,2001,ar ARG,DF,Vélez Sarsfield,22.0,False,2024,ARG1,
joaquin gho,2003,ar ARG,"FW,MF",Sarmiento,20.0,False,2024,ARG1,
joaquin laso,1990,ar ARG,DF,Independiente,33.0,False,2024,ARG1,
joaquin mosqueira,2004,ar ARG,MF,Unión,19.0,False,2024,ARG1,
joaquin pereyra,1998,ar ARG,MF,Atlé Tucumán,25.0,False,2024,ARG1,
joaquin ruiz,2006,ar ARG,FW,Boca Juniors,17.0,False,2024,ARG1,
joel sonora,1996,us USA,DF,Ind. Rivadavia,27.0,False,2024,ARG1,
johan carbonero,1999,co COL,"FW,MF",Racing Club,24.0,False,2024,ARG1,
jonas acevedo,1997,ar ARG,"MF,FW",Instituto,26.0,False,2024,ARG1,
jonatan goitia,1994,ar ARG,"MF,DF",Deportivo Riestra,29.0,False,2024,ARG1,
jonathan bay,1993,ar ARG,DF,Instituto,30.0,False,2024,ARG1,
jonathan david gomez,1989,ar ARG,"MF,FW",Rosario Central,34.0,False,2024,ARG1,
jonathan de irastorza,2005,ar ARG,DF,Independiente,18.0,False,2024,ARG1,
jonathan galvan,1992,ar ARG,DF,Arg Juniors,31.0,False,2024,ARG1,
jonathan goya,1989,ar ARG,MF,Deportivo Riestra,34.0,False,2024,ARG1,
jonathan herrera,1991,ar ARG,FW,Deportivo Riestra,32.0,False,2024,ARG1,
jonathan torres,1996,ar ARG,"FW,MF",Lanús,27.0,False,2024,ARG1,
jorge broun,1986,ar ARG,GK,Rosario Central,37.0,True,2024,ARG1,
jorge figal,1994,ar ARG,DF,Boca Juniors,29.0,False,2024,ARG1,
jorge sanguina,1999,py PAR,FW,Ind. Rivadavia,24.0,False,2024,ARG1,
jorman campuzano,1996,co COL,DF,Boca Juniors,27.0,False,2024,ARG1,
jose dominguez,1996,py PAR,DF,Lanús,27.0,False,2024,ARG1,
jose florentin,1996,py PAR,MF,Cen. Córdoba–SdE,27.0,False,2024,ARG1,
jose gomez,2000,ar ARG,DF,Cen. Córdoba–SdE,23.0,False,2024,ARG1,
jose herrera,2003,ar ARG,"FW,MF",Arg Juniors,20.0,False,2024,ARG1,
jose mauri,1996,it ITA,MF,Sarmiento,27.0,False,2024,ARG1,
jose mendez,1993,ar ARG,"FW,MF",Deportivo Riestra,30.0,False,2024,ARG1,
jose sosa,1985,ar ARG,"FW,MF",Estudiantes–LP,38.0,False,2024,ARG1,
josue reinatti,2003,ar ARG,GK,Newell's OB,20.0,True,2024,ARG1,
juan alvarez,1996,ar ARG,"FW,DF",Banfield,27.0,False,2024,ARG1,
juan andrada,1995,ar ARG,MF,Sarmiento,29.0,False,2024,ARG1,
juan barinaga,2000,ar ARG,"DF,MF",Belgrano,23.0,False,2024,ARG1,
juan bautista cejas,1998,ar ARG,"FW,MF",Godoy Cruz,25.0,False,2024,ARG1,
juan bisanz,2001,ar ARG,"FW,MF",Banfield,22.0,False,2024,ARG1,
juan caceres,2000,py PAR,DF,Lanús,23.0,False,2024,ARG1,
juan camilo portilla,1998,co COL,MF,Talleres,25.0,False,2024,ARG1,
juan cardozo,2004,py PAR,MF,Arg Juniors,19.0,False,2024,ARG1,
juan cavallaro,1994,ar ARG,"FW,MF",Ind. Rivadavia,29.0,False,2024,ARG1,
juan cortazzo,2005,ar ARG,DF,Gimnasia–LP,18.0,False,2024,ARG1,
juan cozzani,1998,ar ARG,GK,Platense,25.0,True,2024,ARG1,
juan cruz komar,1996,ar ARG,DF,Rosario Central,27.0,False,2024,ARG1,
juan espinola,1994,py PAR,GK,Belgrano,29.0,True,2024,ARG1,
juan esquivel,2000,ar ARG,FW,Tigre,23.0,False,2024,ARG1,
juan fedorco,2000,ar ARG,DF,Independiente,23.0,False,2024,ARG1,
juan franco arrellaga,1992,py PAR,DF,Instituto,31.0,False,2024,ARG1,
juan gimenez,2006,ar ARG,DF,Rosario Central,17.0,False,2024,ARG1,
juan guasone,2001,it ITA,DF,Sarmiento,22.0,False,2024,ARG1,
juan hernandez,1997,uy URU,DF,Sarmiento,26.0,False,2024,ARG1,
juan ignacio mendez,1997,ar ARG,MF,Newell's OB,26.0,False,2024,ARG1,
juan ignacio ramirez,1997,uy URU,FW,Newell's OB,26.0,False,2024,ARG1,
juan infante,1996,ar ARG,DF,Atlé Tucumán,28.0,False,2024,ARG1,
juan iribarren,2003,ar ARG,DF,Banfield,21.0,False,2024,ARG1,
juan luduena,2003,ar ARG,DF,Unión,20.0,False,2024,ARG1,
juan manuel elordi,1994,ar ARG,"DF,MF",Racing Club,29.0,False,2024,ARG1,
juan manuel garcia,1992,ar ARG,FW,Newell's OB,31.0,False,2024,ARG1,
juan manuel insaurralde,1984,ar ARG,DF,Sarmiento,39.0,False,2024,ARG1,
juan meli,2000,ar ARG,"DF,MF",Cen. Córdoba–SdE,23.0,False,2024,ARG1,
juan miritello,1999,ar ARG,FW,Defensa y Just,24.0,False,2024,ARG1,
juan moran,2006,ar ARG,DF,Godoy Cruz,17.0,False,2024,ARG1,
juan nardoni,2002,ar ARG,MF,Racing Club,21.0,False,2024,ARG1,
juan pablo goicochea,2005,pe PER,FW,Platense,19.0,False,2024,ARG1,
juan perez,2004,co COL,MF,Godoy Cruz,19.0,False,2024,ARG1,
juan pignani,2001,ar ARG,DF,Platense,22.0,False,2024,ARG1,
juan pintado,1994,uy URU,"DF,MF",Gimnasia–LP,29.0,False,2024,ARG1,
juan portillo,2000,ar ARG,"DF,MF",Talleres,23.0,False,2024,ARG1,
juan quintana,2000,uy URU,"DF,MF",Banfield,24.0,False,2024,ARG1,
juan quintero,1993,co COL,"MF,FW",Racing Club,31.0,False,2024,ARG1,
juan rodriguez,1994,ar ARG,DF,Talleres,29.0,False,2024,ARG1,
juan saborido,1998,ar ARG,DF,Platense,25.0,False,2024,ARG1,
juan velazquez,2004,ar ARG,"DF,MF",Belgrano,19.0,False,2024,ARG1,
julian ceballos,2004,ar ARG,MF,Boca Juniors,19.0,False,2024,ARG1,
julian eseiza,2002,ar ARG,FW,Godoy Cruz,21.0,False,2024,ARG1,
julian fernandez,1995,ar ARG,MF,Newell's OB,28.0,False,2024,ARG1,
julian lopez,2000,ar ARG,MF,Defensa y Just,24.0,False,2024,ARG1,
julio soler,2005,ar ARG,DF,Lanús,18.0,False,2024,ARG1,
justo giani,1999,ar ARG,"MF,FW",Atlé Tucumán,24.0,False,2024,ARG1,
kevin coronel,2004,ar ARG,DF,Arg Juniors,19.0,False,2024,ARG1,
kevin facundo gutierrez,1997,ar ARG,MF,Defensa y Just,26.0,False,2024,ARG1,
kevin lomonaco,2002,ar ARG,DF,Tigre,22.0,False,2024,ARG1,
kevin lopez,2001,ar ARG,"MF,FW",Defensa y Just,22.0,False,2024,ARG1,
kevin mantilla,2003,co COL,DF,Talleres,20.0,False,2024,ARG1,
kevin ortiz,2000,ar ARG,MF,Rosario Central,23.0,False,2024,ARG1,
kevin silva,2003,ar ARG,DF,Rosario Central,20.0,False,2024,ARG1,
kevin vazquez,2001,ar ARG,MF,Cen. Córdoba–SdE,22.0,False,2024,ARG1,
kevin zenon,2001,ar ARG,"MF,FW",Boca Juniors,22.0,False,2024,ARG1,
laurtaro giaccone,2001,ar ARG,"FW,MF",Rosario Central,22.0,False,2024,ARG1,
lautaro acosta,1988,ar ARG,"MF,FW",Lanús,35.0,False,2024,ARG1,
lautaro blanco,1999,ar ARG,DF,Boca Juniors,24.0,False,2024,ARG1,
lautaro bursich,2002,ar ARG,GK,Cen. Córdoba–SdE,21.0,True,2024,ARG1,
lautaro cardozo,2002,ar ARG,DF,Banfield,22.0,False,2024,ARG1,
lautaro carrera,2003,ar ARG,DF,Instituto,20.0,False,2024,ARG1,
lautaro chavez,2001,ar ARG,FW,Gimnasia–LP,23.0,False,2024,ARG1,
lautaro di lollo,2004,ar ARG,DF,Boca Juniors,19.0,False,2024,ARG1,
lautaro garzon,2003,ar ARG,GK,Vélez Sarsfield,20.0,True,2024,ARG1,
lautaro godoy,2003,py PAR,MF,Atlé Tucumán,20.0,False,2024,ARG1,
lautaro gomez,2003,ar ARG,FW,Banfield,20.0,False,2024,ARG1,
lautaro millan,2005,cl CHI,MF,Independiente,18.0,False,2024,ARG1,
lautaro morales,1999,ar ARG,GK,Talleres,24.0,True,2024,ARG1,
lautaro rios,2000,ar ARG,MF,Ind. Rivadavia,23.0,False,2024,ARG1,
lautaro rivero,2003,ar ARG,DF,Cen. Córdoba–SdE,20.0,False,2024,ARG1,
lautaro vargas,2005,ar ARG,DF,Unión,18.0,False,2024,ARG1,
lautaro villegas,2003,ar ARG,MF,Banfield,20.0,False,2024,ARG1,
leandro brey,2002,ar ARG,GK,Boca Juniors,21.0,True,2024,ARG1,
leandro contin,1995,ar ARG,FW,Tigre,28.0,False,2024,ARG1,
leandro diaz,1992,ar ARG,"FW,MF",Lanús,31.0,False,2024,ARG1,
leandro garate,1993,ar ARG,"FW,MF",Banfield,30.0,False,2024,ARG1,
leandro gonzalez pirez,1992,ar ARG,DF,River Plate,31.0,False,2024,ARG1,
leandro mamut,2003,ar ARG,MF,Gimnasia–LP,20.0,False,2024,ARG1,
leandro olima,0,0,MF,Atlé Tucumán,0.0,False,2024,ARG1,
lenny lobato,2001,br BRA,"FW,MF",Vélez Sarsfield,22.0,False,2024,ARG1,
leonardo heredia,1996,ar ARG,"FW,MF",Arg Juniors,28.0,False,2024,ARG1,
leonardo jara,1991,ar ARG,DF,Lanús,32.0,False,2024,ARG1,
leonardo landriel,1996,ar ARG,MF,Deportivo Riestra,27.0,False,2024,ARG1,
leonardo marchi,1996,ar ARG,DF,Cen. Córdoba–SdE,27.0,False,2024,ARG1,
leonardo morales,1991,ar ARG,DF,Gimnasia–LP,32.0,False,2024,ARG1,
leonardo sigali,1987,ar ARG,DF,Racing Club,36.0,False,2024,ARG1,
leonel cardozo,2004,ar ARG,DF,Lanús,20.0,False,2024,ARG1,
leonel miranda,1994,ar ARG,MF,Tigre,30.0,False,2024,ARG1,
leonel picco,1999,ar ARG,MF,Platense,24.0,False,2024,ARG1,
leonel roldan,2004,ar ARG,MF,Vélez Sarsfield,19.0,False,2024,ARG1,
leonel vangioni,1987,ar ARG,DF,Newell's OB,36.0,False,2024,ARG1,
lionel verde,2004,ar ARG,MF,Unión,19.0,False,2024,ARG1,
lisandro lopez,1983,ar ARG,"FW,MF",Sarmiento,40.0,False,2024,ARG1,
lisandro montenegro,2003,ar ARG,"MF,DF",Platense,20.0,False,2024,ARG1,
lisandro pinero,2007,ar ARG,FW,Banfield,16.0,False,2024,ARG1,
lorenzo scipioni,2004,ar ARG,MF,Tigre,19.0,False,2024,ARG1,
luca langoni,2002,ar ARG,FW,Boca Juniors,21.0,False,2024,ARG1,
luca martinez,2001,mx MEX,FW,Rosario Central,23.0,False,2024,ARG1,
luca raffin,2006,py PAR,DF,Rosario Central,18.0,False,2024,ARG1,
luca regiardo,2006,ar ARG,MF,Newell's OB,17.0,False,2024,ARG1,
lucas abascia,1995,ar ARG,DF,Cen. Córdoba–SdE,28.0,False,2024,ARG1,
lucas acosta,1995,ar ARG,GK,Sarmiento,28.0,True,2024,ARG1,
lucas ambrogio,1999,ar ARG,"FW,MF",Atlé Tucumán,24.0,False,2024,ARG1,
lucas arce,1997,ar ARG,DF,Godoy Cruz,26.0,False,2024,ARG1,
lucas banos,2005,ar ARG,DF,Newell's OB,18.0,False,2024,ARG1,
lucas bernabeu,2004,ar ARG,DF,Belgrano,20.0,False,2024,ARG1,
lucas besozzi,2003,ar ARG,"FW,MF",Newell's OB,21.0,False,2024,ARG1,
lucas brochero,1999,ar ARG,"DF,FW",Barracas Central,25.0,False,2024,ARG1,
lucas bustos,2005,ar ARG,MF,Belgrano,18.0,False,2024,ARG1,
lucas carrizo,1997,ar ARG,DF,Huracán,26.0,False,2024,ARG1,
lucas castro,1989,ar ARG,MF,Gimnasia–LP,34.0,False,2024,ARG1,
lucas faggioli,1997,ar ARG,DF,Barracas Central,26.0,False,2024,ARG1,
lucas ferreira,2000,uy URU,DF,Defensa y Just,23.0,False,2024,ARG1,
lucas gamba,1987,ar ARG,"FW,MF",Unión,36.0,False,2024,ARG1,
lucas gomez,2004,ar ARG,MF,Arg Juniors,19.0,False,2024,ARG1,
lucas gonzalez,2000,ar ARG,"MF,FW",Independiente,23.0,False,2024,ARG1,
lucas hoyos,1989,ar ARG,GK,Newell's OB,34.0,True,2024,ARG1,
lucas irusta,2003,ar ARG,DF,Lanús,21.0,False,2024,ARG1,
lucas janson,1994,ar ARG,"FW,MF",Boca Juniors,29.0,False,2024,ARG1,
lucas menossi,1992,ar ARG,MF,Belgrano,31.0,False,2024,ARG1,
lucas mihovilcevich,2004,ar ARG,DF,Newell's OB,20.0,False,2024,ARG1,
lucas ocampo,1997,uy URU,"MF,FW",Platense,26.0,False,2024,ARG1,
lucas rodriguez,1993,ar ARG,DF,Instituto,30.0,False,2024,ARG1,
lucas souto,1998,ar ARG,DF,Huracán,25.0,False,2024,ARG1,
lucas suarez,1995,ar ARG,DF,Talleres,28.0,False,2024,ARG1,
lucas varaldo,2002,ar ARG,FW,Cen. Córdoba–SdE,21.0,False,2024,ARG1,
luciano abecasis,1990,ar ARG,DF,Ind. Rivadavia,33.0,False,2024,ARG1,
luciano boggio,1999,it ITA,MF,Lanús,24.0,False,2024,ARG1,
luciano cingolani,2001,ar ARG,MF,Godoy Cruz,22.0,False,2024,ARG1,
luciano ferreyra,2002,ar ARG,MF,Platense,21.0,False,2024,ARG1,
luciano gimenez,2000,ar ARG,"FW,MF",Estudiantes–LP,23.0,False,2024,ARG1,
luciano gomez,1996,ar ARG,DF,Ind. Rivadavia,27.0,False,2024,ARG1,
luciano gondou,2001,ar ARG,FW,Arg Juniors,22.0,False,2024,ARG1,
luciano lollo,1987,ar ARG,DF,Estudiantes–LP,36.0,False,2024,ARG1,
luciano ramon herrera,1996,ar ARG,"FW,MF",Defensa y Just,27.0,False,2024,ARG1,
luciano recalde,1995,ar ARG,DF,Banfield,28.0,False,2024,ARG1,
luciano vietto,1993,ar ARG,"FW,MF",Racing Club,30.0,False,2024,ARG1,
luis advincula,1990,pe PER,DF,Boca Juniors,33.0,False,2024,ARG1,
luis angulo,2004,co COL,"MF,FW",Platense,19.0,False,2024,ARG1,
luis ingolotti,2000,ar ARG,GK,Cen. Córdoba–SdE,24.0,True,2024,ARG1,
luis miguel rodriguez,1985,ar ARG,"FW,MF",Atlé Tucumán,39.0,False,2024,ARG1,
luis sanchez,2000,co COL,"MF,FW",Cen. Córdoba–SdE,23.0,False,2024,ARG1,
luis sequeira,2003,ar ARG,MF,Ind. Rivadavia,21.0,False,2024,ARG1,
maher carrizo,2006,ar ARG,"FW,MF",Vélez Sarsfield,17.0,False,2024,ARG1,
malcom braida,1997,ar ARG,DF,San Lorenzo,26.0,False,2024,ARG1,
manuel agustin duarte,2001,ar ARG,"MF,FW",Barracas Central,22.0,False,2024,ARG1,
manuel garcia,1999,ar ARG,MF,Sarmiento,24.0,False,2024,ARG1,
manuel guillen,2001,ar ARG,"DF,FW",Godoy Cruz,22.0,False,2024,ARG1,
manuel lanzini,1993,ar ARG,"MF,FW",River Plate,30.0,False,2024,ARG1,
manuel monaco,2002,ar ARG,"MF,FW",Sarmiento,21.0,False,2024,ARG1,
manuel palavecino,2003,ar ARG,"MF,FW",Cen. Córdoba–SdE,21.0,False,2024,ARG1,
manuel panaro miramon,2002,ar ARG,"FW,DF",Gimnasia–LP,21.0,False,2024,ARG1,
manuel roffo,2000,ar ARG,GK,Instituto,23.0,True,2024,ARG1,
manuel tucker,2004,ar ARG,MF,Platense,19.0,False,2024,ARG1,
marcelino moreno,1994,ar ARG,"MF,FW",Lanús,29.0,False,2024,ARG1,
marcelo barovero,1984,ar ARG,GK,Banfield,39.0,True,2024,ARG1,
marcelo estigarribia,1995,ar ARG,FW,Atlé Tucumán,28.0,False,2024,ARG1,
marcelo mino,1997,ar ARG,GK,Barracas Central,26.0,True,2024,ARG1,
marcelo perez,2001,py PAR,FW,Huracán,22.0,False,2024,ARG1,
marcelo saracchi,1998,uy URU,"DF,MF",Boca Juniors,25.0,False,2024,ARG1,
marco di cesare,2002,ar ARG,DF,Racing Club,22.0,False,2024,ARG1,
marco iacobellis,2000,ar ARG,"FW,MF",Barracas Central,23.0,False,2024,ARG1,
marco pellegrino,2002,ar ARG,DF,Independiente,21.0,False,2024,ARG1,
marco ruben,1986,ar ARG,FW,Rosario Central,37.0,False,2024,ARG1,
marcos acuna,1991,ar ARG,DF,River Plate,32.0,False,2024,ARG1,
marcos echeverria,2003,ar ARG,FW,Banfield,20.0,False,2024,ARG1,
marcos ignacio ledesma,1996,ar ARG,GK,Gimnasia–LP,27.0,True,2024,ARG1,
marcos montiel,1995,uy URU,MF,Godoy Cruz,28.0,False,2024,ARG1,
marcos portillo,2000,ar ARG,MF,Talleres,24.0,False,2024,ARG1,
marcos rojo,1990,ar ARG,DF,Boca Juniors,33.0,False,2024,ARG1,
mariano gerez,2006,ar ARG,MF,Lanús,18.0,False,2024,ARG1,
mariano santiago,2001,ar ARG,MF,Godoy Cruz,22.0,False,2024,ARG1,
mariano troilo,2003,ar ARG,DF,Belgrano,20.0,False,2024,ARG1,
mario sanabria,2002,ar ARG,MF,Deportivo Riestra,21.0,False,2024,ARG1,
martin barrios,1999,uy URU,MF,Racing Club,25.0,False,2024,ARG1,
martin fernandez,2001,uy URU,MF,Gimnasia–LP,22.0,False,2024,ARG1,
martin garay,1999,ar ARG,"DF,MF",Tigre,24.0,False,2024,ARG1,
martin lazarte,2005,ar ARG,MF,Banfield,18.0,False,2024,ARG1,
martin luciano,2003,ar ARG,DF,Godoy Cruz,20.0,False,2024,ARG1,
martin ortega,1999,ar ARG,DF,Tigre,24.0,False,2024,ARG1,
martin pino,1998,ar ARG,FW,Godoy Cruz,25.0,False,2024,ARG1,
mateo bajamich,1999,ar ARG,"FW,MF",Atlé Tucumán,24.0,False,2024,ARG1,
mateo clemente,2002,ar ARG,GK,San Lorenzo,21.0,True,2024,ARG1,
mateo coronel,1998,ar ARG,FW,Atlé Tucumán,25.0,False,2024,ARG1,
mateo del blanco,2003,ar ARG,DF,Unión,20.0,False,2024,ARG1,
mateo diaz chaves,2003,ar ARG,MF,Arg Juniors,20.0,False,2024,ARG1,
mateo mendia,2004,ar ARG,DF,Boca Juniors,19.0,False,2024,ARG1,
mateo mendoza,2004,ar ARG,DF,Godoy Cruz,19.0,False,2024,ARG1,
mateo pellegrino,2001,ar ARG,FW,Platense,22.0,False,2024,ARG1,
mateo perez,2000,ar ARG,DF,Banfield,23.0,False,2024,ARG1,
mateo sanabria,2004,ar ARG,MF,Lanús,19.0,False,2024,ARG1,
mateo silvetti,2006,ar ARG,"MF,FW",Newell's OB,18.0,False,2024,ARG1,
mathias de ritis,2003,uy URU,DF,Banfield,21.0,False,2024,ARG1,
matias abaldo,2004,uy URU,FW,Gimnasia–LP,19.0,False,2024,ARG1,
matias acevedo,2008,ar ARG,MF,Racing Club,15.0,False,2024,ARG1,
matias catalan,1992,cl CHI,DF,Talleres,31.0,False,2024,ARG1,
matias contrera,2005,ar ARG,FW,Estudiantes–LP,18.0,False,2024,ARG1,
matias de los santos,1992,uy URU,DF,Atlé Tucumán,31.0,False,2024,ARG1,
matias diaz,2004,ar ARG,MF,Cen. Córdoba–SdE,19.0,False,2024,ARG1,
matias espindola,2003,ar ARG,"MF,DF",Tigre,20.0,False,2024,ARG1,
matias esquivel,1999,ar ARG,"MF,FW",Talleres,24.0,False,2024,ARG1,
matias galarza,2002,py PAR,"MF,FW",Talleres,21.0,False,2024,ARG1,
matias gimenez,1999,ar ARG,MF,Independiente,24.0,False,2024,ARG1,
matias godoy,2002,ar ARG,"FW,MF",Cen. Córdoba–SdE,22.0,False,2024,ARG1,
matias gomez,2003,ar ARG,FW,Huracán,20.0,False,2024,ARG1,
matias gonzalez,2002,ar ARG,MF,Banfield,21.0,False,2024,ARG1,
matias kranevitter,1993,ar ARG,MF,River Plate,30.0,False,2024,ARG1,
matias mansilla,1996,ar ARG,GK,Estudiantes–LP,27.0,True,2024,ARG1,
matias marin,1999,cl CHI,"MF,FW",Belgrano,24.0,False,2024,ARG1,
matias miranda,2000,ar ARG,MF,Gimnasia–LP,23.0,False,2024,ARG1,
matias moreno,2003,ar ARG,DF,Belgrano,20.0,False,2024,ARG1,
matias orihuela,1992,ar ARG,"DF,MF",Atlé Tucumán,31.0,False,2024,ARG1,
matias pellegrini,2000,ar ARG,FW,Vélez Sarsfield,23.0,False,2024,ARG1,
matias perello,2001,ar ARG,"FW,MF",Arg Juniors,22.0,False,2024,ARG1,
matias ramirez,1999,ar ARG,FW,Gimnasia–LP,24.0,False,2024,ARG1,
matias reali,1997,ar ARG,"FW,MF",San Lorenzo,26.0,False,2024,ARG1,
matias rosales,2005,ar ARG,"DF,MF",Sarmiento,18.0,False,2024,ARG1,
matias ruiz diaz,1996,ar ARG,DF,Ind. Rivadavia,27.0,False,2024,ARG1,
matias sosa,2001,ar ARG,"FW,MF",Defensa y Just,22.0,False,2024,ARG1,
matias suarez,1988,ar ARG,"FW,DF",Belgrano,35.0,False,2024,ARG1,
matko miljevic,2001,us USA,"MF,FW",Newell's OB,22.0,False,2024,ARG1,
mauricio asenjo,1994,ar ARG,FW,Ind. Rivadavia,29.0,False,2024,ARG1,
mauricio cardillo,2003,ar ARG,"MF,DF",Ind. Rivadavia,20.0,False,2024,ARG1,
mauricio isla,1988,cl CHI,DF,Independiente,35.0,False,2024,ARG1,
mauricio martinez,1993,ar ARG,"MF,DF",Rosario Central,30.0,False,2024,ARG1,
mauricio roldan,2005,ar ARG,FW,Banfield,18.0,False,2024,ARG1,
mauro luna diale,1999,ar ARG,MF,Unión,24.0,False,2024,ARG1,
mauro maidana,1990,ar ARG,DF,Ind. Rivadavia,33.0,False,2024,ARG1,
mauro mendez,1999,uy URU,"FW,MF",Estudiantes–LP,25.0,False,2024,ARG1,
mauro pitton,1994,ar ARG,MF,Unión,29.0,False,2024,ARG1,
maxi gonzalez,2004,ar ARG,MF,Lanús,19.0,False,2024,ARG1,
maximiliano brito,1991,uy URU,FW,Deportivo Riestra,32.0,False,2024,ARG1,
maximiliano lovera,1999,ar ARG,"FW,MF",Rosario Central,24.0,False,2024,ARG1,
maximiliano meza,1992,ar ARG,"MF,FW",River Plate,31.0,False,2024,ARG1,
maximiliano puig,2000,ar ARG,"MF,DF",Barracas Central,23.0,False,2024,ARG1,
maximiliano rodriguez,1988,ar ARG,"DF,MF",Deportivo Riestra,35.0,False,2024,ARG1,
maximiliano romero,1999,ar ARG,FW,Arg Juniors,25.0,False,2024,ARG1,
maximiliano salas,1997,ar ARG,"FW,MF",Racing Club,26.0,False,2024,ARG1,
maximiliano urruti,1991,ar ARG,FW,Platense,32.0,False,2024,ARG1,
maximiliano zalazar,2001,ar ARG,"FW,MF",Barracas Central,22.0,False,2024,ARG1,
maximo oses,2005,ar ARG,"FW,MF",Belgrano,18.0,False,2024,ARG1,
michael santos,1993,uy URU,"FW,MF",Vélez Sarsfield,30.0,False,2024,ARG1,
miguel angel torren,1988,ar ARG,DF,Unión,35.0,False,2024,ARG1,
miguel barbieri,1993,ar ARG,DF,Rosario Central,30.0,False,2024,ARG1,
miguel borja,1993,co COL,FW,River Plate,31.0,False,2024,ARG1,
miguel brizuela,1997,ar ARG,DF,Instituto,27.0,False,2024,ARG1,
miguel merentiel,1996,uy URU,FW,Boca Juniors,27.0,False,2024,ARG1,
miguel navarro,1999,ve VEN,DF,Talleres,24.0,False,2024,ARG1,
milton casco,1988,ar ARG,DF,River Plate,35.0,False,2024,ARG1,
milton celiz,1992,ar ARG,MF,Deportivo Riestra,31.0,False,2024,ARG1,
milton delgado,2005,ar ARG,MF,Boca Juniors,18.0,False,2024,ARG1,
milton gimenez,1996,ar ARG,FW,Banfield,27.0,False,2024,ARG1,
misael jaime,2004,ar ARG,"FW,MF",Newell's OB,20.0,False,2024,ARG1,
moises brandan,2000,ar ARG,DF,Atlé Tucumán,23.0,False,2024,ARG1,
nahuel banegas,1996,ar ARG,DF,Tigre,27.0,False,2024,ARG1,
nahuel barrios,1998,ar ARG,"MF,FW",San Lorenzo,25.0,False,2024,ARG1,
nahuel bustos,1998,ar ARG,MF,San Lorenzo,25.0,False,2024,ARG1,
nahuel gallardo,1998,ar ARG,DF,Ind. Rivadavia,25.0,False,2024,ARG1,
nahuel genez,2003,ar ARG,DF,Tigre,20.0,False,2024,ARG1,
nahuel losada,1993,ar ARG,GK,Lanús,30.0,True,2024,ARG1,
nahuel manganelli,2001,ar ARG,GK,Deportivo Riestra,22.0,True,2024,ARG1,
nazareno colombo,1999,ar ARG,DF,Racing Club,24.0,False,2024,ARG1,
nehuen benedetti,2005,ar ARG,MF,Estudiantes–LP,18.0,False,2024,ARG1,
nehuen paz,1993,ar ARG,DF,Tigre,30.0,False,2024,ARG1,
nelson insfran,1995,ar ARG,GK,Gimnasia–LP,28.0,True,2024,ARG1,
nery dominguez,1990,ar ARG,"DF,MF",Lanús,33.0,False,2024,ARG1,
nestor breitenbruch,1995,ar ARG,DF,Atlé Tucumán,28.0,False,2024,ARG1,
nicolas benegas,1996,ar ARG,FW,Deportivo Riestra,27.0,False,2024,ARG1,
nicolas blandi,1990,ar ARG,FW,Defensa y Just,34.0,False,2024,ARG1,
nicolas capraro,1998,ar ARG,DF,Barracas Central,25.0,False,2024,ARG1,
nicolas caro,1995,ar ARG,DF,Deportivo Riestra,28.0,False,2024,ARG1,
nicolas castro,1990,ar ARG,MF,Atlé Tucumán,33.0,False,2024,ARG1,
nicolas colazo,1990,ar ARG,"DF,MF",Gimnasia–LP,33.0,False,2024,ARG1,
nicolas cordero,1999,ar ARG,"FW,MF",Arg Juniors,24.0,False,2024,ARG1,
nicolas demartini,1999,ar ARG,DF,Barracas Central,24.0,False,2024,ARG1,
nicolas dematei,1987,ar ARG,DF,Deportivo Riestra,36.0,False,2024,ARG1,
nicolas dubersarsky,2004,ar ARG,MF,Instituto,19.0,False,2024,ARG1,
nicolas fernandez,1996,ar ARG,"FW,MF",Belgrano,27.0,False,2024,ARG1,
nicolas fonseca,1998,uy URU,MF,River Plate,25.0,False,2024,ARG1,
nicolas gaitan,1988,ar ARG,"MF,FW",Sarmiento,35.0,False,2024,ARG1,
nicolas garayalde,1999,ar ARG,MF,Gimnasia–LP,24.0,False,2024,ARG1,
nicolas hernandez,1998,co COL,DF,Banfield,26.0,False,2024,ARG1,
nicolas meriano,2000,ar ARG,DF,Belgrano,23.0,False,2024,ARG1,
nicolas morgantini,1994,ar ARG,DF,Lanús,29.0,False,2024,ARG1,
nicolas oroz,1994,ar ARG,"MF,FW",Arg Juniors,29.0,False,2024,ARG1,
nicolas orsini,1994,ar ARG,FW,Unión,29.0,False,2024,ARG1,
nicolas palavecino,2003,ar ARG,"FW,MF",Defensa y Just,20.0,False,2024,ARG1,
nicolas paz,2002,ar ARG,DF,Unión,21.0,False,2024,ARG1,
nicolas quagliata,1999,uy URU,"FW,MF",Cen. Córdoba–SdE,24.0,False,2024,ARG1,
nicolas romero,2003,ar ARG,DF,Atlé Tucumán,20.0,False,2024,ARG1,
nicolas sanchez,2004,ar ARG,FW,Gimnasia–LP,19.0,False,2024,ARG1,
nicolas sansotre,1993,ar ARG,DF,Deportivo Riestra,30.0,False,2024,ARG1,
nicolas servetto,1996,ar ARG,"FW,DF",Atlé Tucumán,27.0,False,2024,ARG1,
nicolas sumavil,1999,ar ARG,GK,Platense,24.0,True,2024,ARG1,
nicolas tolosa,2001,ar ARG,DF,Barracas Central,22.0,False,2024,ARG1,
nicolas tripichio,1996,ar ARG,"DF,MF",San Lorenzo,28.0,False,2024,ARG1,
nicolas vallejo,2004,ar ARG,"MF,FW",Independiente,20.0,False,2024,ARG1,
norberto briasco,1996,am ARM,"MF,FW",Boca Juniors,27.0,False,2024,ARG1,
octavio ontivero,2006,ar ARG,DF,Lanús,18.0,False,2024,ARG1,
orlando gill,2000,py PAR,GK,San Lorenzo,23.0,True,2024,ARG1,
oscar arias,2005,ar ARG,DF,San Lorenzo,19.0,False,2024,ARG1,
oscar garrido,1997,ar ARG,"DF,MF",Cen. Córdoba–SdE,26.0,False,2024,ARG1,
oscar salomon,1999,ar ARG,"DF,FW",Platense,24.0,False,2024,ARG1,
pablo altamirano,2005,ar ARG,MF,Newell's OB,19.0,False,2024,ARG1,
pablo chavarria,1988,ar ARG,FW,Belgrano,36.0,False,2024,ARG1,
pablo de blasis,1988,ar ARG,"MF,FW",Gimnasia–LP,35.0,False,2024,ARG1,
pablo monje,1997,ar ARG,MF,Deportivo Riestra,26.0,False,2024,ARG1,
pablo piatti,1989,ar ARG,"FW,MF",Estudiantes–LP,34.0,False,2024,ARG1,
pablo siles,1997,uy URU,MF,Huracán,26.0,False,2024,ARG1,
pablo solari,2001,ar ARG,FW,River Plate,22.0,False,2024,ARG1,
patricio pernicone,2001,ar ARG,DF,Vélez Sarsfield,22.0,False,2024,ARG1,
patricio tanda,2002,ar ARG,"MF,DF",Unión,21.0,False,2024,ARG1,
paulo diaz,1994,cl CHI,DF,River Plate,29.0,False,2024,ARG1,
pedro ramirez,2000,ar ARG,"DF,MF",Deportivo Riestra,23.0,False,2024,ARG1,
pedro velurtas,2001,ar ARG,DF,Barracas Central,22.0,False,2024,ARG1,
pier barrios,1990,ar ARG,DF,Godoy Cruz,33.0,False,2024,ARG1,
rafael barrios,1993,ar ARG,"DF,MF",Cen. Córdoba–SdE,30.0,False,2024,ARG1,
rafael ferrario,2000,ar ARG,GK,Barracas Central,23.0,True,2024,ARG1,
rafael marcelo delgado,1990,ar ARG,DF,Belgrano,34.0,False,2024,ARG1,
rafael profini,2003,ar ARG,"DF,FW",Unión,20.0,False,2024,ARG1,
ramiro carrera,1993,ar ARG,"FW,MF",Lanús,30.0,False,2024,ARG1,
ramiro degregorio,2003,ar ARG,MF,Racing Club,20.0,False,2024,ARG1,
ramiro di luciano,2004,ar ARG,DF,Banfield,20.0,False,2024,ARG1,
ramiro funes mori,1991,ar ARG,DF,River Plate,32.0,False,2024,ARG1,
ramiro hernandes,2004,ar ARG,"MF,DF",Belgrano,19.0,False,2024,ARG1,
ramiro macagno,1997,ar ARG,GK,Newell's OB,26.0,True,2024,ARG1,
ramiro ruiz,2000,ar ARG,"FW,MF",Talleres,23.0,False,2024,ARG1,
ramon abila,1989,ar ARG,FW,Huracán,34.0,False,2024,ARG1,
ramon arias,1992,uy URU,DF,Tigre,31.0,False,2024,ARG1,
ramon cansinos,2002,ar ARG,"MF,FW",Cen. Córdoba–SdE,21.0,False,2024,ARG1,
ramon sosa,1999,py PAR,FW,Talleres,24.0,False,2024,ARG1,
randall rodriguez,2003,uy URU,GK,Vélez Sarsfield,20.0,True,2024,ARG1,
raul loaiza,1994,co COL,MF,Lanús,29.0,False,2024,ARG1,
renzo tesuri,1996,ar ARG,"MF,DF",Atlé Tucumán,27.0,False,2024,ARG1,
roberto nicolas fernandez,1998,uy URU,MF,Godoy Cruz,25.0,False,2024,ARG1,
roberto ramirez,1996,ar ARG,GK,Godoy Cruz,27.0,True,2024,ARG1,
rodrigo aliendro,1991,ar ARG,MF,River Plate,32.0,False,2024,ARG1,
rodrigo atencio,2002,ar ARG,"MF,FW",Cen. Córdoba–SdE,21.0,False,2024,ARG1,
rodrigo bogarin,1997,py PAR,"MF,FW",Defensa y Just,26.0,False,2024,ARG1,
rodrigo cabral,2000,ar ARG,FW,Huracán,23.0,False,2024,ARG1,
rodrigo castillo,1999,ar ARG,FW,Gimnasia–LP,24.0,False,2024,ARG1,
rodrigo cavallera,2000,ar ARG,"FW,DF",Deportivo Riestra,24.0,False,2024,ARG1,
rodrigo echeverria,1995,cl CHI,MF,Huracán,28.0,False,2024,ARG1,
rodrigo fernandez,1996,uy URU,MF,Newell's OB,28.0,False,2024,ARG1,
rodrigo gallo,2000,ar ARG,"DF,MF",Gimnasia–LP,23.0,False,2024,ARG1,
rodrigo herrera,2000,ar ARG,MF,Barracas Central,23.0,False,2024,ARG1,
rodrigo inaki melo,1995,ar ARG,MF,Atlé Tucumán,28.0,False,2024,ARG1,
rodrigo insua,1997,ar ARG,"DF,MF",Barracas Central,26.0,False,2024,ARG1,
rodrigo marquez,2002,ar ARG,FW,Platense,21.0,False,2024,ARG1,
rodrigo perez,1996,uy URU,MF,Instituto,27.0,False,2024,ARG1,
rodrigo pineiro,1999,uy URU,"FW,MF",Vélez Sarsfield,24.0,False,2024,ARG1,
rodrigo rey,1991,ar ARG,GK,Independiente,32.0,True,2024,ARG1,
rodrigo saravia,2000,uy URU,MF,Gimnasia–LP,23.0,False,2024,ARG1,
rodrigo sayavedra,1995,ar ARG,"DF,MF",Deportivo Riestra,28.0,False,2024,ARG1,
rodrigo villagra,2001,ar ARG,MF,River Plate,22.0,False,2024,ARG1,
roger martinez,1994,co COL,"FW,MF",Racing Club,29.0,False,2024,ARG1,
roman gomez,2004,ar ARG,DF,Estudiantes–LP,19.0,False,2024,ARG1,
roman vega,2004,ar ARG,DF,Arg Juniors,20.0,False,2024,ARG1,
ronaldo martinez,1996,py PAR,"FW,MF",Platense,27.0,False,2024,ARG1,
ruben botta,1990,ar ARG,"MF,FW",Talleres,34.0,False,2024,ARG1,
ruben martinez,2004,ar ARG,MF,Independiente,19.0,False,2024,ARG1,
salomon rodriguez,2000,uy URU,FW,Godoy Cruz,23.0,False,2024,ARG1,
samuel beltran,2004,ar ARG,MF,Rosario Central,19.0,False,2024,ARG1,
santi ramos mingo,2001,ar ARG,DF,Defensa y Just,22.0,False,2024,ARG1,
santiago arzamendia,1998,py PAR,DF,Estudiantes–LP,25.0,False,2024,ARG1,
santiago ascacibar,1997,ar ARG,MF,Estudiantes–LP,26.0,False,2024,ARG1,
santiago caseres,1997,ar ARG,MF,Vélez Sarsfield,26.0,False,2024,ARG1,
santiago coronel,2000,ar ARG,"MF,FW",Barracas Central,23.0,False,2024,ARG1,
santiago dalmasso,2004,ar ARG,MF,Boca Juniors,19.0,False,2024,ARG1,
santiago esquivel,2004,ar ARG,MF,Banfield,20.0,False,2024,ARG1,
santiago flores,2001,ar ARG,DF,Estudiantes–LP,22.0,False,2024,ARG1,
santiago godoy,2001,ar ARG,FW,Defensa y Just,22.0,False,2024,ARG1,
santiago gonzalez,2003,ar ARG,MF,Tigre,20.0,False,2024,ARG1,
santiago hidalgo,2005,ar ARG,"FW,MF",Independiente,18.0,False,2024,ARG1,
santiago laquidain,2001,ar ARG,DF,Cen. Córdoba–SdE,22.0,False,2024,ARG1,
santiago lencina,2005,ar ARG,FW,River Plate,18.0,False,2024,ARG1,
santiago longo,1998,ar ARG,MF,Belgrano,25.0,False,2024,ARG1,
santiago lopez,2006,ar ARG,FW,Independiente,17.0,False,2024,ARG1,
santiago martinez,2004,ar ARG,MF,Godoy Cruz,20.0,False,2024,ARG1,
santiago montiel,2000,ar ARG,"FW,MF",Independiente,23.0,False,2024,ARG1,
santiago morales,0,0,DF,Sarmiento,0.0,False,2024,ARG1,
santiago quiros,2003,ar ARG,DF,Racing Club,20.0,False,2024,ARG1,
santiago rodriguez,1997,ar ARG,"FW,MF",Arg Juniors,26.0,False,2024,ARG1,
santiago salle,2004,ar ARG,DF,Independiente,19.0,False,2024,ARG1,
santiago segovia,2007,ar ARG,"MF,FW",Rosario Central,16.0,False,2024,ARG1,
santiago simon,2002,ar ARG,"MF,DF",River Plate,21.0,False,2024,ARG1,
santiago solari,1998,ar ARG,"FW,MF",Racing Club,26.0,False,2024,ARG1,
santiago sosa,2005,ar ARG,MF,San Lorenzo,19.0,False,2024,ARG1,
santiago toloza,2002,ar ARG,MF,Independiente,21.0,False,2024,ARG1,
santino andino,2005,ar ARG,"MF,FW",Godoy Cruz,18.0,False,2024,ARG1,
santino primante,2004,ar ARG,"FW,MF",Gimnasia–LP,19.0,False,2024,ARG1,
sasha marcich,1998,ar ARG,DF,Platense,25.0,False,2024,ARG1,
saul salcedo,1997,py PAR,DF,Newell's OB,26.0,False,2024,ARG1,
sebastian blanco,1988,ar ARG,MF,San Lorenzo,35.0,False,2024,ARG1,
sebastian boselli,2003,uy URU,DF,Estudiantes–LP,20.0,False,2024,ARG1,
sebastian medina,2000,ar ARG,"FW,DF",Tigre,23.0,False,2024,ARG1,
sebastian meza,2000,ar ARG,GK,Huracán,23.0,True,2024,ARG1,
sebastian moyano,1990,ar ARG,GK,Barracas Central,33.0,True,2024,ARG1,
sebastian palacios,1992,ar ARG,"FW,MF",Talleres,32.0,False,2024,ARG1,
sebastian prieto,1993,ar ARG,DF,Arg Juniors,30.0,False,2024,ARG1,
sebastian ramirez,2000,ar ARG,FW,Huracán,23.0,False,2024,ARG1,
sebastian valdez,1995,ar ARG,DF,Cen. Córdoba–SdE,28.0,False,2024,ARG1,
sebastian villa,1996,co COL,FW,Ind. Rivadavia,27.0,False,2024,ARG1,
sergio quiroga,1994,ar ARG,MF,Sarmiento,29.0,False,2024,ARG1,
sergio romero,1987,ar ARG,GK,Boca Juniors,36.0,True,2024,ARG1,
sheyko studer,2002,ar ARG,DF,Ind. Rivadavia,21.0,False,2024,ARG1,
silvio romero,1988,ar ARG,"FW,MF",Instituto,35.0,False,2024,ARG1,
silvio ulariaga,2002,ar ARG,FW,Godoy Cruz,21.0,False,2024,ARG1,
simon rivero,2003,ar ARG,MF,Unión,20.0,False,2024,ARG1,
siro rosane,2000,ar ARG,MF,Barracas Central,23.0,False,2024,ARG1,
stefano moreyra,2001,ar ARG,MF,Instituto,22.0,False,2024,ARG1,
thiago cardozo,1996,uy URU,GK,Unión,27.0,True,2024,ARG1,
thiago fernandez,2004,ar ARG,FW,Vélez Sarsfield,19.0,False,2024,ARG1,
thiago nuss,2001,ar ARG,FW,Cen. Córdoba–SdE,22.0,False,2024,ARG1,
thiago ponce,2005,ar ARG,FW,Rosario Central,19.0,False,2024,ARG1,
thiago santamaria,2003,ar ARG,DF,Arg Juniors,20.0,False,2024,ARG1,
thomas galdames,1998,cl CHI,DF,Godoy Cruz,25.0,False,2024,ARG1,
thyago ayala,2001,ar ARG,GK,Sarmiento,22.0,True,2024,ARG1,
tiago banega,1999,ar ARG,"MF,DF",Unión,24.0,False,2024,ARG1,
tiago ferreyra,2002,ar ARG,"FW,DF",Defensa y Just,21.0,False,2024,ARG1,
tiago palacios,2001,uy URU,"FW,MF",Estudiantes–LP,22.0,False,2024,ARG1,
tobias cervera,2002,sy SYR,FW,Platense,21.0,False,2024,ARG1,
tobias medina,2004,ar ARG,"MF,FW",San Lorenzo,19.0,False,2024,ARG1,
tobias ostchega,1998,ar ARG,DF,Ind. Rivadavia,25.0,False,2024,ARG1,
tobias palacio,2006,ar ARG,DF,Arg Juniors,17.0,False,2024,ARG1,
tobias rubio,2004,ar ARG,MF,Racing Club,19.0,False,2024,ARG1,
tomas badaloni,2000,ar ARG,FW,Godoy Cruz,23.0,False,2024,ARG1,
tomas belmonte,1998,ar ARG,MF,Boca Juniors,25.0,False,2024,ARG1,
tomas castro,2001,ar ARG,"MF,DF",Atlé Tucumán,22.0,False,2024,ARG1,
tomas cavanagh,2001,ar ARG,"FW,DF",Tigre,23.0,False,2024,ARG1,
tomas conechny,1998,ar ARG,FW,Godoy Cruz,25.0,False,2024,ARG1,
tomas durso,1999,ar ARG,GK,Atlé Tucumán,24.0,True,2024,ARG1,
tomas fernandez,2004,ar ARG,DF,Tigre,20.0,False,2024,ARG1,
tomas galvan,2000,ar ARG,"FW,MF",Tigre,23.0,False,2024,ARG1,
tomas guiacobini,2004,ar ARG,MF,Sarmiento,19.0,False,2024,ARG1,
tomas guidara,1996,ar ARG,DF,Vélez Sarsfield,27.0,False,2024,ARG1,
tomas jacob,2004,ar ARG,DF,Newell's OB,19.0,False,2024,ARG1,
tomas marchiori,1995,ar ARG,GK,Vélez Sarsfield,28.0,True,2024,ARG1,
tomas molina,1995,ar ARG,FW,Cen. Córdoba–SdE,28.0,False,2024,ARG1,
tomas o'connor,2004,ar ARG,MF,Rosario Central,19.0,False,2024,ARG1,
tomas palacios,2003,ar ARG,DF,Ind. Rivadavia,20.0,False,2024,ARG1,
tomas perez,2005,ar ARG,MF,Newell's OB,18.0,False,2024,ARG1,
tomas porra,2004,ar ARG,MF,San Lorenzo,20.0,False,2024,ARG1,
tomas pozzo,2000,ar ARG,MF,Godoy Cruz,23.0,False,2024,ARG1,
tomas villoldo,1995,ar ARG,"DF,MF",Deportivo Riestra,28.0,False,2024,ARG1,
valentin burgoa,2000,ar ARG,"FW,MF",Sarmiento,24.0,False,2024,ARG1,
valentin depietri,2000,ar ARG,FW,Talleres,23.0,False,2024,ARG1,
valentin fascendini,2003,ar ARG,DF,Unión,20.0,False,2024,ARG1,
valentin gomez,2003,ar ARG,DF,Vélez Sarsfield,20.0,False,2024,ARG1,
valentin moreno,2003,ar ARG,DF,Tigre,20.0,False,2024,ARG1,
valentin rodriguez,2001,uy URU,"MF,DF",Gimnasia–LP,22.0,False,2024,ARG1,
valentino acuna,2006,ar ARG,MF,Newell's OB,18.0,False,2024,ARG1,
vicente poggi,2002,uy URU,MF,Godoy Cruz,21.0,False,2024,ARG1,
vicente taborda,2001,ar ARG,MF,Platense,22.0,False,2024,ARG1,
victor cabrera,1993,ar ARG,DF,Instituto,30.0,False,2024,ARG1,
victor malcorra,1987,ar ARG,"MF,FW",Rosario Central,36.0,False,2024,ARG1,
victorio ramis,1994,ar ARG,FW,Ind. Rivadavia,29.0,False,2024,ARG1,
walter acuna,1992,ar ARG,"FW,MF",Deportivo Riestra,31.0,False,2024,ARG1,
walter bou,1993,ar ARG,FW,Lanús,30.0,False,2024,ARG1,
walter mazzantti,1996,ar ARG,FW,Huracán,27.0,False,2024,ARG1,
walter molas,2004,ar ARG,DF,Boca Juniors,19.0,False,2024,ARG1,
walter montoya,1993,ar ARG,MF,Cen. Córdoba–SdE,30.0,False,2024,ARG1,
walter rodriguez,1995,py PAR,"MF,DF",Deportivo Riestra,28.0,False,2024,ARG1,
william alarcon,2000,cl CHI,MF,Huracán,23.0,False,2024,ARG1,
yair ezequiel arismendi,1998,ar ARG,DF,Sarmiento,25.0,False,2024,ARG1,
yaison murillo,1993,co COL,DF,Deportivo Riestra,30.0,False,2024,ARG1,
yonatan rodriguez,1993,uy URU,MF,Banfield,30.0,False,2024,ARG1,
yonathan cabral,1992,ar ARG,DF,Gimnasia–LP,31.0,False,2024,ARG1,
yonatthan rak,1993,uy URU,DF,Cen. Córdoba–SdE,30.0,False,2024,ARG1,
yuri casermeiro,2002,ar ARG,"MF,DF",Cen. Córdoba–SdE,21.0,False,2024,ARG1,
yvo calleros,1998,uy URU,MF,Banfield,25.0,False,2024,ARG1,
zaid romero,1999,ar ARG,DF,Estudiantes–LP,24.0,False,2024,ARG1,
