player_id,player_name,club,Nation,Pos,dob,age,market_value_eur,MatchesPlayed,Gls,Ast,xG,xAG,Shots,SoT,PassCmp,PassAtt,PassCmpPct,Tkl,TklW,Blocks,Int,GK_GA,GK_GA90,GK_SoTA,GK_Saves,GK_SavePct,GK_CS,GK_CSPct,GK_PKAtt,GK_PKA,GK_PKsv,GK_PKm,GK_PSxG,GK_PSxG_per_SoT,GK_PSxG_PlusMinus,GK_PSxG_PlusMinus_per90,GK_PassCmp,GK_PassAtt,GK_PassCmpPct,GK_GKPassAtt,GK_Throws,GK_LaunchPct,GK_AvgLen,GK_CrossesStp,GK_CrossesStpPct,GK_OPA,GK_OPA90,GK_OPA_AvgDist,IsGK
502670.0,khvicha kvaratskhelia,paris s g,ge GEO,FW,12/2/2001,24.0,90000000.0,10.2,4,3,3.3,4.9,34,15,468,547,85.56,19,13,7,2,,,,,,,,,,,,,,,,,,,,,,,,,,,,False
914562.0,desire doue,paris s g,fr FRA,"FW,MF",3/6/2005,20.0,90000000.0,19.2,6,6,5.1,7.8,55,20,933,1133,82.35,48,30,26,13,,,,,,,,,,,,,,,,,,,,,,,,,,,,False
288230.0,ousmane dembele,paris s g,fr FRA,FW,15/5/1997,28.0,90000000.0,19.2,21,6,16.6,8.2,96,49,844,1068,79.03,11,5,3,9,,,,,,,,,,,,,,,,,,,,,,,,,,,,False
487469.0,vitinha,paris s g,pt POR,MF,13/2/2000,25.0,80000000.0,22.7,5,1,3.4,2.6,25,12,2236,2403,93.05,43,23,26,14,,,,,,,,,,,,,,,,,,,,,,,,,,,,False
670681.0,joao neves,paris s g,pt POR,"MF,DF",27/9/2004,20.0,80000000.0,20.5,3,8,3.0,4.0,28,11,1491,1634,91.25,63,31,29,23,,,,,,,,,,,,,,,,,,,,,,,,,,,,False
398073.0,achraf hakimi,paris s g,ma MAR,DF,4/11/1998,26.0,80000000.0,23.0,4,6,2.9,6.2,32,12,1898,2140,88.69,48,36,25,31,,,,,,,,,,,,,,,,,,,,,,,,,,,,False
708265.0,bradley barcola,paris s g,fr FRA,FW,2/9/2002,22.0,70000000.0,24.2,14,10,13.4,10.1,74,38,749,917,81.68,27,17,25,19,,,,,,,,,,,,,,,,,,,,,,,,,,,,False
616341.0,nuno mendes,paris s g,pt POR,DF,19/6/2002,23.0,70000000.0,18.6,1,3,2.2,5.0,21,9,1293,1488,86.9,30,19,25,18,,,,,,,,,,,,,,,,,,,,,,,,,,,,False
661171.0,willian pacho,paris s g,ec ECU,DF,16/10/2001,23.0,65000000.0,23.7,0,1,0.3,0.3,4,1,1865,1968,94.77,56,32,35,40,,,,,,,,,,,,,,,,,,,,,,,,,,,,False
810092.0,warren zaire-emery,paris s g,fr FRA,"MF,DF",8/3/2006,19.0,55000000.0,22.8,1,2,1.7,1.4,17,7,1557,1677,92.84,51,26,35,23,,,,,,,,,,,,,,,,,,,,,,,,,,,,False
607223.0,rayan cherki,lyon,fr FRA,"FW,MF",17/8/2003,21.0,45000000.0,22.7,8,11,5.0,11.1,45,19,1079,1375,78.47,15,12,6,7,,,,,,,,,,,,,,,,,,,,,,,,,,,,False
745200.0,maghnes akliouche,monaco,fr FRA,"FW,MF",25/2/2002,23.0,45000000.0,26.7,5,10,9.2,7.3,61,17,989,1216,81.33,51,31,21,15,,,,,,,,,,,,,,,,,,,,,,,,,,,,False
533738.0,jonathan david,lille,ca CAN,FW,14/1/2000,25.0,45000000.0,28.4,16,5,16.2,4.4,66,28,563,686,82.07,24,8,13,7,,,,,,,,,,,,,,,,,,,,,,,,,,,,False
532826.0,mason greenwood,marseille,eng ENG,"FW,MF",1/10/2001,23.0,40000000.0,31.2,21,5,16.3,5.7,111,45,1089,1389,78.4,35,18,7,12,,,,,,,,,,,,,,,,,,,,,,,,,,,,False
350219.0,fabian ruiz pena,paris s g,es ESP,MF,3/4/1996,29.0,40000000.0,21.4,4,5,4.3,4.7,43,12,1458,1627,89.61,37,24,25,16,,,,,,,,,,,,,,,,,,,,,,,,,,,,False
315858.0,gianluigi donnarumma,paris s g,it ITA,GK,25/2/1999,26.0,40000000.0,23.2,0,0,0.0,0.0,0,0,552,632,87.34,1,1,0,0,25.0,1.08,74.0,49.0,67.6,4.0,16.7,1.0,1.0,0.0,0.0,21.7,0.29,-3.3,-0.14,35.0,101.0,34.7,543.0,90.0,13.6,25.1,10.0,5.0,19.0,0.82,14.4,True
550550.0,goncalo ramos,paris s g,pt POR,FW,20/6/2001,24.0,40000000.0,11.8,10,3,13.6,2.2,52,29,193,241,80.08,11,6,5,0,,,,,,,,,,,,,,,,,,,,,,,,,,,,False
743600.0,andrey santos,strasbourg,br BRA,MF,3/5/2004,21.0,35000000.0,31.7,10,3,5.1,3.3,46,16,1401,1588,88.22,110,74,46,32,,,,,,,,,,,,,,,,,,,,,,,,,,,,False
181767.0,marquinhos,paris s g,br BRA,DF,14/5/1994,31.0,35000000.0,19.2,2,0,1.1,0.8,8,3,1736,1830,94.86,30,19,27,11,,,,,,,,,,,,,,,,,,,,,,,,,,,,False
763079.0,abdukodir khusanov,lens,uz UZB,DF,29/2/2004,21.0,35000000.0,10.8,0,0,0.2,0.3,6,4,483,548,88.14,15,11,17,26,,,,,,,,,,,,,,,,,,,,,,,,,,,,False
487969.0,randal kolo muani,paris s g,fr FRA,FW,5/12/1998,26.0,30000000.0,4.0,2,1,4.7,0.9,15,6,57,78,73.08,4,4,1,0,,,,,,,,,,,,,,,,,,,,,,,,,,,,False
334526.0,denis zakaria,monaco,ch SUI,MF,20/11/1996,28.0,30000000.0,23.8,6,4,5.2,1.4,29,9,1062,1175,90.38,41,26,31,34,,,,,,,,,,,,,,,,,,,,,,,,,,,,False
463600.0,lucas chevalier,lille,fr FRA,GK,6/11/2001,23.0,30000000.0,34.0,0,0,0.0,0.9,0,0,862,1083,79.59,3,2,0,0,36.0,1.06,126.0,91.0,74.6,11.0,32.4,4.0,4.0,0.0,0.0,42.2,0.32,7.2,0.21,112.0,288.0,38.9,968.0,144.0,25.7,29.6,21.0,5.6,24.0,0.71,13.9,True
418659.0,amine gouiri,marseille,dz ALG,"FW,MF",16/2/2000,25.0,30000000.0,11.6,10,3,8.4,3.6,51,24,284,351,80.91,5,5,9,1,,,,,,,,,,,,,,,,,,,,,,,,,,,,False
565821.0,mika biereth,monaco,dk DEN,FW,8/2/2003,22.0,30000000.0,13.6,13,2,11.3,4.5,40,22,149,241,61.83,5,5,11,4,,,,,,,,,,,,,,,,,,,,,,,,,,,,False
743386.0,malick fofana,lyon,be BEL,FW,31/3/2005,20.0,30000000.0,17.7,5,4,3.8,3.7,31,15,494,638,77.43,22,11,12,8,,,,,,,,,,,,,,,,,,,,,,,,,,,,False
810895.0,eliesse ben seghir,monaco,ma MAR,"MF,FW",16/2/2005,20.0,28000000.0,19.4,6,3,5.5,5.2,58,19,754,951,79.28,31,22,20,13,,,,,,,,,,,,,,,,,,,,,,,,,,,,False
1097139.0,ayyoub bouaddi,lille,fr FRA,MF,2/10/2007,17.0,28000000.0,12.8,0,1,0.1,1.0,3,1,487,555,87.75,50,31,12,10,,,,,,,,,,,,,,,,,,,,,,,,,,,,False
463605.0,bafode diakite,lille,fr FRA,DF,6/1/2001,24.0,28000000.0,30.7,4,1,2.3,0.2,16,7,2086,2239,93.17,31,18,30,27,,,,,,,,,,,,,,,,,,,,,,,,,,,,False
559328.0,emanuel emegha,strasbourg,nl NED,FW,3/2/2003,22.0,25000000.0,25.5,14,3,17.0,2.4,61,35,273,340,80.29,6,6,18,1,,,,,,,,,,,,,,,,,,,,,,,,,,,,False
691316.0,luis henrique,marseille,br BRA,"DF,FW",14/12/2001,23.0,25000000.0,29.0,7,7,4.2,4.2,30,14,1156,1427,81.01,16,9,15,10,,,,,,,,,,,,,,,,,,,,,,,,,,,,False
576028.0,thiago almada,lyon,ar ARG,"MF,FW",26/4/2001,24.0,25000000.0,10.6,1,4,2.0,2.6,23,5,635,748,84.89,14,8,2,7,,,,,,,,,,,,,,,,,,,,,,,,,,,,False
263236.0,kevin danso,lens,at AUT,DF,19/9/1998,26.0,25000000.0,12.0,0,0,0.5,1.0,10,2,659,770,85.58,19,7,25,20,,,,,,,,,,,,,,,,,,,,,,,,,,,,False
557149.0,lee kang-in,paris s g,kr KOR,"FW,MF",19/2/2001,24.0,25000000.0,18.5,6,6,3.5,5.6,41,14,1110,1268,87.54,25,17,11,3,,,,,,,,,,,,,,,,,,,,,,,,,,,,False
281963.0,lucas hernandez,paris s g,fr FRA,DF,14/2/1996,29.0,25000000.0,9.7,0,0,0.0,0.1,3,0,832,907,91.73,24,18,12,7,,,,,,,,,,,,,,,,,,,,,,,,,,,,False
496857.0,edon zhegrova,lille,xk KVX,"FW,MF",31/3/1999,26.0,25000000.0,10.9,4,1,2.3,2.2,23,9,316,416,75.96,5,2,8,4,,,,,,,,,,,,,,,,,,,,,,,,,,,,False
474800.0,facundo medina,lens,ar ARG,DF,28/5/1999,26.0,25000000.0,28.3,0,1,1.8,2.0,27,3,1655,1889,87.61,44,29,30,32,,,,,,,,,,,,,,,,,,,,,,,,,,,,False
182913.0,adrien rabiot,marseille,fr FRA,MF,3/4/1995,30.0,25000000.0,27.6,9,4,7.3,3.8,48,22,1309,1543,84.83,49,31,21,21,,,,,,,,,,,,,,,,,,,,,,,,,,,,False
500689.0,evann guessand,nice,ci CIV,"FW,MF",1/7/2001,23.0,25000000.0,28.5,12,8,9.2,5.4,63,27,421,574,73.34,44,29,27,15,,,,,,,,,,,,,,,,,,,,,,,,,,,,False
540664.0,dilane bakwa,strasbourg,fr FRA,"MF,DF",26/8/2002,22.0,25000000.0,27.7,6,8,4.7,6.6,52,22,808,1109,72.86,26,14,21,15,,,,,,,,,,,,,,,,,,,,,,,,,,,,False
872171.0,lucas beraldo,paris s g,br BRA,DF,24/11/2003,21.0,25000000.0,22.3,1,0,0.9,0.4,12,4,2013,2132,94.42,38,31,16,21,,,,,,,,,,,,,,,,,,,,,,,,,,,,False
648779.0,wilfried singo,monaco,ci CIV,DF,25/12/2000,24.0,25000000.0,23.3,1,2,1.9,1.5,17,5,1252,1452,86.23,37,23,17,43,,,,,,,,,,,,,,,,,,,,,,,,,,,,False
729814.0,georges mikautadze,lyon,ge GEO,FW,31/10/2000,24.0,22000000.0,16.1,11,6,10.3,4.3,52,22,326,426,76.53,7,6,11,4,,,,,,,,,,,,,,,,,,,,,,,,,,,,False
918969.0,lamine camara,monaco,sn SEN,MF,1/1/2004,21.0,22000000.0,22.8,2,7,2.3,4.4,26,9,1224,1479,82.76,66,41,30,31,,,,,,,,,,,,,,,,,,,,,,,,,,,,False
585959.0,arnaud kalimuendo,rennes,fr FRA,"FW,MF",20/1/2002,23.0,22000000.0,28.6,17,3,14.9,2.0,68,29,477,605,78.84,19,12,9,4,,,,,,,,,,,,,,,,,,,,,,,,,,,,False
659542.0,elye wahi,marseille,fr FRA,FW,2/1/2003,22.0,22000000.0,6.4,3,1,6.0,0.4,16,9,88,111,79.28,0,0,1,1,,,,,,,,,,,,,,,,,,,,,,,,,,,,False
392770.0,angel gomes,lille,eng ENG,MF,31/8/2000,24.0,20000000.0,8.2,1,1,1.7,2.1,8,2,295,364,81.04,10,6,0,0,,,,,,,,,,,,,,,,,,,,,,,,,,,,False
648020.0,alexsandro ribeiro,lille,br BRA,DF,9/8/1999,25.0,20000000.0,30.0,1,1,1.6,0.4,21,4,2204,2417,91.19,32,19,23,27,,,,,,,,,,,,,,,,,,,,,,,,,,,,False
263918.0,aleksandr golovin,monaco,ru RUS,"MF,FW",30/5/1996,29.0,20000000.0,12.8,3,0,2.3,2.4,24,9,523,678,77.14,38,24,16,12,,,,,,,,,,,,,,,,,,,,,,,,,,,,False
228948.0,thilo kehrer,monaco,de GER,DF,21/9/1996,28.0,20000000.0,26.5,4,0,1.5,0.3,12,8,1622,1804,89.91,37,23,18,36,,,,,,,,,,,,,,,,,,,,,,,,,,,,False
465955.0,marcin buka,nice,pl POL,GK,4/10/1999,25.0,20000000.0,34.0,0,0,0.0,0.2,0,0,898,1110,80.9,0,0,0,0,41.0,1.21,161.0,120.0,75.8,8.0,23.5,3.0,2.0,1.0,0.0,43.0,0.26,3.0,0.09,112.0,272.0,41.2,948.0,173.0,22.8,28.6,39.0,8.3,33.0,0.97,12.8,True
910905.0,mamadou sarr,strasbourg,fr FRA,DF,29/8/2005,19.0,20000000.0,26.3,0,1,0.8,0.3,5,0,1593,1699,93.76,37,21,26,25,,,,,,,,,,,,,,,,,,,,,,,,,,,,False
296622.0,marco asensio,paris s g,es ESP,"FW,MF",21/1/1996,29.0,20000000.0,6.9,2,4,5.6,2.7,26,14,291,335,86.87,4,3,1,0,,,,,,,,,,,,,,,,,,,,,,,,,,,,False
318470.0,matvei safonov,paris s g,ru RUS,GK,25/2/1999,26.0,20000000.0,9.8,0,0,0.0,0.0,0,0,250,311,80.39,0,0,1,1,9.0,0.92,25.0,17.0,72.0,3.0,33.3,2.0,2.0,0.0,0.0,7.2,0.26,-0.8,-0.08,36.0,83.0,43.4,262.0,46.0,26.3,29.1,5.0,5.3,14.0,1.43,18.0,True
575998.0,leonardo balerdi,marseille,ar ARG,DF,26/1/1999,26.0,20000000.0,25.3,0,0,0.9,0.7,15,1,2360,2516,93.8,54,39,25,38,,,,,,,,,,,,,,,,,,,,,,,,,,,,False
912902.0,guillaume restes,toulouse,fr FRA,GK,11/3/2005,20.0,20000000.0,28.3,0,1,0.0,0.1,0,0,587,811,72.38,2,1,0,1,36.0,1.27,92.0,58.0,62.0,8.0,27.6,2.0,1.0,1.0,0.0,27.9,0.29,-5.1,-0.18,80.0,286.0,28.0,675.0,83.0,30.8,30.3,5.0,1.4,34.0,1.2,16.9,True
876631.0,habib diarra,strasbourg,sn SEN,"MF,FW",3/1/2004,21.0,20000000.0,26.1,4,5,3.3,4.5,25,10,812,978,83.03,22,13,22,13,,,,,,,,,,,,,,,,,,,,,,,,,,,,False
391065.0,hamed junior traore,auxerre,ci CIV,MF,16/2/2000,25.0,20000000.0,23.3,10,2,7.9,2.7,68,27,474,640,74.06,41,20,14,8,,,,,,,,,,,,,,,,,,,,,,,,,,,,False
465555.0,ore petrovic,strasbourg,rs SRB,GK,8/10/1999,25.0,20000000.0,31.0,0,0,0.0,0.0,0,0,1244,1547,80.41,1,1,0,0,38.0,1.23,147.0,110.0,78.9,10.0,32.3,8.0,7.0,1.0,0.0,45.9,0.27,9.9,0.32,117.0,361.0,32.4,1438.0,127.0,20.9,27.4,41.0,8.4,47.0,1.52,15.2,True
683895.0,emmanuel agbadou,reims,ci CIV,DF,17/6/1997,28.0,20000000.0,14.0,0,0,0.5,0.3,15,3,810,922,87.85,25,17,22,19,,,,,,,,,,,,,,,,,,,,,,,,,,,,False
789082.0,vanderson,monaco,br BRA,DF,21/6/2001,24.0,20000000.0,22.9,1,3,2.2,3.1,21,8,1090,1403,77.69,76,48,43,39,,,,,,,,,,,,,,,,,,,,,,,,,,,,False
288225.0,ludovic blas,rennes,fr FRA,"MF,FW",31/12/1997,27.0,18000000.0,25.5,6,8,5.0,4.6,57,26,693,938,73.88,38,25,16,13,,,,,,,,,,,,,,,,,,,,,,,,,,,,False
711980.0,guela doue,strasbourg,ci CIV,DF,17/10/2002,22.0,18000000.0,30.2,1,2,0.8,0.7,18,6,1688,2023,83.44,65,45,38,34,,,,,,,,,,,,,,,,,,,,,,,,,,,,False
652275.0,hakon arnar haraldsson,lille,is ISL,"MF,FW",10/4/2003,22.0,18000000.0,19.5,5,3,3.8,2.8,35,13,751,946,79.39,36,16,10,8,,,,,,,,,,,,,,,,,,,,,,,,,,,,False
786436.0,ismael doukoure,strasbourg,fr FRA,"DF,MF",24/7/2003,21.0,18000000.0,29.3,1,1,0.6,1.1,3,1,1494,1685,88.66,40,22,31,25,,,,,,,,,,,,,,,,,,,,,,,,,,,,False
579928.0,sebastian nanasi,strasbourg,se SWE,"MF,FW",16/5/2002,23.0,18000000.0,23.4,6,4,6.5,4.9,28,12,643,812,79.19,20,13,24,7,,,,,,,,,,,,,,,,,,,,,,,,,,,,False
503770.0,folarin balogun,monaco,us USA,FW,3/7/2001,23.0,18000000.0,6.8,4,0,4.8,0.9,31,10,85,125,68.0,1,1,0,1,,,,,,,,,,,,,,,,,,,,,,,,,,,,False
484988.0,logan costa,toulouse,cv CPV,DF,1/4/2001,24.0,18000000.0,1.0,0,0,0.0,0.5,0,0,47,56,83.93,2,1,2,2,,,,,,,,,,,,,,,,,,,,,,,,,,,,False
289592.0,orel mangala,lyon,be BEL,MF,18/3/1998,27.0,18000000.0,0.7,0,0,0.1,0.0,1,0,29,32,90.62,1,0,2,0,,,,,,,,,,,,,,,,,,,,,,,,,,,,False
655006.0,diego moreira,strasbourg,be BEL,"DF,MF",6/8/2004,20.0,18000000.0,28.5,2,7,2.0,7.3,25,8,1028,1327,77.47,44,28,23,35,,,,,,,,,,,,,,,,,,,,,,,,,,,,False
659543.0,matthis abline,nantes,fr FRA,FW,28/3/2003,22.0,18000000.0,30.8,9,2,8.5,3.8,73,26,351,538,65.24,11,5,15,4,,,,,,,,,,,,,,,,,,,,,,,,,,,,False
655012.0,lucas stassin,saint etienne,be BEL,FW,29/11/2004,20.0,18000000.0,21.0,12,4,7.0,3.4,44,23,350,473,74.0,16,11,10,3,,,,,,,,,,,,,,,,,,,,,,,,,,,,False
395237.0,maxence caqueret,lyon,fr FRA,MF,15/2/2000,25.0,16000000.0,6.4,0,0,0.7,0.4,7,1,274,343,79.88,21,11,12,7,,,,,,,,,,,,,,,,,,,,,,,,,,,,False
724129.0,matias fernandez-pardo,lille,be BEL,"FW,MF",3/2/2005,20.0,15000000.0,11.8,4,2,2.9,2.8,23,12,224,307,72.96,12,9,9,3,,,,,,,,,,,,,,,,,,,,,,,,,,,,False
711976.0,andy diouf,lens,fr FRA,MF,17/5/2003,22.0,15000000.0,24.7,1,2,2.9,2.8,40,5,849,1068,79.49,37,26,24,15,,,,,,,,,,,,,,,,,,,,,,,,,,,,False
654539.0,adrien truffert,rennes,fr FRA,"DF,MF",20/11/2001,23.0,15000000.0,30.6,2,2,2.4,3.2,23,10,1263,1601,78.89,61,36,44,27,,,,,,,,,,,,,,,,,,,,,,,,,,,,False
816580.0,tiago santos,lille,pt POR,DF,23/7/2002,22.0,15000000.0,4.5,0,0,0.4,0.6,8,4,175,223,78.48,12,7,2,2,,,,,,,,,,,,,,,,,,,,,,,,,,,,False
532775.0,melvin bard,nice,fr FRA,"DF,MF",6/11/2000,24.0,15000000.0,21.5,2,1,2.2,1.9,23,8,903,1166,77.44,53,36,38,29,,,,,,,,,,,,,,,,,,,,,,,,,,,,False
955070.0,ernest nuamah,lyon,gh GHA,"FW,MF",1/11/2003,21.0,15000000.0,11.7,3,1,2.2,1.5,28,13,358,448,79.91,21,11,9,8,,,,,,,,,,,,,,,,,,,,,,,,,,,,False
923832.0,nathan zeze,nantes,fr FRA,DF,18/6/2005,20.0,15000000.0,16.8,0,0,0.3,0.0,6,2,737,859,85.8,38,22,22,23,,,,,,,,,,,,,,,,,,,,,,,,,,,,False
291200.0,moussa niakhate,lyon,sn SEN,DF,8/3/1996,29.0,15000000.0,30.3,0,0,0.1,1.0,2,1,1688,1869,90.32,47,27,26,25,,,,,,,,,,,,,,,,,,,,,,,,,,,,False
903693.0,senny mayulu,paris s g,fr FRA,MF,17/5/2006,19.0,15000000.0,9.0,2,2,2.9,2.1,25,8,404,460,87.83,25,16,8,5,,,,,,,,,,,,,,,,,,,,,,,,,,,,False
414908.0,marshall munetsi,reims,zw ZIM,MF,22/6/1996,29.0,15000000.0,18.8,4,2,4.0,2.0,32,10,263,384,68.49,36,18,27,17,,,,,,,,,,,,,,,,,,,,,,,,,,,,False
165793.0,takumi minamino,monaco,jp JPN,"MF,FW",16/1/1995,30.0,15000000.0,24.8,6,3,8.9,6.6,57,20,520,736,70.65,33,19,26,10,,,,,,,,,,,,,,,,,,,,,,,,,,,,False
538874.0,terem moffi,nice,ng NGA,FW,25/5/1999,26.0,15000000.0,0.6,1,0,2.3,0.0,6,4,6,10,60.0,0,0,0,0,,,,,,,,,,,,,,,,,,,,,,,,,,,,False
1004834.0,george ilenikhena,monaco,ng NGA,FW,16/8/2006,18.0,15000000.0,8.0,3,2,5.1,1.4,21,9,87,121,71.9,4,2,0,2,,,,,,,,,,,,,,,,,,,,,,,,,,,,False
560593.0,hicham boudaoui,nice,dz ALG,MF,23/9/1999,25.0,15000000.0,27.1,2,3,2.7,3.0,39,18,943,1134,83.16,76,52,40,22,,,,,,,,,,,,,,,,,,,,,,,,,,,,False
351816.0,ismael bennacer,marseille,dz ALG,MF,1/12/1997,27.0,15000000.0,7.2,0,2,0.1,1.8,3,0,737,810,90.99,21,10,6,10,,,,,,,,,,,,,,,,,,,,,,,,,,,,False
670847.0,mohamed ali cho,nice,fr FRA,"FW,MF",19/1/2004,21.0,15000000.0,18.0,3,4,4.0,4.0,36,15,338,481,70.27,13,9,17,5,,,,,,,,,,,,,,,,,,,,,,,,,,,,False
204069.0,milan skriniar,paris s g,sk SVK,DF,11/2/1995,30.0,15000000.0,4.2,0,0,0.2,0.1,3,0,361,374,96.52,7,5,7,3,,,,,,,,,,,,,,,,,,,,,,,,,,,,False
420064.0,caio henrique oliveira silva,monaco,br BRA,DF,31/7/1997,27.0,15000000.0,21.4,0,6,0.2,5.0,4,1,1025,1383,74.11,37,26,26,22,,,,,,,,,,,,,,,,,,,,,,,,,,,,False
1005240.0,christian mawissa,monaco,fr FRA,DF,18/4/2005,20.0,15000000.0,16.7,0,0,0.1,0.0,1,1,827,945,87.51,42,29,25,26,,,,,,,,,,,,,,,,,,,,,,,,,,,,False
901019.0,neil el aynaoui,lens,ma MAR,MF,2/7/2001,23.0,15000000.0,17.6,8,1,4.0,2.0,16,7,816,966,84.47,39,21,34,30,,,,,,,,,,,,,,,,,,,,,,,,,,,,False
1016015.0,ngal'ayel mukau,lille,cd COD,MF,3/11/2004,20.0,15000000.0,13.2,0,1,0.8,0.7,11,2,575,645,89.15,33,18,14,15,,,,,,,,,,,,,,,,,,,,,,,,,,,,False
557613.0,quentin merlin,marseille,fr FRA,DF,16/5/2002,23.0,15000000.0,17.7,1,3,2.1,3.0,26,9,943,1145,82.36,22,17,20,14,,,,,,,,,,,,,,,,,,,,,,,,,,,,False
672381.0,jonathan rowe,marseille,eng ENG,"FW,MF",30/4/2003,22.0,12000000.0,9.0,3,3,3.5,4.5,36,15,233,291,80.07,15,11,4,2,,,,,,,,,,,,,,,,,,,,,,,,,,,,False
393238.0,zakaria aboukhlal,toulouse,ma MAR,"MF,FW",18/2/2000,25.0,12000000.0,21.1,7,2,10.2,1.6,62,26,221,349,63.32,22,13,16,6,,,,,,,,,,,,,,,,,,,,,,,,,,,,False
745181.0,soungoutou magassa,monaco,fr FRA,MF,8/10/2003,21.0,12000000.0,11.4,0,1,0.5,0.9,8,3,540,638,84.64,47,25,16,21,,,,,,,,,,,,,,,,,,,,,,,,,,,,False
274862.0,moses simon,nantes,ng NGA,"FW,MF",12/7/1995,29.0,12000000.0,29.0,8,10,5.8,6.7,40,13,505,815,61.96,20,14,11,12,,,,,,,,,,,,,,,,,,,,,,,,,,,,False
237662.0,breel embolo,monaco,ch SUI,"FW,MF",14/2/1997,28.0,12000000.0,20.5,6,4,10.8,5.6,51,18,299,432,69.21,22,17,11,3,,,,,,,,,,,,,,,,,,,,,,,,,,,,False
190393.0,corentin tolisso,lyon,fr FRA,MF,3/8/1994,30.0,12000000.0,25.9,7,4,5.3,4.9,51,18,1359,1602,84.83,57,25,52,22,,,,,,,,,,,,,,,,,,,,,,,,,,,,False
563963.0,mohammed salisu,monaco,gh GHA,DF,17/4/1999,26.0,12000000.0,11.4,1,0,0.8,0.1,8,4,662,775,85.42,28,18,10,16,,,,,,,,,,,,,,,,,,,,,,,,,,,,False
191056.0,brice samba,rennes,fr FRA,GK,25/4/1994,31.0,12000000.0,17.0,0,0,0.0,0.0,0,0,525,672,78.12,2,1,0,0,27.0,1.59,87.0,58.0,70.1,5.0,29.4,3.0,1.0,2.0,0.0,29.2,0.32,2.2,0.13,58.0,178.0,32.6,569.0,64.0,24.4,29.7,16.0,7.1,15.0,0.88,13.2,True
580657.0,osame sahraoui,lille,ma MAR,"FW,MF",11/6/2001,24.0,12000000.0,14.4,3,3,2.9,3.6,23,8,515,614,83.88,13,9,14,7,,,,,,,,,,,,,,,,,,,,,,,,,,,,False
448632.0,yehvann diouf,reims,sn SEN,GK,16/11/1999,25.0,12000000.0,34.0,0,0,0.1,0.0,1,1,848,1219,69.57,2,1,0,1,47.0,1.38,179.0,131.0,76.0,7.0,20.6,5.0,4.0,1.0,0.0,61.6,0.33,14.6,0.43,154.0,477.0,32.3,993.0,153.0,34.4,33.3,31.0,5.6,42.0,1.24,14.6,True
285845.0,ainsley maitland-niles,lyon,eng ENG,DF,29/8/1997,27.0,12000000.0,22.1,1,4,2.9,3.4,22,7,1049,1234,85.01,71,44,28,25,,,,,,,,,,,,,,,,,,,,,,,,,,,,False
787618.0,valentin carboni,marseille,ar ARG,"MF,FW",5/3/2005,20.0,12000000.0,1.1,0,0,0.0,0.1,2,1,57,64,89.06,2,2,1,1,,,,,,,,,,,,,,,,,,,,,,,,,,,,False
849410.0,valentin barco,strasbourg,ar ARG,"MF,DF",23/7/2004,20.0,12000000.0,12.9,0,2,0.5,1.5,10,1,644,777,82.88,36,22,8,13,,,,,,,,,,,,,,,,,,,,,,,,,,,,False
519184.0,amar dedic,marseille,ba BIH,DF,18/8/2002,22.0,12000000.0,3.5,0,1,0.9,0.9,6,2,189,224,84.38,5,4,0,3,,,,,,,,,,,,,,,,,,,,,,,,,,,,False
674612.0,youssouf ndayishimiye,nice,bi BDI,DF,27/10/1998,26.0,12000000.0,21.5,3,0,0.9,0.2,11,4,1177,1316,89.44,40,21,35,21,,,,,,,,,,,,,,,,,,,,,,,,,,,,False
503866.0,albert grnbaek,rennes,dk DEN,"MF,FW",23/5/2001,24.0,11000000.0,9.0,2,1,1.5,1.0,22,9,155,247,62.75,21,11,9,4,,,,,,,,,,,,,,,,,,,,,,,,,,,,False
923759.0,valentin atangana edoa,reims,fr FRA,MF,25/8/2005,19.0,10000000.0,31.7,1,0,2.5,1.1,33,6,908,1056,85.98,69,50,31,37,,,,,,,,,,,,,,,,,,,,,,,,,,,,False
352041.0,lucas perri,lyon,br BRA,GK,10/12/1997,27.0,10000000.0,33.0,0,0,0.0,0.0,0,0,799,1040,76.83,1,1,1,0,44.0,1.33,160.0,116.0,74.4,10.0,30.3,3.0,3.0,0.0,0.0,47.8,0.29,3.8,0.12,101.0,310.0,32.6,884.0,183.0,28.1,30.5,26.0,6.3,29.0,0.88,13.5,True
659518.0,felix lemarechal,strasbourg,fr FRA,"MF,FW",7/8/2003,21.0,10000000.0,19.8,4,3,3.5,2.9,25,9,551,694,79.39,35,24,35,14,,,,,,,,,,,,,,,,,,,,,,,,,,,,False
427572.0,zuriko davitashvili,saint etienne,ge GEO,"FW,MF",15/2/2001,24.0,10000000.0,30.9,9,8,8.1,4.7,68,24,737,938,78.57,22,14,20,14,,,,,,,,,,,,,,,,,,,,,,,,,,,,False
467720.0,youssoufa moukoko,nice,de GER,"FW,MF",20/11/2004,20.0,10000000.0,2.3,2,1,2.2,0.8,6,2,36,44,81.82,3,2,2,0,,,,,,,,,,,,,,,,,,,,,,,,,,,,False
690799.0,anthony rouault,rennes,fr FRA,DF,29/5/2001,24.0,10000000.0,10.8,0,0,0.5,0.0,7,3,623,680,91.62,12,8,13,8,,,,,,,,,,,,,,,,,,,,,,,,,,,,False
216569.0,jeremie boga,nice,ci CIV,"MF,FW",3/1/1997,28.0,10000000.0,11.7,1,2,2.3,2.8,30,16,329,398,82.66,10,5,13,3,,,,,,,,,,,,,,,,,,,,,,,,,,,,False
597659.0,charlie cresswell,toulouse,eng ENG,DF,17/8/2002,22.0,10000000.0,28.8,3,1,3.3,1.7,32,13,1287,1551,82.98,35,23,44,28,,,,,,,,,,,,,,,,,,,,,,,,,,,,False
354482.0,michael amir murillo,marseille,pa PAN,DF,11/2/1996,29.0,10000000.0,27.1,1,3,1.5,3.3,13,4,1665,1902,87.54,49,31,21,18,,,,,,,,,,,,,,,,,,,,,,,,,,,,False
1010854.0,mathis amougou,saint etienne,fr FRA,MF,18/1/2006,19.0,10000000.0,9.5,0,0,0.5,0.4,7,1,232,301,77.08,21,15,10,12,,,,,,,,,,,,,,,,,,,,,,,,,,,,False
1089202.0,moise bombito,nice,ca CAN,DF,30/3/2000,25.0,10000000.0,24.4,0,0,0.7,0.2,8,1,1266,1404,90.17,37,25,35,18,,,,,,,,,,,,,,,,,,,,,,,,,,,,False
290532.0,said benrahma,lyon,dz ALG,"FW,MF",10/8/1995,29.0,10000000.0,8.2,1,3,2.0,2.1,17,4,258,358,72.07,9,5,6,3,,,,,,,,,,,,,,,,,,,,,,,,,,,,False
1018259.0,gift orban,lyon,ng NGA,"FW,DF",17/7/2002,22.0,10000000.0,2.1,2,0,1.2,0.0,4,3,22,33,66.67,0,0,0,0,,,,,,,,,,,,,,,,,,,,,,,,,,,,False
182893.0,seko fofana,rennes,ci CIV,MF,7/5/1995,30.0,10000000.0,9.4,1,1,1.8,1.2,24,6,499,552,90.4,11,7,7,7,,,,,,,,,,,,,,,,,,,,,,,,,,,,False
962555.0,abakar sylla,strasbourg,ci CIV,DF,25/12/2002,22.0,10000000.0,10.6,1,0,0.4,0.1,5,1,583,658,88.6,27,15,18,11,,,,,,,,,,,,,,,,,,,,,,,,,,,,False
569389.0,sofiane diop,nice,fr FRA,"MF,FW",9/6/2000,25.0,10000000.0,11.8,6,4,6.0,2.9,22,11,436,565,77.17,23,16,19,17,,,,,,,,,,,,,,,,,,,,,,,,,,,,False
1004301.0,jeremy jacquet,rennes,fr FRA,DF,13/7/2005,19.0,10000000.0,10.3,0,1,0.8,0.8,8,3,424,508,83.46,26,17,9,27,,,,,,,,,,,,,,,,,,,,,,,,,,,,False
485960.0,lilian brassier,marseille,fr FRA,DF,2/11/1999,25.0,10000000.0,8.7,0,0,0.2,0.0,5,1,560,653,85.76,8,6,8,9,,,,,,,,,,,,,,,,,,,,,,,,,,,,False
711969.0,lorenz assignon,rennes,tg TOG,"DF,MF",22/6/2000,25.0,9000000.0,26.2,3,4,2.2,3.5,22,5,1015,1301,78.02,49,27,20,25,,,,,,,,,,,,,,,,,,,,,,,,,,,,False
805908.0,bradley locko,brest,fr FRA,DF,6/5/2002,23.0,9000000.0,1.1,0,0,0.0,0.0,1,0,37,42,88.1,2,2,3,1,,,,,,,,,,,,,,,,,,,,,,,,,,,,False
776798.0,abdallah sima,brest,sn SEN,"FW,MF",17/6/2001,24.0,9000000.0,13.8,7,2,5.9,1.0,37,18,231,332,69.58,15,11,9,1,,,,,,,,,,,,,,,,,,,,,,,,,,,,False
921655.0,ismael kone,marseille,ca CAN,"MF,FW",16/6/2002,23.0,9000000.0,4.0,0,0,0.3,0.4,4,0,156,180,86.67,8,4,4,4,,,,,,,,,,,,,,,,,,,,,,,,,,,,False
332889.0,valentin rongier,marseille,fr FRA,"MF,DF",7/12/1994,30.0,9000000.0,17.4,3,1,1.0,1.1,14,7,1271,1408,90.27,50,28,30,33,,,,,,,,,,,,,,,,,,,,,,,,,,,,False
364245.0,jordan teze,monaco,nl NED,DF,30/9/1999,25.0,9000000.0,6.3,1,0,1.2,1.5,5,2,287,363,79.06,18,9,12,6,,,,,,,,,,,,,,,,,,,,,,,,,,,,False
798404.0,alidu seidu,rennes,gh GHA,DF,4/6/2000,25.0,9000000.0,8.9,0,0,0.1,0.3,3,0,426,518,82.24,22,18,13,14,,,,,,,,,,,,,,,,,,,,,,,,,,,,False
489463.0,kyogo furuhashi,rennes,jp JPN,FW,20/1/1995,30.0,9000000.0,1.4,0,0,0.1,0.0,1,0,3,11,27.27,2,2,0,0,,,,,,,,,,,,,,,,,,,,,,,,,,,,False
324795.0,mahdi camara,brest,fr FRA,"MF,FW",30/6/1998,27.0,9000000.0,29.5,5,3,4.1,2.0,49,19,1021,1190,85.8,71,40,40,33,,,,,,,,,,,,,,,,,,,,,,,,,,,,False
931160.0,djaoui cisse,rennes,fr FRA,MF,31/1/2004,21.0,8000000.0,12.5,1,0,0.4,0.2,15,7,547,625,87.52,33,18,29,13,,,,,,,,,,,,,,,,,,,,,,,,,,,,False
370791.0,pablo rosario,nice,do DOM,"MF,DF",7/1/1997,28.0,8000000.0,19.7,3,1,3.8,0.6,16,7,641,754,85.01,30,20,19,31,,,,,,,,,,,,,,,,,,,,,,,,,,,,False
463613.0,yann gboho,toulouse,fr FRA,"MF,FW",14/1/2001,24.0,8000000.0,25.9,5,4,5.4,3.5,50,26,478,644,74.22,31,18,20,6,,,,,,,,,,,,,,,,,,,,,,,,,,,,False
372711.0,amine harit,marseille,ma MAR,MF,18/6/1997,28.0,8000000.0,5.8,2,4,0.8,2.4,8,5,213,255,83.53,8,7,6,3,,,,,,,,,,,,,,,,,,,,,,,,,,,,False
743496.0,kevin danois,auxerre,fr FRA,MF,28/6/2004,21.0,8000000.0,16.2,0,0,1.5,2.2,17,3,585,718,81.48,49,30,17,20,,,,,,,,,,,,,,,,,,,,,,,,,,,,False
405397.0,keito nakamura,reims,jp JPN,"FW,MF",28/7/2000,24.0,8000000.0,29.4,11,2,9.1,2.9,84,32,575,775,74.19,24,16,21,13,,,,,,,,,,,,,,,,,,,,,,,,,,,,False
621993.0,andrew omobamidele,strasbourg,ie IRL,DF,23/6/2002,23.0,8000000.0,6.0,0,0,0.0,0.0,0,0,367,390,94.1,7,4,12,8,,,,,,,,,,,,,,,,,,,,,,,,,,,,False
353404.0,gaetan perrin,auxerre,fr FRA,"MF,FW",7/6/1996,29.0,8000000.0,29.9,10,11,6.1,7.8,59,26,728,1031,70.61,49,26,10,12,,,,,,,,,,,,,,,,,,,,,,,,,,,,False
659513.0,soumaila coulibaly,brest,fr FRA,DF,14/10/2003,21.0,8000000.0,4.9,0,0,0.2,0.1,4,0,281,317,88.64,4,2,7,5,,,,,,,,,,,,,,,,,,,,,,,,,,,,False
1086636.0,gabriel moscardo,reims,br BRA,"MF,DF",28/9/2005,19.0,8000000.0,0.9,0,0,0.2,0.0,2,0,30,38,78.95,3,1,3,0,,,,,,,,,,,,,,,,,,,,,,,,,,,,False
746833.0,caleb wiley,strasbourg,us USA,"DF,MF",22/12/2004,20.0,8000000.0,3.0,0,1,0.0,0.7,1,0,97,123,78.86,1,0,3,4,,,,,,,,,,,,,,,,,,,,,,,,,,,,False
768380.0,arouna sangante,le havre,sn SEN,DF,12/4/2002,23.0,8000000.0,13.8,3,0,1.0,0.1,7,4,693,796,87.06,25,16,11,21,,,,,,,,,,,,,,,,,,,,,,,,,,,,False
667517.0,jordan james,rennes,wls WAL,MF,2/7/2004,20.0,8000000.0,13.1,0,1,0.9,1.9,17,3,483,574,84.15,30,19,14,14,,,,,,,,,,,,,,,,,,,,,,,,,,,,False
217115.0,neal maupay,marseille,fr FRA,FW,14/8/1996,28.0,8000000.0,11.6,4,4,4.1,2.2,19,10,250,297,84.18,9,4,5,2,,,,,,,,,,,,,,,,,,,,,,,,,,,,False
229604.0,geronimo rulli,marseille,ar ARG,GK,20/5/1992,33.0,8000000.0,34.0,0,0,0.0,0.1,0,0,1058,1204,87.87,4,3,1,1,47.0,1.38,135.0,87.0,67.4,5.0,14.7,6.0,3.0,3.0,0.0,47.5,0.33,2.5,0.07,92.0,202.0,45.5,1097.0,133.0,15.0,24.4,28.0,9.1,59.0,1.74,18.3,True
377641.0,almoatasem al musrati,monaco,ly LBY,MF,6/4/1996,29.0,8000000.0,4.3,1,1,0.5,0.4,11,3,255,291,87.63,14,11,3,5,,,,,,,,,,,,,,,,,,,,,,,,,,,,False
315145.0,azor matusiwa,rennes,nl NED,MF,28/4/1998,27.0,8000000.0,23.1,1,3,1.2,1.8,11,2,975,1119,87.13,64,39,29,34,,,,,,,,,,,,,,,,,,,,,,,,,,,,False
491296.0,anass zaroury,lens,ma MAR,"FW,MF",7/11/2000,24.0,8000000.0,15.6,2,2,1.7,2.9,35,12,506,746,67.83,23,17,9,6,,,,,,,,,,,,,,,,,,,,,,,,,,,,False
329812.0,jota,rennes,pt POR,"FW,MF",30/3/1999,26.0,8000000.0,3.7,1,0,1.3,0.3,4,2,95,132,71.97,5,2,1,3,,,,,,,,,,,,,,,,,,,,,,,,,,,,False
353399.0,romain del castillo,brest,fr FRA,FW,29/3/1996,29.0,7000000.0,14.0,6,4,4.7,3.4,17,8,480,688,69.77,31,22,16,6,,,,,,,,,,,,,,,,,,,,,,,,,,,,False
238266.0,duje caleta-car,lyon,hr CRO,DF,17/9/1996,28.0,7000000.0,17.6,1,0,2.1,0.1,11,1,896,985,90.96,20,12,33,17,,,,,,,,,,,,,,,,,,,,,,,,,,,,False
239743.0,przemysaw frankowski,lens,pl POL,DF,12/4/1995,30.0,7000000.0,15.4,4,2,2.3,2.5,14,5,875,1092,80.13,32,21,10,19,,,,,,,,,,,,,,,,,,,,,,,,,,,,False
127189.0,geoffrey kondogbia,marseille,cf CTA,"DF,MF",15/2/1993,32.0,7000000.0,22.4,0,0,0.5,0.2,8,1,1668,1803,92.51,60,38,23,22,,,,,,,,,,,,,,,,,,,,,,,,,,,,False
646402.0,abner,lyon,br BRA,DF,27/5/2000,25.0,7000000.0,12.1,1,1,0.6,1.1,7,3,568,675,84.15,29,20,15,5,,,,,,,,,,,,,,,,,,,,,,,,,,,,False
361065.0,mitchel bakker,lille,nl NED,"FW,DF",20/6/2000,25.0,7000000.0,12.7,3,2,3.0,2.7,23,10,499,641,77.85,23,13,10,12,,,,,,,,,,,,,,,,,,,,,,,,,,,,False
592979.0,himad abdelli,angers,dz ALG,"MF,FW",17/11/1999,25.0,7000000.0,31.6,6,1,6.4,3.2,35,8,1373,1672,82.12,48,32,24,26,,,,,,,,,,,,,,,,,,,,,,,,,,,,False
266359.0,benjamin bourigeaud,rennes,fr FRA,MF,14/1/1994,31.0,7000000.0,0.9,1,0,0.2,0.0,2,1,36,48,75.0,1,0,2,2,,,,,,,,,,,,,,,,,,,,,,,,,,,,False
947360.0,kassoum ouattara,monaco,fr FRA,"DF,FW",14/10/2004,20.0,7000000.0,4.3,0,1,0.2,1.2,2,1,172,217,79.26,9,7,6,5,,,,,,,,,,,,,,,,,,,,,,,,,,,,False
450936.0,tanguy ndombele,nice,fr FRA,MF,28/12/1996,28.0,7000000.0,12.6,1,2,2.4,2.4,11,2,415,476,87.18,35,23,9,14,,,,,,,,,,,,,,,,,,,,,,,,,,,,False
453376.0,joseph okumu,reims,ke KEN,DF,26/5/1997,28.0,7000000.0,18.8,1,0,1.0,0.1,12,2,883,1083,81.53,30,15,33,25,,,,,,,,,,,,,,,,,,,,,,,,,,,,False
490426.0,krepin diatta,monaco,sn SEN,"DF,FW",25/2/1999,26.0,7000000.0,5.6,0,0,0.2,0.8,2,1,240,314,76.43,18,12,5,9,,,,,,,,,,,,,,,,,,,,,,,,,,,,False
375137.0,ismail jakobs,monaco,sn SEN,DF,17/8/1999,25.0,7000000.0,2.0,0,0,0.0,0.2,0,0,85,105,80.95,5,5,0,2,,,,,,,,,,,,,,,,,,,,,,,,,,,,False
461607.0,esteban lepaul,angers,fr FRA,FW,18/4/2000,25.0,7000000.0,18.1,9,0,5.1,0.8,41,17,241,359,67.13,11,6,15,4,,,,,,,,,,,,,,,,,,,,,,,,,,,,False
639712.0,etienne youte kinkoue,le havre,fr FRA,DF,14/1/2002,23.0,7000000.0,25.8,0,0,1.3,0.2,14,1,1124,1262,89.06,19,10,36,29,,,,,,,,,,,,,,,,,,,,,,,,,,,,False
538994.0,pierre ekwah elimby,saint etienne,fr FRA,MF,15/1/2002,23.0,7000000.0,28.6,1,0,0.7,1.0,25,6,1405,1593,88.2,54,33,26,47,,,,,,,,,,,,,,,,,,,,,,,,,,,,False
418651.0,yahia fofana,angers,ci CIV,GK,21/8/2000,24.0,7000000.0,33.0,0,0,0.0,0.1,0,0,697,1014,68.74,0,0,0,1,51.0,1.55,186.0,135.0,74.2,7.0,21.2,4.0,3.0,0.0,1.0,63.5,0.34,12.5,0.38,144.0,435.0,33.1,751.0,180.0,38.6,35.8,48.0,9.0,20.0,0.61,10.7,True
707242.0,badredine bouanani,nice,dz ALG,"MF,FW",8/12/2004,20.0,7000000.0,12.2,3,3,2.7,2.4,30,14,330,430,76.74,11,4,16,11,,,,,,,,,,,,,,,,,,,,,,,,,,,,False
355627.0,sergio akieme,reims,es ESP,DF,16/12/1997,27.0,7000000.0,28.0,2,3,1.5,2.5,26,7,929,1147,80.99,34,23,26,17,,,,,,,,,,,,,,,,,,,,,,,,,,,,False
285323.0,baptiste santamaria,nice,fr FRA,MF,9/3/1995,30.0,7000000.0,10.3,0,0,0.9,1.0,16,3,389,471,82.59,20,10,14,18,,,,,,,,,,,,,,,,,,,,,,,,,,,,False
362108.0,gabriel gudmundsson,lille,se SWE,DF,29/4/1999,26.0,7000000.0,19.8,2,0,0.7,1.4,18,5,866,1055,82.09,36,25,19,17,,,,,,,,,,,,,,,,,,,,,,,,,,,,False
197642.0,chuba akpom,lille,eng ENG,FW,9/10/1995,29.0,7000000.0,7.1,3,1,5.0,0.5,18,9,67,99,67.68,8,5,9,0,,,,,,,,,,,,,,,,,,,,,,,,,,,,False
951579.0,sael kumbedi,lyon,fr FRA,DF,26/3/2005,20.0,7000000.0,10.6,0,0,0.3,0.3,4,2,436,509,85.66,28,14,11,8,,,,,,,,,,,,,,,,,,,,,,,,,,,,False
313094.0,jordan lotomba,nice,ch SUI,"MF,DF",29/9/1998,26.0,6500000.0,0.4,0,0,0.0,0.0,0,0,17,21,80.95,0,0,0,0,,,,,,,,,,,,,,,,,,,,,,,,,,,,False
377393.0,pierre lees-melou,brest,fr FRA,MF,25/5/1993,32.0,6000000.0,17.0,2,2,1.3,2.8,22,8,902,1057,85.34,48,33,19,12,,,,,,,,,,,,,,,,,,,,,,,,,,,,False
719442.0,david costa,lens,pt POR,"MF,FW",5/1/2001,24.0,6000000.0,3.9,0,0,1.2,0.4,9,2,128,155,82.58,2,0,5,1,,,,,,,,,,,,,,,,,,,,,,,,,,,,False
467632.0,cristian casseres jr.,toulouse,ve VEN,MF,20/1/2000,25.0,6000000.0,30.0,1,3,1.0,2.6,17,5,1120,1421,78.82,96,61,35,42,,,,,,,,,,,,,,,,,,,,,,,,,,,,False
250779.0,brendan chardonnet,brest,fr FRA,DF,22/12/1994,30.0,6000000.0,26.8,1,0,0.8,1.2,14,1,993,1210,82.07,45,33,45,29,,,,,,,,,,,,,,,,,,,,,,,,,,,,False
245537.0,nabil bentaleb,lille,dz ALG,MF,24/11/1994,30.0,6000000.0,3.7,1,0,0.7,0.0,5,1,210,244,86.07,4,3,5,5,,,,,,,,,,,,,,,,,,,,,,,,,,,,False
393621.0,douglas,nantes,br BRA,MF,13/1/1997,28.0,6000000.0,25.6,4,2,3.4,1.5,36,14,1029,1190,86.47,69,42,51,32,,,,,,,,,,,,,,,,,,,,,,,,,,,,False
131225.0,nicolas tagliafico,lyon,ar ARG,DF,31/8/1992,32.0,6000000.0,21.1,3,1,3.0,0.8,28,7,1159,1338,86.62,57,37,25,36,,,,,,,,,,,,,,,,,,,,,,,,,,,,False
847279.0,oumar diakite,reims,ci CIV,FW,20/12/2003,21.0,6000000.0,18.1,4,1,5.5,1.1,26,9,291,354,82.2,20,13,13,3,,,,,,,,,,,,,,,,,,,,,,,,,,,,False
346546.0,radosaw majecki,monaco,pl POL,GK,16/11/1999,25.0,6000000.0,15.0,0,0,0.0,0.0,0,0,304,407,74.69,0,0,0,0,22.0,1.47,65.0,43.0,69.2,3.0,20.0,2.0,2.0,0.0,0.0,21.1,0.31,-0.9,-0.06,27.0,112.0,24.1,320.0,76.0,26.6,30.5,14.0,9.1,18.0,1.2,14.0,True
221025.0,andre gomes,lille,pt POR,MF,30/7/1993,31.0,6000000.0,14.2,0,0,0.5,0.7,11,3,861,963,89.41,27,13,7,6,,,,,,,,,,,,,,,,,,,,,,,,,,,,False
93720.0,alexandre lacazette,lyon,fr FRA,FW,28/5/1991,34.0,6000000.0,22.8,15,2,16.3,3.4,53,31,393,547,71.85,13,6,13,8,,,,,,,,,,,,,,,,,,,,,,,,,,,,False
1121298.0,abdulai juma bah,lens,sl SLE,DF,11/4/2006,19.0,6000000.0,7.6,0,0,0.1,0.2,2,1,353,378,93.39,16,10,10,17,,,,,,,,,,,,,,,,,,,,,,,,,,,,False
555076.0,romain faivre,brest,fr FRA,"MF,FW",14/7/1998,26.0,6000000.0,10.0,3,2,2.6,1.9,18,9,311,379,82.06,13,10,8,4,,,,,,,,,,,,,,,,,,,,,,,,,,,,False
670096.0,tanner tessmann,lyon,us USA,MF,24/9/2001,23.0,6000000.0,13.7,1,0,1.0,0.6,18,10,685,766,89.43,25,15,13,19,,,,,,,,,,,,,,,,,,,,,,,,,,,,False
624037.0,joris chotard,montpellier,fr FRA,MF,24/9/2001,23.0,6000000.0,21.0,1,0,1.3,0.5,19,3,672,822,81.75,39,27,28,19,,,,,,,,,,,,,,,,,,,,,,,,,,,,False
1011200.0,junior mwanga,le havre,fr FRA,MF,11/5/2003,22.0,6000000.0,10.6,1,2,1.3,1.0,16,3,366,445,82.25,26,16,10,8,,,,,,,,,,,,,,,,,,,,,,,,,,,,False
585973.0,johann lepenant,nantes,fr FRA,MF,22/10/2002,22.0,6000000.0,22.8,2,1,1.4,0.9,20,5,582,725,80.28,68,33,35,18,,,,,,,,,,,,,,,,,,,,,,,,,,,,False
807128.0,saidou sow,strasbourg,gn GUI,DF,4/7/2002,22.0,6000000.0,11.3,0,1,0.3,0.2,4,1,577,636,90.72,9,5,15,15,,,,,,,,,,,,,,,,,,,,,,,,,,,,False
572326.0,christopher wooh,rennes,cm CMR,DF,18/9/2001,23.0,6000000.0,16.2,0,0,1.3,0.1,10,4,749,860,87.09,36,19,22,23,,,,,,,,,,,,,,,,,,,,,,,,,,,,False
666974.0,mikayil ngor faye,rennes,sn SEN,DF,14/7/2004,20.0,6000000.0,7.6,0,0,0.4,0.0,6,3,473,534,88.58,15,12,9,12,,,,,,,,,,,,,,,,,,,,,,,,,,,,False
474662.0,hugo magnetti,brest,fr FRA,MF,30/5/1998,27.0,6000000.0,25.8,1,0,0.8,0.4,19,6,920,1083,84.95,52,32,20,18,,,,,,,,,,,,,,,,,,,,,,,,,,,,False
181378.0,gaetan laborde,nice,fr FRA,FW,3/5/1994,31.0,6000000.0,20.3,11,4,11.7,3.5,70,20,346,497,69.62,19,13,16,6,,,,,,,,,,,,,,,,,,,,,,,,,,,,False
348791.0,junya ito,reims,jp JPN,"FW,MF",9/3/1993,32.0,6000000.0,29.9,4,3,4.6,7.1,31,11,811,1214,66.8,45,30,33,13,,,,,,,,,,,,,,,,,,,,,,,,,,,,False
354814.0,m'bala nzola,lens,ao ANG,FW,18/8/1996,28.0,6000000.0,16.2,6,1,8.6,1.3,47,18,227,302,75.17,5,4,9,5,,,,,,,,,,,,,,,,,,,,,,,,,,,,False
429259.0,mark mckenzie,toulouse,us USA,DF,25/2/1999,26.0,6000000.0,27.7,1,1,1.4,0.5,8,2,1167,1356,86.06,52,31,31,22,,,,,,,,,,,,,,,,,,,,,,,,,,,,False
192616.0,ulisses garcia,marseille,ch SUI,DF,11/1/1996,29.0,5000000.0,10.3,2,2,1.5,1.4,8,2,535,632,84.65,14,11,5,8,,,,,,,,,,,,,,,,,,,,,,,,,,,,False
667967.0,yassine kechta,le havre,ma MAR,"MF,FW",25/2/2002,23.0,5000000.0,23.3,2,0,2.5,1.2,29,9,599,756,79.23,60,36,25,26,,,,,,,,,,,,,,,,,,,,,,,,,,,,False
145988.0,wilfried zaha,lyon,ci CIV,FW,10/11/1992,32.0,5000000.0,0.8,0,0,0.1,0.0,1,1,28,32,87.5,1,1,3,1,,,,,,,,,,,,,,,,,,,,,,,,,,,,False
242632.0,glen kamara,rennes,fi FIN,MF,28/10/1995,29.0,5000000.0,7.4,0,1,0.2,0.2,1,0,372,412,90.29,23,11,7,7,,,,,,,,,,,,,,,,,,,,,,,,,,,,False
462348.0,mostafa mohamed,nantes,eg EGY,FW,28/11/1997,27.0,5000000.0,13.9,5,0,5.5,0.4,43,16,160,247,64.78,18,9,10,10,,,,,,,,,,,,,,,,,,,,,,,,,,,,False
536508.0,han-noah massengo,auxerre,fr FRA,MF,7/7/2001,23.0,5000000.0,11.6,0,0,0.4,0.4,6,3,375,443,84.65,17,11,12,17,,,,,,,,,,,,,,,,,,,,,,,,,,,,False
565406.0,kazeem olaigbe,rennes,be BEL,"MF,FW",2/1/2003,22.0,5000000.0,3.3,0,2,0.3,1.9,6,2,124,141,87.94,6,4,3,0,,,,,,,,,,,,,,,,,,,,,,,,,,,,False
250013.0,angelo fulgini,lens,fr FRA,"MF,FW",20/8/1996,28.0,5000000.0,11.6,1,1,2.4,3.8,26,9,509,652,78.07,14,10,11,2,,,,,,,,,,,,,,,,,,,,,,,,,,,,False
485583.0,ki-jana hoever,auxerre,nl NED,DF,18/1/2002,23.0,5000000.0,23.6,1,2,0.5,2.7,10,5,768,1084,70.85,51,38,33,21,,,,,,,,,,,,,,,,,,,,,,,,,,,,False
215977.0,adrien thomasson,lens,fr FRA,MF,10/12/1993,31.0,5000000.0,29.1,3,7,5.9,6.0,41,11,1318,1612,81.76,90,47,48,19,,,,,,,,,,,,,,,,,,,,,,,,,,,,False
1057820.0,jeremy agbonifo,lens,se SWE,"FW,MF",24/10/2005,19.0,5000000.0,3.3,1,0,0.7,0.2,6,4,58,80,72.5,7,6,2,1,,,,,,,,,,,,,,,,,,,,,,,,,,,,False
640109.0,martin satriano,lens,uy URU,"FW,DF",20/2/2001,24.0,5000000.0,1.0,0,0,0.4,0.1,5,0,18,30,60.0,3,1,0,0,,,,,,,,,,,,,,,,,,,,,,,,,,,,False
258039.0,aurelio buta,reims,pt POR,DF,10/2/1997,28.0,5000000.0,21.9,0,1,0.3,0.8,8,1,819,991,82.64,37,24,19,22,,,,,,,,,,,,,,,,,,,,,,,,,,,,False
324811.0,arnaud nordin,montpellier,fr FRA,FW,17/6/1998,27.0,5000000.0,13.0,4,1,4.1,0.9,26,11,232,332,69.88,24,15,12,5,,,,,,,,,,,,,,,,,,,,,,,,,,,,False
344596.0,malang sarr,lens,fr FRA,DF,23/1/1999,26.0,5000000.0,15.4,0,0,0.3,0.3,6,1,854,955,89.42,21,13,18,22,,,,,,,,,,,,,,,,,,,,,,,,,,,,False
457931.0,luiz felipe,marseille,it ITA,DF,22/3/1997,28.0,5000000.0,1.4,0,0,0.0,0.0,0,0,58,66,87.88,4,3,3,3,,,,,,,,,,,,,,,,,,,,,,,,,,,,False
702441.0,sinaly diomande,auxerre,ci CIV,DF,9/4/2001,24.0,5000000.0,21.6,3,2,1.1,0.6,9,4,813,961,84.6,39,19,37,30,,,,,,,,,,,,,,,,,,,,,,,,,,,,False
845872.0,milos lukovic,strasbourg,rs SRB,"FW,MF",18/11/2005,19.0,5000000.0,0.1,0,0,0.0,0.0,0,0,2,3,66.67,0,0,0,0,,,,,,,,,,,,,,,,,,,,,,,,,,,,False
557612.0,sekou mara,strasbourg,fr FRA,"FW,MF",30/7/2002,22.0,5000000.0,8.5,1,1,2.0,1.0,19,5,128,185,69.19,9,6,11,3,,,,,,,,,,,,,,,,,,,,,,,,,,,,False
174094.0,morgan sanson,nice,fr FRA,MF,18/8/1994,30.0,5000000.0,2.6,3,0,1.5,0.1,9,4,83,106,78.3,6,3,3,4,,,,,,,,,,,,,,,,,,,,,,,,,,,,False
659520.0,bilal nadir,marseille,ma MAR,MF,28/11/2003,21.0,5000000.0,4.3,1,0,0.6,0.4,8,3,220,252,87.3,10,3,6,4,,,,,,,,,,,,,,,,,,,,,,,,,,,,False
783094.0,benjamin bouchouari,saint etienne,ma MAR,MF,13/11/2001,23.0,5000000.0,19.7,1,0,0.6,0.9,16,3,902,1040,86.73,33,27,21,17,,,,,,,,,,,,,,,,,,,,,,,,,,,,False
84301.0,benjamin andre,lille,fr FRA,MF,3/8/1990,34.0,5000000.0,29.9,0,3,1.4,1.9,16,4,1586,1911,82.99,103,57,42,48,,,,,,,,,,,,,,,,,,,,,,,,,,,,False
175639.0,jonathan clauss,nice,fr FRA,"DF,MF",25/9/1992,32.0,5000000.0,25.6,3,8,2.2,7.7,26,8,1006,1399,71.91,52,35,25,48,,,,,,,,,,,,,,,,,,,,,,,,,,,,False
282041.0,presnel kimpembe,paris s g,fr FRA,DF,13/8/1995,29.0,5000000.0,0.3,0,0,0.0,0.0,0,0,18,18,100.0,1,0,2,0,,,,,,,,,,,,,,,,,,,,,,,,,,,,False
903666.0,ethan mbappe,lille,fr FRA,"MF,FW",29/12/2006,18.0,5000000.0,2.5,0,0,1.1,1.5,11,4,105,139,75.54,6,2,6,1,,,,,,,,,,,,,,,,,,,,,,,,,,,,False
242273.0,pedro chirivella,nantes,es ESP,MF,23/5/1997,28.0,5000000.0,26.1,0,2,0.5,1.8,8,2,1336,1570,85.1,44,29,25,19,,,,,,,,,,,,,,,,,,,,,,,,,,,,False
251322.0,philipp kohn,monaco,ch SUI,GK,2/4/1998,27.0,5000000.0,19.0,0,0,0.0,0.0,0,0,414,546,75.82,0,0,0,0,19.0,1.0,63.0,44.0,71.4,8.0,42.1,1.0,1.0,0.0,0.0,17.2,0.26,-1.8,-0.1,50.0,157.0,31.8,447.0,70.0,25.7,29.9,16.0,7.1,20.0,1.05,14.8,True
806793.0,clement akpa,auxerre,ci CIV,DF,24/11/2001,23.0,5000000.0,27.6,0,1,0.3,0.9,6,1,998,1209,82.55,55,34,38,42,,,,,,,,,,,,,,,,,,,,,,,,,,,,False
607034.0,akor adams,montpellier,ng NGA,FW,29/1/2000,25.0,5000000.0,11.9,3,1,4.3,1.0,26,12,112,179,62.57,4,3,2,1,,,,,,,,,,,,,,,,,,,,,,,,,,,,False
599663.0,faris pemi moumbagna,marseille,cm CMR,FW,1/7/2000,24.0,5000000.0,0.1,0,0,0.0,0.0,0,0,0,0,0.0,0,0,0,0,,,,,,,,,,,,,,,,,,,,,,,,,,,,False
328609.0,derek cornelius,marseille,ca CAN,DF,25/11/1997,27.0,5000000.0,15.8,0,0,0.9,0.1,9,1,1267,1357,93.37,24,17,16,14,,,,,,,,,,,,,,,,,,,,,,,,,,,,False
507344.0,becir omeragic,montpellier,ch SUI,DF,20/1/2002,23.0,4500000.0,20.0,0,0,0.3,0.1,7,3,832,903,92.14,32,16,32,13,,,,,,,,,,,,,,,,,,,,,,,,,,,,False
283227.0,rasmus nicolaisen,toulouse,dk DEN,DF,16/3/1997,28.0,4500000.0,6.9,0,1,0.4,0.2,5,0,339,385,88.05,6,3,10,10,,,,,,,,,,,,,,,,,,,,,,,,,,,,False
673514.0,abdoulaye niakhate ndiaye,brest,sn SEN,DF,10/4/2002,23.0,4000000.0,19.0,1,0,1.0,0.0,11,2,804,931,86.36,49,33,29,11,,,,,,,,,,,,,,,,,,,,,,,,,,,,False
763182.0,josue casimir,le havre,ht HAI,"FW,MF",24/9/2001,23.0,4000000.0,22.2,4,4,3.3,3.3,27,9,410,597,68.68,37,26,19,7,,,,,,,,,,,,,,,,,,,,,,,,,,,,False
569140.0,lassine sinayoko,auxerre,ml MLI,"FW,MF",8/12/1999,25.0,4000000.0,25.5,5,8,6.5,5.5,60,16,528,688,76.74,33,20,16,13,,,,,,,,,,,,,,,,,,,,,,,,,,,,False
476836.0,aron dnnum,toulouse,no NOR,"DF,MF",20/4/1998,27.0,4000000.0,29.9,2,2,2.1,4.6,31,5,880,1213,72.55,56,35,29,28,,,,,,,,,,,,,,,,,,,,,,,,,,,,False
325223.0,mama samba balde,lyon,gw GNB,FW,6/11/1995,29.0,4000000.0,0.4,0,0,0.1,0.0,1,0,4,6,66.67,2,2,0,1,,,,,,,,,,,,,,,,,,,,,,,,,,,,False
671594.0,kamory doumbia,brest,ml MLI,"MF,FW",18/2/2003,22.0,4000000.0,14.7,3,2,2.7,1.2,22,10,561,697,80.49,41,29,17,28,,,,,,,,,,,,,,,,,,,,,,,,,,,,False
164771.0,jordan veretout,lyon,fr FRA,MF,1/3/1993,32.0,4000000.0,17.3,2,0,1.9,0.6,21,9,792,944,83.9,30,14,17,5,,,,,,,,,,,,,,,,,,,,,,,,,,,,False
1006411.0,jaydee canvot,toulouse,fr FRA,"DF,MF",29/7/2006,18.0,4000000.0,12.3,0,0,0.2,0.7,5,1,462,536,86.19,23,11,10,11,,,,,,,,,,,,,,,,,,,,,,,,,,,,False
126557.0,jonathan gradit,lens,fr FRA,DF,24/11/1992,32.0,4000000.0,23.5,0,0,0.8,0.7,16,4,1133,1332,85.06,44,23,27,25,,,,,,,,,,,,,,,,,,,,,,,,,,,,False
566025.0,mohamed abdelmoneim,nice,eg EGY,DF,1/2/1999,26.0,4000000.0,9.5,0,0,0.0,0.0,0,0,471,521,90.4,21,14,11,15,,,,,,,,,,,,,,,,,,,,,,,,,,,,False
574385.0,mohamed daramy,reims,dk DEN,FW,7/1/2002,23.0,4000000.0,0.2,0,0,0.0,0.1,1,0,4,4,100.0,0,0,0,0,,,,,,,,,,,,,,,,,,,,,,,,,,,,False
933900.0,samuel amo-ameyaw,strasbourg,eng ENG,"DF,MF",18/7/2006,18.0,4000000.0,3.6,2,0,0.7,0.6,9,7,106,123,86.18,5,3,3,3,,,,,,,,,,,,,,,,,,,,,,,,,,,,False
385105.0,gabriel suazo,toulouse,cl CHI,DF,9/8/1997,27.0,4000000.0,24.0,0,6,0.8,3.8,7,4,994,1248,79.65,59,39,27,36,,,,,,,,,,,,,,,,,,,,,,,,,,,,False
397171.0,gideon mensah,auxerre,gh GHA,DF,18/7/1998,26.0,4000000.0,25.3,0,1,0.2,2.6,4,1,1056,1321,79.94,68,45,27,50,,,,,,,,,,,,,,,,,,,,,,,,,,,,False
280387.0,vincent sierro,toulouse,ch SUI,MF,8/10/1995,29.0,4000000.0,26.7,5,1,4.2,3.6,30,7,1076,1372,78.43,44,27,34,16,,,,,,,,,,,,,,,,,,,,,,,,,,,,False
298975.0,pol lirola,marseille,es ESP,DF,13/8/1997,27.0,4000000.0,7.6,1,2,0.6,0.7,6,1,330,397,83.12,13,9,7,4,,,,,,,,,,,,,,,,,,,,,,,,,,,,False
1071956.0,emmanuel biumla,angers,fr FRA,DF,8/5/2005,20.0,4000000.0,14.8,1,0,0.7,0.0,4,2,440,499,88.18,19,12,18,8,,,,,,,,,,,,,,,,,,,,,,,,,,,,False
1044893.0,yaya kader fofana,reims,ml MLI,"MF,FW",12/6/2004,21.0,4000000.0,7.0,1,1,0.6,1.7,13,4,177,232,76.29,17,11,11,3,,,,,,,,,,,,,,,,,,,,,,,,,,,,False
667965.0,oussama targhalline,le havre,ma MAR,MF,20/5/2002,23.0,4000000.0,11.0,0,0,0.1,0.7,5,0,348,437,79.63,19,14,14,19,,,,,,,,,,,,,,,,,,,,,,,,,,,,False
1178474.0,amadou kone,reims,ml MLI,MF,14/5/2005,20.0,4000000.0,14.4,0,0,0.5,0.3,14,4,518,602,86.05,49,32,18,19,,,,,,,,,,,,,,,,,,,,,,,,,,,,False
1119456.0,louis leroux,nantes,fr FRA,"MF,DF",23/1/2006,19.0,4000000.0,9.1,2,1,1.5,1.3,9,5,248,300,82.67,25,18,22,8,,,,,,,,,,,,,,,,,,,,,,,,,,,,False
283994.0,ludovic ajorque,brest,fr FRA,FW,25/2/1994,31.0,4000000.0,27.7,13,2,10.4,3.1,53,25,462,671,68.85,26,19,20,6,,,,,,,,,,,,,,,,,,,,,,,,,,,,False
807165.0,bamo meite,montpellier,ci CIV,DF,3/12/2001,23.0,4000000.0,4.7,0,0,0.0,0.0,1,0,153,173,88.44,5,3,3,4,,,,,,,,,,,,,,,,,,,,,,,,,,,,False
717585.0,mory gbane,reims,ci CIV,"DF,MF",25/12/2000,24.0,4000000.0,12.5,0,1,0.2,0.6,4,2,447,524,85.31,20,11,12,18,,,,,,,,,,,,,,,,,,,,,,,,,,,,False
423678.0,meschak elia,nantes,cd COD,FW,6/8/1997,27.0,4000000.0,1.9,1,0,1.1,0.2,5,1,35,62,56.45,7,5,3,0,,,,,,,,,,,,,,,,,,,,,,,,,,,,False
469976.0,christopher operi,le havre,ci CIV,"DF,FW",29/4/1997,28.0,3800000.0,13.0,0,2,0.3,2.2,7,1,533,747,71.35,13,9,20,14,,,,,,,,,,,,,,,,,,,,,,,,,,,,False
373433.0,adryelson,lyon,br BRA,DF,23/3/1998,27.0,3500000.0,0.0,0,0,0.0,0.0,0,0,1,3,33.33,0,0,0,1,,,,,,,,,,,,,,,,,,,,,,,,,,,,False
279570.0,daler kuzyaev,le havre,ru RUS,MF,15/1/1993,32.0,3500000.0,6.3,1,0,0.2,0.6,4,3,211,260,81.15,13,8,7,9,,,,,,,,,,,,,,,,,,,,,,,,,,,,False
538971.0,naouirou ahamada,rennes,fr FRA,"MF,FW",29/3/2002,23.0,3500000.0,0.6,0,0,0.0,0.0,1,0,17,22,77.27,0,0,0,2,,,,,,,,,,,,,,,,,,,,,,,,,,,,False
187718.0,clinton mata,lyon,ao ANG,DF,7/11/1992,32.0,3500000.0,26.3,0,4,0.2,1.4,5,0,1448,1636,88.51,41,29,26,46,,,,,,,,,,,,,,,,,,,,,,,,,,,,False
182875.0,jean-charles castelletto,nantes,cm CMR,"DF,MF",26/1/1995,30.0,3500000.0,29.1,0,0,1.8,0.1,17,5,1233,1391,88.64,34,17,27,25,,,,,,,,,,,,,,,,,,,,,,,,,,,,False
475416.0,sorba thomas,nantes,wls WAL,"FW,MF",25/1/1999,26.0,3500000.0,14.7,1,3,1.5,3.7,9,1,360,550,65.45,14,6,12,9,,,,,,,,,,,,,,,,,,,,,,,,,,,,False
485965.0,nicolas cozza,nantes,fr FRA,"DF,MF",8/1/1999,26.0,3500000.0,22.8,1,0,1.4,1.4,17,6,608,782,77.75,59,41,25,25,,,,,,,,,,,,,,,,,,,,,,,,,,,,False
425400.0,farid el melali,angers,dz ALG,FW,13/7/1997,27.0,3500000.0,21.0,2,3,3.6,3.1,46,14,372,532,69.92,28,16,19,16,,,,,,,,,,,,,,,,,,,,,,,,,,,,False
713787.0,jhoanner chavez,lens,ec ECU,"DF,MF",25/4/2002,23.0,3500000.0,6.6,1,0,0.3,0.7,5,3,230,308,74.68,9,5,10,6,,,,,,,,,,,,,,,,,,,,,,,,,,,,False
203746.0,ruben aguilar,lens,fr FRA,"DF,MF",26/4/1993,32.0,3500000.0,12.5,1,2,0.8,1.9,11,3,677,843,80.31,34,18,25,13,,,,,,,,,,,,,,,,,,,,,,,,,,,,False
357047.0,gautier larsonneur,saint etienne,fr FRA,GK,23/2/1997,28.0,3000000.0,34.0,0,0,0.0,0.0,0,0,782,1185,65.99,1,0,1,0,77.0,2.26,209.0,132.0,69.4,5.0,14.7,15.0,13.0,2.0,0.0,73.5,0.3,-1.5,-0.04,131.0,486.0,27.0,978.0,145.0,38.8,34.7,24.0,4.7,33.0,1.0,14.0,True
249636.0,gautier lloris,le havre,fr FRA,DF,18/7/1995,29.0,3000000.0,30.8,2,1,1.2,0.9,11,2,1317,1511,87.16,68,43,33,34,,,,,,,,,,,,,,,,,,,,,,,,,,,,False
182916.0,wesley said,lens,fr FRA,FW,19/4/1995,30.0,3000000.0,10.1,3,0,3.2,1.0,17,7,193,248,77.82,16,11,6,2,,,,,,,,,,,,,,,,,,,,,,,,,,,,False
357117.0,alban lafont,nantes,ci CIV,GK,23/1/1999,26.0,3000000.0,12.0,0,0,0.0,0.0,0,0,256,367,69.75,1,1,2,0,19.0,1.58,49.0,32.0,67.3,2.0,16.7,3.0,3.0,0.0,0.0,16.8,0.3,-0.2,-0.02,40.0,143.0,28.0,309.0,56.0,34.0,34.9,16.0,8.0,6.0,0.5,10.6,True
567309.0,naatan skytta,toulouse,fi FIN,FW,7/5/2002,23.0,3000000.0,0.1,0,0,0.0,0.0,0,0,4,4,100.0,1,0,0,0,,,,,,,,,,,,,,,,,,,,,,,,,,,,False
332560.0,deiver machado,lens,co COL,"DF,MF",2/9/1993,31.0,3000000.0,20.1,1,4,2.3,2.1,23,5,763,913,83.57,36,26,20,16,,,,,,,,,,,,,,,,,,,,,,,,,,,,False
395695.0,elisha owusu,auxerre,gh GHA,MF,7/11/1997,27.0,3000000.0,26.0,1,3,0.4,1.0,7,3,693,847,81.82,73,41,33,42,,,,,,,,,,,,,,,,,,,,,,,,,,,,False
247555.0,edimilson fernandes,brest,ch SUI,"MF,DF",15/4/1996,29.0,3000000.0,12.3,0,1,0.4,0.6,10,2,486,572,84.97,9,7,14,20,,,,,,,,,,,,,,,,,,,,,,,,,,,,False
807689.0,frank magri,toulouse,cm CMR,"FW,MF",4/9/1999,25.0,3000000.0,16.8,5,1,6.0,1.5,44,18,178,251,70.92,8,2,16,4,,,,,,,,,,,,,,,,,,,,,,,,,,,,False
711996.0,warmed omari,lyon,km COM,DF,23/4/2000,25.0,3000000.0,0.1,0,0,0.0,0.0,0,0,6,6,100.0,0,0,0,0,,,,,,,,,,,,,,,,,,,,,,,,,,,,False
737781.0,jeremy le douaron,brest,fr FRA,FW,21/4/1998,27.0,3000000.0,1.1,0,0,0.2,0.0,2,1,11,14,78.57,1,0,1,0,,,,,,,,,,,,,,,,,,,,,,,,,,,,False
822458.0,bamba dieng,angers,sn SEN,FW,23/3/2000,25.0,3000000.0,5.9,3,0,3.1,0.0,13,6,80,103,77.67,4,1,2,0,,,,,,,,,,,,,,,,,,,,,,,,,,,,False
928323.0,ibrahim salah,brest,ma MAR,FW,30/8/2001,23.0,3000000.0,4.0,1,1,0.6,0.6,13,4,88,129,68.22,4,2,2,2,,,,,,,,,,,,,,,,,,,,,,,,,,,,False
1185888.0,ibrahim mbaye,paris s g,fr FRA,"FW,MF",24/1/2008,17.0,3000000.0,3.8,1,1,1.8,1.1,12,7,128,148,86.49,4,2,2,2,,,,,,,,,,,,,,,,,,,,,,,,,,,,False
364409.0,gabriel osho,auxerre,ng NGA,DF,14/8/1998,26.0,3000000.0,18.4,1,0,1.0,0.1,7,3,669,753,88.84,23,15,32,12,,,,,,,,,,,,,,,,,,,,,,,,,,,,False
364827.0,cedric kipre,reims,ci CIV,DF,9/12/1996,28.0,3000000.0,24.3,0,1,0.6,1.3,9,1,1148,1292,88.85,42,30,42,32,,,,,,,,,,,,,,,,,,,,,,,,,,,,False
1178475.0,mohamed bamba,reims,ci CIV,MF,8/10/2004,20.0,3000000.0,0.1,0,0,0.0,0.0,0,0,16,19,84.21,0,0,2,0,,,,,,,,,,,,,,,,,,,,,,,,,,,,False
524925.0,modibo sagnan,montpellier,ml MLI,DF,14/4/1999,26.0,3000000.0,23.8,2,0,0.7,0.6,11,3,857,967,88.62,57,35,24,29,,,,,,,,,,,,,,,,,,,,,,,,,,,,False
1054839.0,mamadou diakhon,reims,fr FRA,"FW,MF",22/9/2005,19.0,3000000.0,9.5,2,1,1.0,1.1,18,8,198,257,77.04,12,8,5,4,,,,,,,,,,,,,,,,,,,,,,,,,,,,False
409153.0,teddy teuma,reims,mt MLT,MF,30/9/1993,31.0,3000000.0,8.3,1,0,1.4,1.1,13,2,494,624,79.17,18,10,12,12,,,,,,,,,,,,,,,,,,,,,,,,,,,,False
466783.0,arnau tenas,paris s g,es ESP,GK,30/5/2001,24.0,3000000.0,1.0,0,1,0.0,0.2,0,0,31,32,96.88,0,0,0,0,1.0,1.0,4.0,3.0,75.0,0.0,0.0,0.0,0.0,0.0,0.0,1.5,0.37,0.5,0.46,3.0,4.0,75.0,30.0,4.0,13.3,25.4,1.0,20.0,1.0,1.0,15.6,True
355369.0,jordan pefok,reims,us USA,FW,26/4/1996,29.0,3000000.0,4.2,1,0,0.9,0.7,11,2,39,50,78.0,3,2,3,2,,,,,,,,,,,,,,,,,,,,,,,,,,,,False
124884.0,marco bizot,brest,nl NED,GK,10/3/1991,34.0,3000000.0,32.0,0,0,0.0,0.0,0,0,775,1121,69.13,2,1,0,0,54.0,1.69,128.0,74.0,64.1,10.0,31.3,10.0,8.0,1.0,1.0,46.2,0.31,-6.8,-0.21,218.0,522.0,41.8,902.0,134.0,42.0,36.0,33.0,7.2,53.0,1.66,16.2,True
211474.0,ali abdi,nice,tn TUN,"DF,MF",20/12/1993,31.0,3000000.0,15.5,5,2,4.3,1.9,29,11,502,678,74.04,43,25,20,20,,,,,,,,,,,,,,,,,,,,,,,,,,,,False
782630.0,khalil fayad,montpellier,fr FRA,"MF,FW",9/6/2004,21.0,3000000.0,11.4,0,0,1.3,0.3,17,3,426,514,82.88,31,16,18,10,,,,,,,,,,,,,,,,,,,,,,,,,,,,False
181382.0,abdoulaye toure,le havre,gn GUI,MF,3/3/1994,31.0,3000000.0,25.8,10,1,9.4,0.4,38,6,868,1059,81.96,61,34,36,34,,,,,,,,,,,,,,,,,,,,,,,,,,,,False
914934.0,henrik meister,rennes,dk DEN,FW,13/11/2003,21.0,2800000.0,0.7,1,0,0.1,0.3,2,1,11,14,78.57,2,0,4,1,,,,,,,,,,,,,,,,,,,,,,,,,,,,False
594991.0,mohamed lamine bayo,lille,gn GUI,FW,4/6/1998,27.0,2800000.0,3.4,2,1,2.2,0.5,10,4,41,58,70.69,1,1,0,0,,,,,,,,,,,,,,,,,,,,,,,,,,,,False
484992.0,aimen moueffek,saint etienne,fr FRA,MF,9/4/2001,24.0,2500000.0,11.5,0,1,1.1,1.1,10,2,336,396,84.85,20,12,20,5,,,,,,,,,,,,,,,,,,,,,,,,,,,,False
1047097.0,yoram zague,paris s g,fr FRA,"DF,FW",15/5/2006,19.0,2500000.0,2.0,0,0,0.1,0.1,1,1,172,183,93.99,8,6,3,2,,,,,,,,,,,,,,,,,,,,,,,,,,,,False
399383.0,mathieu cafaro,saint etienne,fr FRA,"MF,FW",25/3/1997,28.0,2500000.0,8.1,1,0,1.5,1.3,23,10,172,239,71.97,10,7,7,7,,,,,,,,,,,,,,,,,,,,,,,,,,,,False
149928.0,jubal,auxerre,br BRA,DF,29/8/1993,31.0,2500000.0,29.3,6,0,5.2,0.9,26,7,918,1057,86.85,60,39,61,25,,,,,,,,,,,,,,,,,,,,,,,,,,,,False
344072.0,kelvin amian,nantes,fr FRA,DF,8/2/1998,27.0,2500000.0,24.1,1,0,1.0,0.8,7,4,738,921,80.13,55,31,18,13,,,,,,,,,,,,,,,,,,,,,,,,,,,,False
1144999.0,luck zogbe,brest,ci CIV,DF,24/3/2005,20.0,2500000.0,7.1,0,0,0.3,0.1,8,1,253,328,77.13,32,18,11,14,,,,,,,,,,,,,,,,,,,,,,,,,,,,False
128969.0,mathew ryan,lens,au AUS,GK,8/4/1992,33.0,2500000.0,14.0,0,0,0.0,0.0,0,0,305,408,74.75,1,0,0,1,17.0,1.21,62.0,44.0,75.8,6.0,42.9,3.0,2.0,1.0,0.0,19.5,0.28,2.5,0.18,46.0,135.0,34.1,342.0,79.0,31.3,32.3,20.0,11.4,10.0,0.71,11.6,True
424072.0,mathias pereira lage,brest,pt POR,"FW,MF",30/11/1996,28.0,2500000.0,17.5,2,7,3.3,3.5,36,15,308,490,62.86,37,24,17,20,,,,,,,,,,,,,,,,,,,,,,,,,,,,False
344864.0,jean-kevin duverne,nantes,ht HAI,DF,12/7/1997,27.0,2500000.0,6.0,0,0,0.3,0.1,4,0,238,304,78.29,21,12,10,8,,,,,,,,,,,,,,,,,,,,,,,,,,,,False
342226.0,irvin cardona,saint etienne,mt MLT,FW,8/8/1997,27.0,2500000.0,11.8,5,3,4.5,1.4,23,10,255,381,66.93,6,5,16,4,,,,,,,,,,,,,,,,,,,,,,,,,,,,False
525140.0,goduine koyalipou,lens,cf CTA,FW,15/2/2000,25.0,2500000.0,9.8,4,0,4.8,0.8,42,14,132,189,69.84,3,2,4,1,,,,,,,,,,,,,,,,,,,,,,,,,,,,False
275303.0,hans hateboer,rennes,nl NED,DF,9/1/1994,31.0,2500000.0,18.7,0,0,0.4,1.5,8,0,962,1128,85.28,31,16,19,29,,,,,,,,,,,,,,,,,,,,,,,,,,,,False
842338.0,enzo tchato,montpellier,cm CMR,DF,23/11/2002,22.0,2500000.0,21.1,0,0,0.1,1.5,4,2,757,1010,74.95,48,26,30,22,,,,,,,,,,,,,,,,,,,,,,,,,,,,False
955281.0,nhoa sangui,reims,fr FRA,"DF,MF",27/2/2006,19.0,2500000.0,12.9,0,2,0.1,0.5,3,0,510,608,83.88,16,9,8,8,,,,,,,,,,,,,,,,,,,,,,,,,,,,False
916920.0,shavy babicka,toulouse,ga GAB,"MF,FW",1/6/2000,25.0,2500000.0,13.2,4,2,3.9,1.6,20,9,196,292,67.12,21,12,14,3,,,,,,,,,,,,,,,,,,,,,,,,,,,,False
340177.0,thibault de smet,reims,be BEL,DF,5/6/1998,27.0,2500000.0,2.1,0,0,0.1,0.0,1,0,105,116,90.52,6,4,5,4,,,,,,,,,,,,,,,,,,,,,,,,,,,,False
579263.0,augustine boakye,saint etienne,gh GHA,"FW,MF",3/11/2000,24.0,2500000.0,8.1,3,0,1.8,0.9,24,9,192,256,75.0,7,3,5,6,,,,,,,,,,,,,,,,,,,,,,,,,,,,False
127156.0,teji savanier,montpellier,fr FRA,MF,22/12/1991,33.0,2500000.0,26.3,2,5,3.8,6.9,45,14,1031,1481,69.62,29,25,16,15,,,,,,,,,,,,,,,,,,,,,,,,,,,,False
891998.0,antoine mendy,nice,sn SEN,DF,27/5/2004,21.0,2500000.0,9.2,0,0,0.6,0.1,9,1,394,486,81.07,30,21,9,8,,,,,,,,,,,,,,,,,,,,,,,,,,,,False
750904.0,tom louchet,nice,fr FRA,"DF,MF",4/5/2003,22.0,2500000.0,8.6,1,0,0.8,1.2,12,4,371,454,81.72,27,17,12,18,,,,,,,,,,,,,,,,,,,,,,,,,,,,False
538998.0,timothee pembele,le havre,fr FRA,DF,9/9/2002,22.0,2500000.0,12.4,1,0,1.3,0.1,8,3,424,520,81.54,30,22,16,11,,,,,,,,,,,,,,,,,,,,,,,,,,,,False
384060.0,tino kadewere,nantes,zw ZIM,"MF,FW",5/1/1996,29.0,2500000.0,5.7,1,2,1.7,1.0,8,6,130,173,75.14,14,8,3,6,,,,,,,,,,,,,,,,,,,,,,,,,,,,False
1068110.0,rabby nzingoula,montpellier,fr FRA,MF,25/11/2005,19.0,2500000.0,18.8,1,0,1.0,1.6,19,6,454,592,76.69,64,42,27,29,,,,,,,,,,,,,,,,,,,,,,,,,,,,False
113707.0,remy cabella,lille,fr FRA,"FW,MF",8/3/1990,35.0,2500000.0,11.2,1,2,4.0,2.3,30,7,628,762,82.41,39,19,10,8,,,,,,,,,,,,,,,,,,,,,,,,,,,,False
174196.0,kenny lala,brest,mg MAD,DF,3/10/1991,33.0,2000000.0,29.8,3,2,3.0,4.3,9,4,1367,1796,76.11,66,42,25,25,,,,,,,,,,,,,,,,,,,,,,,,,,,,False
794349.0,julien le cardinal,brest,fr FRA,DF,3/8/1997,27.0,2000000.0,15.3,0,1,0.4,0.3,10,3,704,815,86.38,27,15,18,33,,,,,,,,,,,,,,,,,,,,,,,,,,,,False
1053147.0,mahamadou diawara,le havre,fr FRA,MF,17/2/2005,20.0,2000000.0,6.5,0,1,0.4,0.4,7,1,193,233,82.83,20,12,13,13,,,,,,,,,,,,,,,,,,,,,,,,,,,,False
118284.0,jordan ferri,montpellier,fr FRA,MF,12/3/1992,33.0,2000000.0,19.7,0,2,0.4,0.9,14,3,1119,1267,88.32,42,23,20,9,,,,,,,,,,,,,,,,,,,,,,,,,,,,False
1126894.0,malcolm jeng,reims,se SWE,DF,9/3/2005,20.0,2000000.0,1.2,0,0,0.0,0.0,0,0,35,41,85.37,0,0,1,3,,,,,,,,,,,,,,,,,,,,,,,,,,,,False
494586.0,mickael nade,saint etienne,fr FRA,DF,4/3/1999,26.0,2000000.0,25.6,1,2,0.7,0.6,5,2,1229,1366,89.97,59,43,37,33,,,,,,,,,,,,,,,,,,,,,,,,,,,,False
74683.0,nemanja matic,lyon,rs SRB,MF,1/8/1988,36.0,2000000.0,22.3,0,1,0.1,1.3,2,1,1230,1415,86.93,42,29,21,18,,,,,,,,,,,,,,,,,,,,,,,,,,,,False
354726.0,florian sotoca,lens,fr FRA,"FW,MF",25/10/1990,34.0,2000000.0,19.9,1,1,4.6,1.5,47,18,732,996,73.49,22,13,12,14,,,,,,,,,,,,,,,,,,,,,,,,,,,,False
662242.0,rassoul ndiaye,le havre,sn SEN,MF,11/12/2001,23.0,2000000.0,11.8,1,0,1.7,0.6,18,5,325,441,73.7,35,25,15,12,,,,,,,,,,,,,,,,,,,,,,,,,,,,False
1015624.0,oscar perea,strasbourg,co COL,"MF,DF",27/9/2005,19.0,2000000.0,0.2,0,0,0.0,0.0,1,0,10,10,100.0,0,0,0,0,,,,,,,,,,,,,,,,,,,,,,,,,,,,False
531949.0,ignatius ganago,nantes,cm CMR,"FW,MF",16/2/1999,26.0,2000000.0,2.7,0,0,0.4,0.3,7,0,59,77,76.62,1,1,3,4,,,,,,,,,,,,,,,,,,,,,,,,,,,,False
324819.0,maxime bernauer,saint etienne,fr FRA,DF,1/7/1998,26.0,2000000.0,8.5,0,0,0.1,0.0,2,0,413,469,88.06,9,9,7,5,,,,,,,,,,,,,,,,,,,,,,,,,,,,False
138055.0,haris belkebla,angers,dz ALG,MF,28/1/1994,31.0,2000000.0,19.9,0,1,0.1,0.9,3,0,727,830,87.59,56,38,30,35,,,,,,,,,,,,,,,,,,,,,,,,,,,,False
568698.0,issa soumare,le havre,sn SEN,"FW,MF",10/10/2000,24.0,2000000.0,21.1,5,4,3.8,3.1,43,19,339,554,61.19,25,14,19,16,,,,,,,,,,,,,,,,,,,,,,,,,,,,False
1077670.0,axel tape,paris s g,fr FRA,"DF,MF",10/8/2007,17.0,2000000.0,2.0,0,0,0.0,0.0,1,0,142,151,94.04,3,1,2,1,,,,,,,,,,,,,,,,,,,,,,,,,,,,False
794758.0,warren kamanzi,toulouse,no NOR,"DF,MF",11/11/2000,24.0,2000000.0,11.4,1,1,1.3,1.0,7,2,399,481,82.95,29,13,7,9,,,,,,,,,,,,,,,,,,,,,,,,,,,,False
100986.0,thomas meunier,lille,be BEL,DF,12/9/1991,33.0,2000000.0,21.4,2,0,1.9,0.7,28,11,1188,1477,80.43,53,38,21,34,,,,,,,,,,,,,,,,,,,,,,,,,,,,False
1028162.0,antoine joujou,le havre,fr FRA,"MF,FW",12/3/2003,22.0,2000000.0,10.5,0,2,0.6,3.0,11,2,169,261,64.75,16,11,15,9,,,,,,,,,,,,,,,,,,,,,,,,,,,,False
344576.0,rayan raveloson,auxerre,mg MAD,"MF,DF",16/1/1997,28.0,2000000.0,8.0,1,0,0.8,0.2,16,5,271,313,86.58,6,5,8,5,,,,,,,,,,,,,,,,,,,,,,,,,,,,False
405686.0,reda khadra,reims,de GER,"MF,FW",4/7/2001,23.0,2000000.0,0.9,0,0,0.0,0.0,0,0,22,30,73.33,1,1,0,0,,,,,,,,,,,,,,,,,,,,,,,,,,,,False
917778.0,remy labeau lascary,lens,gp GLP,"FW,MF",3/3/2003,22.0,2000000.0,7.1,2,1,2.5,1.1,14,5,127,174,72.99,16,10,5,1,,,,,,,,,,,,,,,,,,,,,,,,,,,,False
535834.0,eliot matazo,monaco,be BEL,MF,15/2/2002,23.0,2000000.0,0.8,0,0,0.0,0.1,0,0,35,41,85.37,3,2,0,1,,,,,,,,,,,,,,,,,,,,,,,,,,,,False
178313.0,jean-eudes aholou,angers,ci CIV,MF,20/3/1994,31.0,2000000.0,21.8,2,0,1.8,1.0,27,7,644,764,84.29,56,36,34,33,,,,,,,,,,,,,,,,,,,,,,,,,,,,False
182894.0,jean-philippe gbamin,nantes,ci CIV,MF,25/9/1995,29.0,2000000.0,2.4,0,0,0.5,0.0,2,0,90,115,78.26,2,1,5,3,,,,,,,,,,,,,,,,,,,,,,,,,,,,False
384859.0,fabien centonze,nantes,fr FRA,DF,16/1/1996,29.0,1800000.0,2.9,0,0,0.0,0.2,0,0,111,142,78.17,8,4,4,2,,,,,,,,,,,,,,,,,,,,,,,,,,,,False
812654.0,rares ilie,nice,ro ROU,MF,19/4/2003,22.0,1800000.0,0.1,0,0,0.0,0.4,1,0,8,10,80.0,1,1,0,0,,,,,,,,,,,,,,,,,,,,,,,,,,,,False
580747.0,yvann macon,saint etienne,fr FRA,DF,1/10/1998,26.0,1800000.0,8.8,0,0,0.3,0.2,10,2,301,408,73.77,19,11,14,2,,,,,,,,,,,,,,,,,,,,,,,,,,,,False
543051.0,bilal brahimi,nice,dz ALG,MF,14/3/2000,25.0,1800000.0,0.8,0,0,0.0,0.0,1,1,35,40,87.5,0,0,1,0,,,,,,,,,,,,,,,,,,,,,,,,,,,,False
501709.0,theo bair,auxerre,ca CAN,FW,27/8/1999,25.0,1800000.0,10.4,2,1,3.0,1.2,26,13,132,213,61.97,4,3,6,3,,,,,,,,,,,,,,,,,,,,,,,,,,,,False
806168.0,paul joly,auxerre,fr FRA,DF,7/6/2000,25.0,1800000.0,11.2,0,1,0.6,1.3,10,5,424,617,68.72,49,32,19,25,,,,,,,,,,,,,,,,,,,,,,,,,,,,False
371686.0,carlens arcus,angers,ht HAI,DF,28/6/1996,29.0,1800000.0,22.7,0,1,0.0,1.4,3,0,810,1020,79.41,52,35,24,27,,,,,,,,,,,,,,,,,,,,,,,,,,,,False
275249.0,niklas schmidt,toulouse,de GER,MF,1/3/1998,27.0,1800000.0,2.3,0,1,0.1,0.7,3,1,142,180,78.89,6,4,0,1,,,,,,,,,,,,,,,,,,,,,,,,,,,,False
111051.0,nampalys mendy,lens,sn SEN,MF,23/6/1992,33.0,1800000.0,6.5,0,1,0.2,0.1,3,0,260,290,89.66,15,8,8,9,,,,,,,,,,,,,,,,,,,,,,,,,,,,False
718312.0,hamzat ojediran,lens,ng NGA,"MF,FW",14/11/2003,21.0,1800000.0,4.6,1,0,0.6,0.4,10,3,203,254,79.92,28,15,10,10,,,,,,,,,,,,,,,,,,,,,,,,,,,,False
830890.0,marvin senaya,strasbourg,tg TOG,DF,28/1/2001,24.0,1800000.0,2.5,0,0,0.0,0.1,1,0,110,138,79.71,8,3,6,7,,,,,,,,,,,,,,,,,,,,,,,,,,,,False
484888.0,ibrahim sissoko,saint etienne,ml MLI,FW,27/11/1995,29.0,1800000.0,9.1,3,1,4.3,0.6,21,4,118,178,66.29,11,9,10,2,,,,,,,,,,,,,,,,,,,,,,,,,,,,False
91059.0,joshua king,toulouse,no NOR,"FW,MF",15/1/1992,33.0,1800000.0,18.6,6,3,6.6,2.0,50,20,253,358,70.67,11,11,10,6,,,,,,,,,,,,,,,,,,,,,,,,,,,,False
127181.0,benjamin lecomte,montpellier,fr FRA,GK,26/4/1991,34.0,1500000.0,30.0,0,0,0.0,0.1,0,0,676,1000,67.6,0,0,0,0,68.0,2.27,173.0,107.0,64.2,1.0,3.3,7.0,6.0,1.0,0.0,57.3,0.31,-5.7,-0.2,177.0,449.0,39.4,814.0,115.0,42.5,36.2,20.0,4.9,26.0,0.9,14.3,True
825437.0,ilyes housni,le havre,fr FRA,"FW,MF",14/5/2005,20.0,1500000.0,2.6,0,0,0.2,0.2,5,0,38,64,59.38,7,5,2,1,,,,,,,,,,,,,,,,,,,,,,,,,,,,False
220878.0,issiaga sylla,montpellier,gn GUI,DF,1/1/1994,31.0,1500000.0,12.8,1,0,1.8,0.6,11,2,435,563,77.26,25,10,13,10,,,,,,,,,,,,,,,,,,,,,,,,,,,,False
170929.0,massadio haidara,brest,ml MLI,DF,2/12/1992,32.0,1500000.0,18.6,0,0,0.3,0.5,10,1,693,882,78.57,27,16,18,26,,,,,,,,,,,,,,,,,,,,,,,,,,,,False
149829.0,miha zajc,toulouse,si SVN,MF,1/7/1994,30.0,1500000.0,2.9,0,0,0.2,0.1,6,2,153,185,82.7,4,4,2,3,,,,,,,,,,,,,,,,,,,,,,,,,,,,False
241229.0,jordan amavi,brest,fr FRA,DF,9/3/1994,31.0,1500000.0,8.8,0,0,0.3,0.2,8,3,386,526,73.38,24,17,10,7,,,,,,,,,,,,,,,,,,,,,,,,,,,,False
192492.0,jordan lefort,angers,fr FRA,DF,9/8/1993,31.0,1500000.0,34.0,0,1,0.6,1.1,9,1,1446,1749,82.68,52,30,56,32,,,,,,,,,,,,,,,,,,,,,,,,,,,,False
646733.0,jim allevinah,angers,ga GAB,FW,27/2/1995,30.0,1500000.0,19.4,1,3,4.2,2.5,35,10,363,483,75.16,19,11,10,12,,,,,,,,,,,,,,,,,,,,,,,,,,,,False
308133.0,ado onaiwu,auxerre,jp JPN,"MF,FW",8/11/1995,29.0,1500000.0,10.6,4,1,4.0,1.1,23,14,241,329,73.25,11,7,12,3,,,,,,,,,,,,,,,,,,,,,,,,,,,,False
977877.0,ayanda sishuba,rennes,be BEL,FW,2/2/2005,20.0,1500000.0,0.0,0,0,0.0,0.0,0,0,0,0,0.0,1,0,0,0,,,,,,,,,,,,,,,,,,,,,,,,,,,,False
618425.0,tanguy coulibaly,montpellier,fr FRA,"FW,MF",18/2/2001,24.0,1500000.0,16.5,3,0,3.5,1.3,30,13,292,372,78.49,32,24,18,11,,,,,,,,,,,,,,,,,,,,,,,,,,,,False
980576.0,amine salama,reims,fr FRA,FW,18/7/2000,24.0,1500000.0,4.1,0,0,0.7,0.3,9,3,62,82,75.61,3,2,2,1,,,,,,,,,,,,,,,,,,,,,,,,,,,,False
122797.0,andy delort,montpellier,dz ALG,FW,9/10/1991,33.0,1500000.0,6.7,0,0,1.3,0.9,17,6,54,110,49.09,4,3,3,0,,,,,,,,,,,,,,,,,,,,,,,,,,,,False
364857.0,falaye sacko,montpellier,ml MLI,DF,1/5/1995,30.0,1500000.0,13.7,0,1,0.0,0.2,0,0,542,648,83.64,14,8,17,13,,,,,,,,,,,,,,,,,,,,,,,,,,,,False
1075589.0,enzo sternal,marseille,fr FRA,"FW,MF",28/5/2007,18.0,1500000.0,0.3,0,0,0.0,0.0,0,0,7,8,87.5,0,0,0,0,,,,,,,,,,,,,,,,,,,,,,,,,,,,False
381187.0,emmanuel sabbi,le havre,us USA,"FW,MF",24/12/1997,27.0,1500000.0,7.3,0,0,1.9,0.6,15,4,91,128,71.09,14,7,2,3,,,,,,,,,,,,,,,,,,,,,,,,,,,,False
415383.0,herve koffi,lens,bf BFA,GK,16/10/1996,28.0,1200000.0,5.0,0,0,0.0,0.0,0,0,98,135,72.59,1,1,0,0,8.0,1.6,26.0,18.0,76.9,0.0,0.0,2.0,2.0,0.0,0.0,11.1,0.38,3.1,0.61,14.0,42.0,33.3,115.0,22.0,29.6,33.2,4.0,7.5,2.0,0.4,9.4,True
289432.0,dylan batubinsika,saint etienne,cd COD,DF,15/2/1996,29.0,1200000.0,22.4,1,0,0.8,0.2,7,2,1112,1217,91.37,26,13,23,39,,,,,,,,,,,,,,,,,,,,,,,,,,,,False
222859.0,florent mollet,nantes,fr FRA,"MF,FW",19/11/1991,33.0,1200000.0,2.7,0,0,0.3,0.3,6,2,83,106,78.3,2,2,2,1,,,,,,,,,,,,,,,,,,,,,,,,,,,,False
282028.0,remy descamps,lyon,fr FRA,GK,25/6/1996,29.0,1200000.0,1.0,0,0,0.0,0.0,0,0,27,30,90.0,0,0,0,0,2.0,2.0,6.0,4.0,66.7,0.0,0.0,0.0,0.0,0.0,0.0,1.4,0.23,-0.6,-0.62,1.0,4.0,25.0,28.0,2.0,14.3,27.5,0.0,0.0,0.0,0.0,7.0,True
198709.0,cedric hountondji,angers,bj BEN,DF,19/1/1994,31.0,1200000.0,3.0,0,0,0.0,0.0,0,0,85,100,85.0,6,4,3,4,,,,,,,,,,,,,,,,,,,,,,,,,,,,False
60561.0,anthony lopes,nantes,pt POR,GK,1/10/1990,34.0,1200000.0,17.4,0,0,0.0,0.0,0,0,356,547,65.08,1,0,0,1,26.0,1.5,71.0,46.0,69.0,3.0,16.7,5.0,4.0,0.0,1.0,25.6,0.32,0.6,0.03,89.0,257.0,34.6,451.0,56.0,40.4,35.8,16.0,5.2,8.0,0.46,11.0,True
991487.0,abdoul ouattara,strasbourg,fr FRA,"DF,FW",22/10/2005,19.0,1200000.0,5.2,1,1,0.3,0.5,5,2,167,195,85.64,6,4,10,9,,,,,,,,,,,,,,,,,,,,,,,,,,,,False
379869.0,arthur desmas,le havre,fr FRA,GK,7/4/1994,31.0,1200000.0,18.0,0,0,0.0,0.0,0,0,411,522,78.74,0,0,0,0,38.0,2.11,93.0,54.0,61.3,3.0,16.7,3.0,2.0,1.0,0.0,38.7,0.4,0.7,0.04,56.0,151.0,37.1,404.0,72.0,28.5,30.9,12.0,4.3,7.0,0.39,11.9,True
296422.0,fode ballo-toure,le havre,sn SEN,"DF,MF",3/1/1997,28.0,1200000.0,6.5,0,0,0.0,0.1,0,0,259,311,83.28,8,7,8,4,,,,,,,,,,,,,,,,,,,,,,,,,,,,False
80293.0,aissa mandi,lille,dz ALG,DF,22/10/1991,33.0,1200000.0,19.3,0,0,0.3,0.4,6,2,1104,1244,88.75,31,17,23,15,,,,,,,,,,,,,,,,,,,,,,,,,,,,False
126552.0,lois diony,angers,fr FRA,FW,20/12/1992,32.0,1200000.0,0.2,0,0,0.0,0.0,0,0,1,4,25.0,0,0,0,0,,,,,,,,,,,,,,,,,,,,,,,,,,,,False
658534.0,lasso coulibaly,auxerre,ci CIV,"FW,MF",19/10/2002,22.0,1200000.0,0.5,1,0,0.3,0.1,3,2,12,13,92.31,1,1,0,0,,,,,,,,,,,,,,,,,,,,,,,,,,,,False
124028.0,ismaily,lille,br BRA,DF,11/1/1990,35.0,1200000.0,10.0,0,1,0.7,1.0,10,4,552,632,87.34,33,17,15,13,,,,,,,,,,,,,,,,,,,,,,,,,,,,False
1137808.0,hiroki sekine,reims,jp JPN,DF,11/8/2002,22.0,1200000.0,9.9,0,0,0.1,0.2,5,0,407,504,80.75,9,7,22,5,,,,,,,,,,,,,,,,,,,,,,,,,,,,False
353365.0,marcus coco,nantes,fr FRA,DF,24/6/1996,29.0,1200000.0,10.6,0,1,0.1,1.2,2,0,384,483,79.5,27,21,16,11,,,,,,,,,,,,,,,,,,,,,,,,,,,,False
372713.0,florian aye,auxerre,fr FRA,FW,19/1/1997,28.0,1200000.0,6.4,2,0,1.9,0.1,12,3,95,129,73.64,2,2,7,7,,,,,,,,,,,,,,,,,,,,,,,,,,,,False
490417.0,ibrahima niane,angers,sn SEN,FW,11/3/1999,26.0,1000000.0,10.5,3,1,5.7,1.0,29,10,130,190,68.42,7,3,6,2,,,,,,,,,,,,,,,,,,,,,,,,,,,,False
729872.0,igor miladinovic,saint etienne,rs SRB,"FW,MF",8/6/2003,22.0,1000000.0,0.3,0,0,0.0,0.0,0,0,12,15,80.0,0,0,0,1,,,,,,,,,,,,,,,,,,,,,,,,,,,,False
232895.0,zinedine ferhat,angers,dz ALG,"FW,MF",1/3/1993,32.0,1000000.0,9.4,2,0,1.4,2.4,12,5,303,451,67.18,9,7,9,10,,,,,,,,,,,,,,,,,,,,,,,,,,,,False
170911.0,donovan leon,auxerre,gf GUF,GK,3/11/1992,32.0,1000000.0,32.0,0,2,0.0,0.4,0,0,670,1132,59.19,0,0,2,0,48.0,1.5,164.0,118.0,73.8,9.0,28.1,6.0,5.0,1.0,0.0,55.8,0.32,10.8,0.34,213.0,649.0,32.8,935.0,173.0,53.0,42.0,28.0,5.4,39.0,1.22,14.6,True
371816.0,dimitry bertaud,montpellier,cd COD,GK,6/6/1998,27.0,1000000.0,4.0,0,0,0.0,0.0,0,0,82,114,71.93,0,0,0,0,11.0,2.75,21.0,10.0,57.1,0.0,0.0,2.0,2.0,0.0,0.0,8.8,0.35,-2.2,-0.54,20.0,47.0,42.6,86.0,19.0,38.4,34.5,8.0,14.5,3.0,0.75,13.3,True
161869.0,djibril sidibe,toulouse,fr FRA,DF,29/7/1992,32.0,1000000.0,23.3,0,3,0.4,2.9,5,1,1018,1277,79.72,65,36,11,20,,,,,,,,,,,,,,,,,,,,,,,,,,,,False
891379.0,nordine kandil,strasbourg,fr FRA,MF,31/10/2001,23.0,1000000.0,0.1,0,0,0.0,0.0,0,0,3,6,50.0,0,0,0,0,,,,,,,,,,,,,,,,,,,,,,,,,,,,False
1119453.0,bahereba guirassy,nantes,fr FRA,"FW,MF",29/8/2006,18.0,1000000.0,3.9,2,0,0.7,0.1,7,4,85,120,70.83,12,8,10,1,,,,,,,,,,,,,,,,,,,,,,,,,,,,False
103565.0,wahbi khazri,montpellier,tn TUN,"FW,MF",8/2/1991,34.0,1000000.0,12.4,1,1,2.3,2.2,36,6,229,337,67.95,25,18,13,5,,,,,,,,,,,,,,,,,,,,,,,,,,,,False
807688.0,yassin belkhdim,angers,fr FRA,MF,14/2/2002,23.0,1000000.0,16.9,1,1,0.8,0.6,9,5,394,487,80.9,53,27,23,21,,,,,,,,,,,,,,,,,,,,,,,,,,,,False
74869.0,francis coquelin,nantes,fr FRA,MF,13/5/1991,34.0,900000.0,2.5,1,1,1.0,1.1,7,1,88,101,87.13,9,5,3,6,,,,,,,,,,,,,,,,,,,,,,,,,,,,False
982393.0,lucas mincarelli,montpellier,fr FRA,DF,5/1/2004,21.0,900000.0,7.9,1,0,0.6,0.3,7,2,309,379,81.53,17,10,8,9,,,,,,,,,,,,,,,,,,,,,,,,,,,,False
206717.0,eduard sobol,strasbourg,ua UKR,DF,20/4/1995,30.0,900000.0,1.1,0,0,0.0,0.0,0,0,22,34,64.71,0,0,2,2,,,,,,,,,,,,,,,,,,,,,,,,,,,,False
412829.0,leo petrot,saint etienne,fr FRA,DF,15/4/1997,28.0,900000.0,29.3,0,3,0.6,1.6,7,3,1114,1385,80.43,62,39,50,42,,,,,,,,,,,,,,,,,,,,,,,,,,,,False
1176345.0,mahamadou nagida,rennes,cm CMR,DF,28/6/2005,20.0,800000.0,4.8,2,0,1.5,0.3,6,3,174,226,76.99,8,6,3,9,,,,,,,,,,,,,,,,,,,,,,,,,,,,False
691841.0,yanis zouaoui,le havre,dz ALG,"DF,FW",28/4/1998,27.0,800000.0,10.8,0,2,0.1,2.9,5,2,408,595,68.57,20,10,15,8,,,,,,,,,,,,,,,,,,,,,,,,,,,,False
1030153.0,justin bourgault,brest,fr FRA,DF,14/9/2005,19.0,800000.0,1.4,1,0,0.1,0.1,2,1,54,74,72.97,2,1,0,0,,,,,,,,,,,,,,,,,,,,,,,,,,,,False
1078326.0,noah edjouma,toulouse,fr FRA,"MF,FW",4/10/2005,19.0,800000.0,1.9,2,0,1.3,0.1,5,3,36,52,69.23,2,2,1,2,,,,,,,,,,,,,,,,,,,,,,,,,,,,False
883865.0,rafik messali,toulouse,fr FRA,DF,28/4/2003,22.0,800000.0,5.1,0,1,0.3,1.0,4,0,166,227,73.13,15,8,9,10,,,,,,,,,,,,,,,,,,,,,,,,,,,,False
986288.0,sidiki cherif,angers,fr FRA,FW,15/12/2006,18.0,800000.0,3.6,0,0,0.7,0.2,5,2,33,62,53.23,5,5,4,0,,,,,,,,,,,,,,,,,,,,,,,,,,,,False
917817.0,tom pouilly,lens,fr FRA,"DF,MF",18/6/2003,22.0,800000.0,3.0,0,0,0.4,0.4,5,2,171,218,78.44,9,6,5,4,,,,,,,,,,,,,,,,,,,,,,,,,,,,False
432772.0,samuel grandsir,le havre,fr FRA,"MF,FW",14/8/1996,28.0,800000.0,0.9,0,0,0.0,0.6,0,0,20,32,62.5,5,5,2,0,,,,,,,,,,,,,,,,,,,,,,,,,,,,False
923838.0,steve ngoura,le havre,fr FRA,FW,22/2/2005,20.0,800000.0,3.2,0,0,1.2,0.4,10,2,37,57,64.91,4,2,2,0,,,,,,,,,,,,,,,,,,,,,,,,,,,,False
537127.0,theo sainte-luce,montpellier,fr FRA,DF,20/10/1998,26.0,800000.0,11.3,1,0,1.0,0.8,8,4,257,347,74.06,24,11,16,12,,,,,,,,,,,,,,,,,,,,,,,,,,,,False
970279.0,jacques ekomie,angers,ga GAB,"DF,FW",19/8/2003,21.0,800000.0,7.7,0,0,0.0,0.0,1,0,183,260,70.38,22,14,16,4,,,,,,,,,,,,,,,,,,,,,,,,,,,,False
351843.0,yoann salmier,le havre,gf GUF,DF,21/11/1992,32.0,800000.0,8.9,0,0,0.8,0.2,5,2,283,346,81.79,14,7,12,10,,,,,,,,,,,,,,,,,,,,,,,,,,,,False
829874.0,lilian raolisoa,angers,fr FRA,"DF,FW",16/6/2000,25.0,800000.0,14.6,0,3,0.7,2.0,14,1,392,564,69.5,41,24,11,15,,,,,,,,,,,,,,,,,,,,,,,,,,,,False
429901.0,paul akouokou,lyon,ci CIV,MF,20/12/1997,27.0,800000.0,0.2,0,0,0.0,0.0,0,0,10,15,66.67,1,0,0,1,,,,,,,,,,,,,,,,,,,,,,,,,,,,False
229853.0,birama toure,montpellier,ml MLI,"MF,DF",6/6/1992,33.0,800000.0,3.3,0,0,0.0,0.1,3,1,101,123,82.11,8,5,3,6,,,,,,,,,,,,,,,,,,,,,,,,,,,,False
536156.0,pierre cornud,saint etienne,fr FRA,DF,12/12/1996,28.0,800000.0,6.4,0,0,0.0,0.3,0,0,271,331,81.87,12,10,9,9,,,,,,,,,,,,,,,,,,,,,,,,,,,,False
1200419.0,djylian n'guessan,saint etienne,fr FRA,FW,30/8/2008,16.0,800000.0,2.0,0,0,0.4,0.1,3,0,44,53,83.02,6,4,1,0,,,,,,,,,,,,,,,,,,,,,,,,,,,,False
111038.0,dennis appiah,saint etienne,fr FRA,DF,9/6/1992,33.0,800000.0,23.6,0,1,0.2,2.1,5,2,903,1179,76.59,71,43,36,29,,,,,,,,,,,,,,,,,,,,,,,,,,,,False
470618.0,denis genreau,toulouse,au AUS,MF,21/5/1999,26.0,800000.0,2.5,0,0,0.3,0.5,6,0,105,127,82.68,7,5,3,3,,,,,,,,,,,,,,,,,,,,,,,,,,,,False
193256.0,gauthier gallon,rennes,fr FRA,GK,23/4/1993,32.0,800000.0,0.5,0,0,0.0,0.0,0,0,16,19,84.21,0,0,0,0,0.0,0.0,0.0,0.0,0.0,0.0,0.0,0.0,0.0,0.0,0.0,0.0,0.0,0.0,0.0,0.0,3.0,0.0,15.0,2.0,13.3,23.8,0.0,0.0,1.0,2.0,28.0,True
122840.0,loic nego,le havre,hu HUN,"DF,FW",15/1/1991,34.0,700000.0,27.3,0,0,0.8,0.7,11,2,922,1228,75.08,58,35,17,29,,,,,,,,,,,,,,,,,,,,,,,,,,,,False
238716.0,theo pellenard,auxerre,fr FRA,DF,4/3/1994,31.0,700000.0,0.5,0,0,0.0,0.0,0,0,15,20,75.0,3,2,1,0,,,,,,,,,,,,,,,,,,,,,,,,,,,,False
999229.0,jeremy sebas,strasbourg,mq MTQ,"FW,MF",14/4/2003,22.0,700000.0,2.1,0,0,0.7,0.0,6,2,27,41,65.85,3,2,2,0,,,,,,,,,,,,,,,,,,,,,,,,,,,,False
814976.0,martin adeline,reims,fr FRA,MF,2/12/2003,21.0,700000.0,0.3,0,0,0.0,0.0,0,0,8,10,80.0,1,1,0,0,,,,,,,,,,,,,,,,,,,,,,,,,,,,False
904662.0,louis mouton,saint etienne,fr FRA,MF,3/6/2002,23.0,700000.0,11.6,0,1,1.3,1.3,19,3,442,551,80.22,49,25,17,10,,,,,,,,,,,,,,,,,,,,,,,,,,,,False
364232.0,ibrahima wadji,saint etienne,sn SEN,"FW,MF",5/5/1995,30.0,700000.0,3.9,0,0,0.8,0.0,12,1,53,63,84.13,7,6,1,1,,,,,,,,,,,,,,,,,,,,,,,,,,,,False
1093482.0,nicolas pays,montpellier,fr FRA,"FW,MF",7/7/2003,21.0,700000.0,5.0,0,0,1.3,0.1,11,1,139,179,77.65,13,6,1,4,,,,,,,,,,,,,,,,,,,,,,,,,,,,False
617021.0,ben old,saint etienne,nz NZL,"FW,MF",13/8/2002,22.0,700000.0,5.9,0,0,1.0,0.8,11,2,108,146,73.97,7,5,8,2,,,,,,,,,,,,,,,,,,,,,,,,,,,,False
287635.0,assane diousse,auxerre,sn SEN,MF,20/9/1997,27.0,700000.0,7.4,0,0,0.1,0.2,3,2,320,357,89.64,15,7,6,12,,,,,,,,,,,,,,,,,,,,,,,,,,,,False
385817.0,karol fila,strasbourg,pl POL,MF,13/6/1998,27.0,600000.0,0.1,0,0,0.0,0.0,0,0,2,4,50.0,0,0,0,0,,,,,,,,,,,,,,,,,,,,,,,,,,,,False
958647.0,umit akdag,toulouse,ro ROU,DF,6/10/2003,21.0,600000.0,5.6,0,0,0.1,0.1,2,0,274,348,78.74,8,4,10,11,,,,,,,,,,,,,,,,,,,,,,,,,,,,False
45403.0,andre ayew,le havre,gh GHA,FW,17/12/1989,35.0,600000.0,16.1,4,1,4.3,0.2,22,9,181,238,76.05,18,10,9,3,,,,,,,,,,,,,,,,,,,,,,,,,,,,False
539665.0,fredrik oppegard,auxerre,no NOR,DF,7/8/2002,22.0,600000.0,3.0,0,0,0.1,0.1,3,1,125,154,81.17,6,4,2,2,,,,,,,,,,,,,,,,,,,,,,,,,,,,False
190280.0,patrik carlgren,nantes,se SWE,GK,8/1/1992,33.0,600000.0,4.6,0,0,0.0,0.0,0,0,90,137,65.69,0,0,0,0,7.0,1.51,28.0,21.0,75.0,1.0,25.0,0.0,0.0,0.0,0.0,8.5,0.3,1.5,0.31,22.0,63.0,34.9,99.0,27.0,36.4,34.4,1.0,1.3,1.0,0.22,10.9,True
170961.0,thomas delaine,strasbourg,fr FRA,DF,24/3/1992,33.0,600000.0,0.1,0,0,0.0,0.0,0,0,0,4,0.0,1,1,0,1,,,,,,,,,,,,,,,,,,,,,,,,,,,,False
212804.0,florian tardieu,saint etienne,fr FRA,MF,22/4/1992,33.0,600000.0,13.9,2,4,0.6,1.3,16,3,869,1013,85.78,18,14,18,15,,,,,,,,,,,,,,,,,,,,,,,,,,,,False
1081219.0,othmane maamma,montpellier,ma MAR,"FW,MF",6/10/2005,19.0,600000.0,4.0,1,1,0.7,0.2,10,3,51,78,65.38,3,1,4,1,,,,,,,,,,,,,,,,,,,,,,,,,,,,False
391376.0,lamine fomba,saint etienne,fr FRA,MF,26/1/1998,27.0,600000.0,2.4,0,0,0.0,0.3,1,0,121,145,83.45,8,6,7,4,,,,,,,,,,,,,,,,,,,,,,,,,,,,False
328770.0,kjetil haug,toulouse,no NOR,GK,12/6/1998,27.0,600000.0,5.5,0,0,0.0,0.0,0,0,82,130,63.08,0,0,0,0,7.0,1.27,16.0,9.0,56.3,1.0,20.0,0.0,0.0,0.0,0.0,6.6,0.45,-0.4,-0.06,16.0,60.0,26.7,95.0,13.0,37.9,34.1,5.0,6.9,3.0,0.54,12.1,True
970364.0,yael mouanga,montpellier,fr FRA,DF,23/7/2005,19.0,600000.0,10.5,0,0,0.1,0.2,1,0,420,479,87.68,14,8,16,10,,,,,,,,,,,,,,,,,,,,,,,,,,,,False
127142.0,jonas martin,brest,fr FRA,MF,9/4/1990,35.0,600000.0,5.5,1,0,0.4,0.3,3,1,277,312,88.78,13,7,4,8,,,,,,,,,,,,,,,,,,,,,,,,,,,,False
1275040.0,noham kamara,paris s g,fr FRA,DF,22/1/2007,18.0,500000.0,0.8,0,0,0.0,0.0,0,0,74,79,93.67,1,1,1,1,,,,,,,,,,,,,,,,,,,,,,,,,,,,False
990732.0,ousmane toure,lille,fr FRA,DF,18/2/2005,20.0,500000.0,0.1,0,0,0.0,0.0,0,0,4,6,66.67,0,0,0,1,,,,,,,,,,,,,,,,,,,,,,,,,,,,False
16136.0,dante,nice,br BRA,DF,18/10/1983,41.0,500000.0,21.8,0,0,0.5,0.2,9,2,1267,1432,88.48,32,15,29,34,,,,,,,,,,,,,,,,,,,,,,,,,,,,False
810909.0,lucas michal,monaco,fr FRA,"FW,MF",22/6/2005,20.0,500000.0,1.3,0,0,0.2,0.9,3,1,36,44,81.82,5,3,2,1,,,,,,,,,,,,,,,,,,,,,,,,,,,,False
1237306.0,hafiz ibrahim,reims,ng NGA,FW,20/12/2005,19.0,500000.0,4.3,0,1,0.5,0.6,7,0,30,50,60.0,3,2,4,2,,,,,,,,,,,,,,,,,,,,,,,,,,,,False
525155.0,gregoire coudert,brest,fr FRA,GK,3/4/1999,26.0,500000.0,2.0,0,0,0.0,0.0,0,0,54,68,79.41,0,0,0,0,5.0,2.5,13.0,9.0,61.5,0.0,0.0,0.0,0.0,0.0,0.0,2.8,0.22,-1.2,-0.6,6.0,20.0,30.0,60.0,7.0,28.3,31.4,1.0,3.3,3.0,1.5,18.5,True
23951.0,steve mandanda,rennes,fr FRA,GK,28/3/1985,40.0,500000.0,16.5,0,0,0.0,0.1,0,0,353,499,70.74,0,0,0,0,23.0,1.39,51.0,29.0,58.8,6.0,35.3,3.0,2.0,1.0,0.0,17.0,0.29,-4.0,-0.24,61.0,180.0,33.9,426.0,66.0,33.6,32.7,7.0,4.0,21.0,1.27,15.7,True
924800.0,axel camblan,brest,fr FRA,"MF,FW",30/8/2003,21.0,500000.0,0.3,0,0,0.0,0.0,1,0,3,7,42.86,1,1,1,0,,,,,,,,,,,,,,,,,,,,,,,,,,,,False
684062.0,hianga mananga mbock,brest,fr FRA,MF,28/12/1999,25.0,400000.0,0.2,0,0,0.0,0.0,1,1,14,17,82.35,0,0,0,1,,,,,,,,,,,,,,,,,,,,,,,,,,,,False
1101641.0,justin-noel kalumba,angers,fr FRA,"FW,MF",25/12/2004,20.0,400000.0,0.3,0,0,0.0,0.0,1,0,9,11,81.82,0,0,0,1,,,,,,,,,,,,,,,,,,,,,,,,,,,,False
190338.0,anthony briancon,saint etienne,fr FRA,DF,28/11/1994,30.0,400000.0,0.0,0,0,0.0,0.0,0,0,0,0,0.0,0,0,0,0,,,,,,,,,,,,,,,,,,,,,,,,,,,,False
1130445.0,abdoul kone,reims,fr FRA,DF,22/4/2005,20.0,400000.0,1.5,0,0,0.0,0.0,0,0,44,65,67.69,5,3,2,1,,,,,,,,,,,,,,,,,,,,,,,,,,,,False
986261.0,ayman aiki,saint etienne,fr FRA,"FW,MF",25/6/2005,20.0,400000.0,1.4,0,0,0.1,0.0,3,1,17,29,58.62,3,3,1,1,,,,,,,,,,,,,,,,,,,,,,,,,,,,False
1231401.0,victor orakpo,nice,ng NGA,FW,14/1/2006,19.0,400000.0,0.4,0,0,0.3,0.0,2,0,15,17,88.24,0,0,0,0,,,,,,,,,,,,,,,,,,,,,,,,,,,,False
199704.0,yunis abdelhamid,saint etienne,ma MAR,DF,28/9/1987,37.0,400000.0,11.5,0,0,0.2,0.1,2,1,438,505,86.73,17,11,26,14,,,,,,,,,,,,,,,,,,,,,,,,,,,,False
770407.0,elysee logbo,le havre,fr FRA,FW,6/5/2004,21.0,400000.0,0.3,0,0,0.2,0.0,1,0,3,4,75.0,0,0,0,0,,,,,,,,,,,,,,,,,,,,,,,,,,,,False
575319.0,kandet diawara,le havre,gn GUI,FW,10/2/2000,25.0,400000.0,0.0,0,0,0.0,0.0,0,0,1,2,50.0,0,0,1,0,,,,,,,,,,,,,,,,,,,,,,,,,,,,False
650104.0,zinedine ould khaled,angers,fr FRA,MF,14/1/2000,25.0,400000.0,3.8,0,0,0.0,0.0,1,1,112,123,91.06,9,7,6,2,,,,,,,,,,,,,,,,,,,,,,,,,,,,False
139279.0,nicolas pallois,nantes,fr FRA,DF,19/9/1987,37.0,400000.0,22.4,0,2,0.4,0.4,3,1,731,874,83.64,61,27,48,28,,,,,,,,,,,,,,,,,,,,,,,,,,,,False
804711.0,ousmane camara,angers,ml MLI,DF,6/3/2003,22.0,400000.0,2.8,0,0,0.1,0.0,1,0,91,101,90.1,4,3,1,0,,,,,,,,,,,,,,,,,,,,,,,,,,,,False
1052291.0,beres owusu,saint etienne,fr FRA,DF,19/9/2003,21.0,350000.0,1.0,0,0,0.0,0.0,0,0,20,32,62.5,2,2,2,0,,,,,,,,,,,,,,,,,,,,,,,,,,,,False
524937.0,alex dominguez,toulouse,es ESP,GK,30/7/1998,26.0,300000.0,0.2,0,0,0.0,0.0,0,0,8,11,72.73,0,0,0,0,0.0,0.0,0.0,0.0,0.0,1.0,0.0,0.0,0.0,0.0,0.0,0.0,0.0,0.0,0.0,2.0,5.0,40.0,8.0,1.0,25.0,30.0,0.0,0.0,0.0,0.0,0.0,True
1241211.0,rudy matondo,auxerre,fr FRA,MF,13/3/2008,17.0,300000.0,0.7,0,0,0.0,0.0,0,0,22,24,91.67,1,1,0,0,,,,,,,,,,,,,,,,,,,,,,,,,,,,False
62351.0,abdoulaye bamba,angers,ci CIV,DF,25/4/1990,35.0,300000.0,16.8,0,0,0.1,0.3,1,0,518,585,88.55,22,12,14,19,,,,,,,,,,,,,,,,,,,,,,,,,,,,False
981977.0,axel gueguin,montpellier,fr FRA,FW,24/3/2005,20.0,300000.0,0.3,0,0,0.0,0.0,0,0,5,6,83.33,1,1,0,0,,,,,,,,,,,,,,,,,,,,,,,,,,,,False
1132634.0,ange martial tia,reims,ml MLI,"MF,DF",20/11/2006,18.0,300000.0,1.9,0,0,1.3,0.0,4,2,44,62,70.97,4,3,3,2,,,,,,,,,,,,,,,,,,,,,,,,,,,,False
112822.0,karl-johan johnsson,strasbourg,se SWE,GK,28/1/1990,35.0,300000.0,3.0,0,0,0.0,0.0,0,0,107,129,82.95,0,0,0,0,6.0,2.0,22.0,16.0,77.3,0.0,0.0,1.0,1.0,0.0,0.0,6.7,0.26,0.7,0.22,6.0,22.0,27.3,122.0,21.0,15.6,23.9,2.0,4.2,3.0,1.0,11.1,True
1186789.0,kyllian antonio,lens,fr FRA,"DF,MF",4/1/2008,17.0,300000.0,1.5,0,0,0.1,0.0,1,0,81,97,83.51,3,2,3,3,,,,,,,,,,,,,,,,,,,,,,,,,,,,False
548347.0,melvin zinga,angers,fr FRA,GK,16/3/2002,23.0,300000.0,1.0,0,0,0.0,0.0,0,0,21,33,63.64,0,0,0,0,2.0,2.0,4.0,2.0,75.0,0.0,0.0,1.0,1.0,0.0,0.0,2.4,0.41,0.4,0.4,2.0,11.0,18.2,22.0,4.0,40.9,39.0,1.0,5.0,2.0,2.0,16.8,True
1200289.0,hamidou makalou,brest,ml MLI,"FW,MF",15/7/2006,18.0,300000.0,0.4,0,0,0.0,0.0,0,0,17,18,94.44,0,0,0,0,,,,,,,,,,,,,,,,,,,,,,,,,,,,False
484743.0,gabriel bares,montpellier,ch SUI,"MF,DF",29/8/2000,24.0,300000.0,0.6,0,0,0.0,0.0,0,0,34,40,85.0,2,2,0,1,,,,,,,,,,,,,,,,,,,,,,,,,,,,False
1075575.0,marius courcoul,angers,fr FRA,"MF,DF",1/1/2007,18.0,300000.0,3.4,0,0,0.1,0.0,3,1,133,155,85.81,5,2,4,5,,,,,,,,,,,,,,,,,,,,,,,,,,,,False
955356.0,saimon bouabre,monaco,fr FRA,"MF,FW",1/6/2006,19.0,300000.0,1.1,0,0,0.0,0.0,0,0,20,29,68.97,1,0,1,0,,,,,,,,,,,,,,,,,,,,,,,,,,,,False
695422.0,theo de percin,auxerre,mq MTQ,GK,2/2/2001,24.0,300000.0,2.0,0,0,0.0,0.0,0,0,31,58,53.45,0,0,0,0,3.0,1.5,9.0,5.0,77.8,1.0,50.0,2.0,1.0,1.0,0.0,3.5,0.22,0.5,0.23,8.0,31.0,25.8,46.0,5.0,45.7,40.3,3.0,7.9,3.0,1.5,13.1,True
124715.0,nikola maksimovic,montpellier,rs SRB,DF,25/11/1991,33.0,300000.0,6.5,0,0,0.0,0.0,1,0,288,310,92.9,9,5,5,6,,,,,,,,,,,,,,,,,,,,,,,,,,,,False
111811.0,florent hanin,angers,dz ALG,DF,4/2/1990,35.0,300000.0,29.7,1,2,0.9,1.9,11,1,1282,1654,77.51,69,48,31,47,,,,,,,,,,,,,,,,,,,,,,,,,,,,False
60543.0,mathieu gorgelin,le havre,fr FRA,GK,5/8/1990,34.0,300000.0,16.0,0,0,0.0,0.0,0,0,417,536,77.8,2,2,0,0,33.0,2.06,82.0,50.0,63.4,1.0,6.3,3.0,3.0,0.0,0.0,34.2,0.4,2.2,0.14,79.0,183.0,43.2,435.0,75.0,32.9,32.4,21.0,7.8,8.0,0.5,10.5,True
1170286.0,darryl bakola,marseille,fr FRA,"DF,MF",30/11/2007,17.0,200000.0,0.2,0,0,0.0,0.0,0,0,12,13,92.31,1,1,0,0,,,,,,,,,,,,,,,,,,,,,,,,,,,,False
745173.0,mamadou coulibaly,monaco,fr FRA,MF,21/4/2004,21.0,200000.0,0.1,0,0,0.1,0.0,1,0,3,5,60.0,1,0,0,0,,,,,,,,,,,,,,,,,,,,,,,,,,,,False
1052287.0,marwann nzuzi,saint etienne,fr FRA,DF,16/5/2004,21.0,200000.0,1.4,0,0,0.0,0.1,2,1,46,55,83.64,2,2,0,2,,,,,,,,,,,,,,,,,,,,,,,,,,,,False
1180835.0,issiaga camara,nice,gn GUI,MF,2/2/2005,20.0,200000.0,0.2,0,0,0.0,0.0,0,0,15,16,93.75,2,1,0,3,,,,,,,,,,,,,,,,,,,,,,,,,,,,False
1047104.0,yanis issoufou,montpellier,fr FRA,"MF,FW",28/10/2006,18.0,200000.0,0.9,0,0,0.1,0.0,2,0,10,20,50.0,6,4,1,0,,,,,,,,,,,,,,,,,,,,,,,,,,,,False
1075574.0,amidou doumbouya,nice,fr FRA,DF,5/8/2007,17.0,200000.0,0.5,0,0,0.0,0.0,0,0,19,25,76.0,1,1,3,1,,,,,,,,,,,,,,,,,,,,,,,,,,,,False
854097.0,stefan dzodic,montpellier,rs SRB,"DF,MF",15/3/2005,20.0,200000.0,2.7,0,0,0.1,0.0,3,0,158,176,89.77,8,5,5,5,,,,,,,,,,,,,,,,,,,,,,,,,,,,False
1203026.0,wilfried ndollo,montpellier,cm CMR,DF,15/4/2005,20.0,200000.0,4.5,0,0,0.0,0.0,0,0,151,190,79.47,6,5,9,7,,,,,,,,,,,,,,,,,,,,,,,,,,,,False
214532.0,pierrick capelle,angers,fr FRA,MF,15/4/1987,38.0,200000.0,5.4,0,0,0.2,1.2,6,0,185,231,80.09,24,17,4,11,,,,,,,,,,,,,,,,,,,,,,,,,,,,False
292820.0,alois confais,le havre,fr FRA,MF,7/9/1996,28.0,150000.0,0.0,0,0,0.0,0.0,0,0,1,2,50.0,0,0,0,0,,,,,,,,,,,,,,,,,,,,,,,,,,,,False
974996.0,aaron malouda,lille,fr FRA,FW,30/11/2005,19.0,150000.0,0.0,0,0,0.0,0.0,0,0,0,0,0.0,0,0,0,0,,,,,,,,,,,,,,,,,,,,,,,,,,,,False
1131161.0,robinio vaz,marseille,fr FRA,FW,17/2/2007,18.0,150000.0,0.8,0,0,0.5,0.0,2,0,2,8,25.0,1,1,0,0,,,,,,,,,,,,,,,,,,,,,,,,,,,,False
412934.0,eros maddy,auxerre,nl NED,DF,5/2/2001,24.0,150000.0,0.2,0,0,0.0,0.1,0,0,6,6,100.0,0,0,0,0,,,,,,,,,,,,,,,,,,,,,,,,,,,,False
984699.0,yael nandjou,nice,fr FRA,DF,6/7/2005,19.0,150000.0,1.7,0,0,0.2,0.7,1,0,50,66,75.76,4,1,4,4,,,,,,,,,,,,,,,,,,,,,,,,,,,,False
986262.0,junior ndiaye,montpellier,fr FRA,FW,29/3/2005,20.0,150000.0,4.9,0,0,0.5,0.4,5,2,57,80,71.25,3,2,2,0,,,,,,,,,,,,,,,,,,,,,,,,,,,,False
1019950.0,theo chennahi,montpellier,fr FRA,DF,6/2/2005,20.0,150000.0,2.0,0,0,0.2,0.0,2,0,57,66,86.36,6,3,3,2,,,,,,,,,,,,,,,,,,,,,,,,,,,,False
1183719.0,keyliane abdallah,marseille,fr FRA,FW,5/4/2006,19.0,100000.0,0.0,0,0,0.0,0.0,0,0,2,2,100.0,1,1,0,0,,,,,,,,,,,,,,,,,,,,,,,,,,,,False
1228320.0,niama sissoko,reims,ml MLI,"FW,MF",16/12/2005,19.0,100000.0,0.5,0,0,0.3,0.0,3,0,7,11,63.64,0,0,1,0,,,,,,,,,,,,,,,,,,,,,,,,,,,,False
855215.0,loic n'gatta,auxerre,fr FRA,DF,11/12/2003,21.0,100000.0,0.1,0,0,0.0,0.0,0,0,13,15,86.67,1,1,1,0,,,,,,,,,,,,,,,,,,,,,,,,,,,,False
782632.0,jibril othman,saint etienne,tn TUN,FW,26/4/2004,21.0,100000.0,0.1,0,0,0.0,0.0,0,0,1,1,100.0,0,0,0,0,,,,,,,,,,,,,,,,,,,,,,,,,,,,False
1073032.0,ike orazi,reims,ie IRL,MF,11/6/2007,18.0,100000.0,0.0,0,0,0.0,0.0,0,0,1,1,100.0,0,0,0,0,,,,,,,,,,,,,,,,,,,,,,,,,,,,False
1310513.0,aristide zossou,auxerre,ci CIV,MF,14/6/2005,20.0,100000.0,0.2,0,0,0.0,0.0,0,0,16,18,88.89,0,0,0,0,,,,,,,,,,,,,,,,,,,,,,,,,,,,False
1363293.0,eloge zabi,reims,ci CIV,"DF,MF",24/9/2006,18.0,100000.0,0.2,0,0,0.0,0.0,0,0,9,12,75.0,0,0,0,0,,,,,,,,,,,,,,,,,,,,,,,,,,,,False
1108478.0,alejandro rodriguez,lyon,pt POR,MF,11/3/2008,17.0,100000.0,0.2,0,0,0.0,0.0,0,0,1,2,50.0,0,0,0,0,,,,,,,,,,,,,,,,,,,,,,,,,,,,False
1314671.0,bernard nguene,nice,cm CMR,FW,4/8/2006,18.0,100000.0,0.1,0,0,0.0,0.0,0,0,2,2,100.0,0,0,0,0,,,,,,,,,,,,,,,,,,,,,,,,,,,,False
1035659.0,younes lachaab,lille,fr FRA,"MF,FW",6/1/2005,20.0,50000.0,0.1,0,0,0.1,0.0,1,0,1,2,50.0,1,1,0,1,,,,,,,,,,,,,,,,,,,,,,,,,,,,False
770438.0,matheo bodmer,le havre,fr FRA,MF,6/5/2004,21.0,50000.0,0.1,0,0,0.0,0.0,0,0,2,2,100.0,0,0,0,0,,,,,,,,,,,,,,,,,,,,,,,,,,,,False
955263.0,kevin pedro,saint etienne,fr FRA,DF,21/2/2006,19.0,50000.0,0.1,0,0,0.0,0.0,0,0,6,11,54.55,3,0,1,2,,,,,,,,,,,,,,,,,,,,,,,,,,,,False
1160813.0,kembo diliwidi,lens,fr FRA,DF,3/2/2006,19.0,50000.0,0.0,0,0,0.0,0.0,0,0,2,3,66.67,0,0,0,0,,,,,,,,,,,,,,,,,,,,,,,,,,,,False
1179130.0,gabin capuano,lens,fr FRA,FW,26/4/2006,19.0,50000.0,0.1,0,0,0.0,0.0,0,0,2,2,100.0,0,0,0,0,,,,,,,,,,,,,,,,,,,,,,,,,,,,False
944427.0,edhy zuliani,toulouse,fr FRA,DF,11/8/2004,20.0,50000.0,0.1,0,0,0.0,0.0,0,0,2,2,100.0,0,0,0,1,,,,,,,,,,,,,,,,,,,,,,,,,,,,False
1103958.0,prosper peter,angers,ng NGA,"MF,FW",9/8/2007,17.0,50000.0,0.3,0,0,0.0,0.0,0,0,1,2,50.0,2,1,0,0,,,,,,,,,,,,,,,,,,,,,,,,,,,,False
743522.0,enzo caumont,angers,fr FRA,MF,13/3/2004,21.0,50000.0,0.4,0,0,0.0,0.0,0,0,13,14,92.86,1,1,1,1,,,,,,,,,,,,,,,,,,,,,,,,,,,,False
1160814.0,rayan fofana,lens,fr FRA,"FW,MF",12/2/2006,19.0,50000.0,0.3,0,0,0.0,0.0,0,0,5,8,62.5,2,2,0,0,,,,,,,,,,,,,,,,,,,,,,,,,,,,False
825438.0,sekou doucoure,nantes,fr FRA,DF,26/4/2005,20.0,50000.0,0.1,0,0,0.0,0.0,0,0,4,5,80.0,0,0,0,0,,,,,,,,,,,,,,,,,,,,,,,,,,,,False
1017912.0,simon cara,montpellier,fr FRA,"MF,FW",31/3/2005,20.0,50000.0,0.1,0,0,0.0,0.0,0,0,4,6,66.67,0,0,0,0,,,,,,,,,,,,,,,,,,,,,,,,,,,,False
1237907.0,serigne diop,brest,sn SEN,FW,12/5/2005,20.0,50000.0,0.0,0,0,0.0,0.0,0,0,2,2,100.0,1,0,1,0,,,,,,,,,,,,,,,,,,,,,,,,,,,,False
