player_id,player_name,club,Nation,Pos,dob,age,market_value_eur,MatchesPlayed,Gls,Ast,Shots,SoT,PassCmp,PassAtt,PassCmpPct,Tkl,TklW,Blocks,Int,GK_GA,GK_GA90,GK_SoTA,GK_Saves,GK_SavePct,GK_CS,GK_CSPct,GK_PKAtt,GK_PKA,GK_PKsv,GK_PKm,GK_PSxG,GK_PSxG_per_SoT,GK_PSxG_PlusMinus,GK_PSxG_PlusMinus_per90,GK_PassCmp,GK_PassAtt,GK_PassCmpPct,GK_GKPassAtt,GK_Throws,GK_LaunchPct,GK_AvgLen,GK_CrossesStp,GK_CrossesStpPct,GK_OPA,GK_OPA90,GK_OPA_AvgDist,IsGK
395516.0,moussa diaby,al ittihad,fr FRA,MF,1999-07-07,26.0,30000000.0,22.1,5,14,38,15,0.0,0.0,0.0,0.0,10,0.0,10,,,,,,,,,,,,,,,,,,,,,,,,,,,,False
225161.0,ruben neves,al hilal,pt POR,MF,1997-03-13,28.0,25000000.0,24.8,1,8,26,8,0.0,0.0,0.0,0.0,27,0.0,30,,,,,,,,,,,,,,,,,,,,,,,,,,,,False
251664.0,ivan toney,al ahli,eng ENG,FW,1996-03-16,29.0,25000000.0,28.1,23,4,114,55,0.0,0.0,0.0,0.0,12,0.0,5,,,,,,,,,,,,,,,,,,,,,,,,,,,,False
454121.0,galeno,al ahli,br BRA,MF,1997-10-22,28.0,24000000.0,10.5,3,2,19,8,0.0,0.0,0.0,0.0,7,0.0,5,,,,,,,,,,,,,,,,,,,,,,,,,,,,False
666234.0,mohamed simakan,al nassr,fr FRA,DF,2000-05-03,25.0,23000000.0,24.2,1,1,16,5,0.0,0.0,0.0,0.0,33,0.0,32,,,,,,,,,,,,,,,,,,,,,,,,,,,,False
323704.0,malcom,al hilal,br BRA,MF,1997-02-26,28.0,22000000.0,29.0,9,10,57,24,0.0,0.0,0.0,0.0,6,0.0,7,,,,,,,,,,,,,,,,,,,,,,,,,,,,False
668267.0,marcos leonardo,al hilal,br BRA,"FW,MF",2003-05-02,22.0,18000000.0,19.3,17,2,70,28,0.0,0.0,0.0,0.0,2,0.0,1,,,,,,,,,,,,,,,,,,,,,,,,,,,,False
524481.0,roger ibanez,al ahli,br BRA,DF,1998-11-23,26.0,17000000.0,31.0,5,1,23,8,0.0,0.0,0.0,0.0,51,0.0,64,,,,,,,,,,,,,,,,,,,,,,,,,,,,False
266302.0,sergej milinkovic-savic,al hilal,rs SRB,MF,1995-02-27,30.0,17000000.0,30.2,12,6,79,32,0.0,0.0,0.0,0.0,28,0.0,22,,,,,,,,,,,,,,,,,,,,,,,,,,,,False
225693.0,fabinho,al ittihad,br BRA,MF,1993-10-23,31.0,15000000.0,31.8,2,1,15,6,0.0,0.0,0.0,0.0,44,0.0,39,,,,,,,,,,,,,,,,,,,,,,,,,,,,False
182712.0,joao cancelo,al hilal,pt POR,DF,1994-05-27,31.0,15000000.0,20.1,0,5,23,8,0.0,0.0,0.0,0.0,39,0.0,44,,,,,,,,,,,,,,,,,,,,,,,,,,,,False
231289.0,otavio,al nassr,pt POR,MF,1995-02-09,30.0,15000000.0,24.1,1,5,20,4,0.0,0.0,0.0,0.0,37,0.0,22,,,,,,,,,,,,,,,,,,,,,,,,,,,,False
294808.0,franck kessie,al ahli,ci CIV,MF,1996-12-19,28.0,14000000.0,28.8,2,4,43,14,0.0,0.0,0.0,0.0,28,0.0,18,,,,,,,,,,,,,,,,,,,,,,,,,,,,False
284165.0,steven bergwijn,al ittihad,nl NED,"MF,FW",1997-10-08,28.0,14000000.0,21.8,13,7,56,31,0.0,0.0,0.0,0.0,15,0.0,4,,,,,,,,,,,,,,,,,,,,,,,,,,,,False
340879.0,merih demiral,al ahli,tr TUR,DF,1998-03-05,27.0,13000000.0,29.0,1,2,19,9,0.0,0.0,0.0,0.0,24,0.0,33,,,,,,,,,,,,,,,,,,,,,,,,,,,,False
416090.0,julian quinones,al qadsiah,mx MEX,"FW,MF",1997-03-24,28.0,12000000.0,27.1,20,5,120,53,0.0,0.0,0.0,0.0,12,0.0,1,,,,,,,,,,,,,,,,,,,,,,,,,,,,False
8198.0,cristiano ronaldo,al nassr,pt POR,FW,1985-02-05,40.0,12000000.0,29.1,25,3,149,68,0.0,0.0,0.0,0.0,1,0.0,4,,,,,,,,,,,,,,,,,,,,,,,,,,,,False
691906.0,bento,al nassr,br BRA,GK,1999-06-10,26.0,11000000.0,34.0,0,0,0,0,0.0,0.0,0.0,0.0,0,0.0,0,40.0,1.18,143.0,105.0,74.1,10.0,29.4,4.0,3.0,0.0,1.0,0.0,0.0,0.0,0.0,0.0,0.0,0.0,0.0,0.0,0.0,0.0,0.0,0.0,0.0,0.0,0.0,True
156617.0,marcelo brozovic,al nassr,hr CRO,MF,1992-11-16,32.0,10000000.0,26.5,2,5,26,11,0.0,0.0,0.0,0.0,29,0.0,28,,,,,,,,,,,,,,,,,,,,,,,,,,,,False
577486.0,gaston alvarez,al qadsiah,uy URU,DF,2000-03-24,25.0,9000000.0,28.3,1,0,7,2,0.0,0.0,0.0,0.0,30,0.0,28,,,,,,,,,,,,,,,,,,,,,,,,,,,,False
395693.0,houssem aouar,al ittihad,dz ALG,MF,1998-06-30,27.0,8500000.0,27.7,12,4,52,25,0.0,0.0,0.0,0.0,19,0.0,13,,,,,,,,,,,,,,,,,,,,,,,,,,,,False
171424.0,riyad mahrez,al ahli,dz ALG,MF,1991-02-21,34.0,8000000.0,29.9,8,10,56,23,0.0,0.0,0.0,0.0,21,0.0,11,,,,,,,,,,,,,,,,,,,,,,,,,,,,False
190263.0,predrag rajkovic,al ittihad,rs SRB,GK,1995-10-31,29.0,8000000.0,27.2,0,0,0,0,0.0,0.0,0.0,0.0,1,0.0,1,27.0,0.99,105.0,80.0,76.2,7.0,25.0,2.0,2.0,0.0,0.0,0.0,0.0,0.0,0.0,0.0,0.0,0.0,0.0,0.0,0.0,0.0,0.0,0.0,0.0,0.0,0.0,True
200512.0,sadio mane,al nassr,sn SEN,"MF,FW",1992-04-10,33.0,8000000.0,31.3,14,11,89,36,0.0,0.0,0.0,0.0,27,0.0,14,,,,,,,,,,,,,,,,,,,,,,,,,,,,False
229004.0,moussa dembele,al ettifaq,fr FRA,FW,1996-07-12,29.0,8000000.0,17.0,7,4,34,17,0.0,0.0,0.0,0.0,3,0.0,0,,,,,,,,,,,,,,,,,,,,,,,,,,,,False
743598.0,angelo,al nassr,br BRA,MF,2004-12-21,20.0,8000000.0,15.2,1,6,26,5,0.0,0.0,0.0,0.0,21,0.0,12,,,,,,,,,,,,,,,,,,,,,,,,,,,,False
18922.0,karim benzema,al ittihad,fr FRA,FW,1987-12-19,37.0,7000000.0,28.1,21,9,110,54,0.0,0.0,0.0,0.0,10,0.0,3,,,,,,,,,,,,,,,,,,,,,,,,,,,,False
140776.0,yannick carrasco,al shabab,be BEL,"FW,MF",1993-09-04,32.0,7000000.0,14.3,2,4,40,13,0.0,0.0,0.0,0.0,5,0.0,3,,,,,,,,,,,,,,,,,,,,,,,,,,,,False
486624.0,musa barrow,al taawoun,gm GAM,"FW,MF",1998-11-14,26.0,6500000.0,28.2,13,3,97,36,0.0,0.0,0.0,0.0,11,0.0,6,,,,,,,,,,,,,,,,,,,,,,,,,,,,False
471582.0,zaydou youssouf,al fateh,km COM,MF,1999-07-11,26.0,6000000.0,16.0,0,1,14,2,0.0,0.0,0.0,0.0,30,0.0,21,,,,,,,,,,,,,,,,,,,,,,,,,,,,False
93128.0,kalidou koulibaly,al hilal,sn SEN,DF,1991-06-20,34.0,6000000.0,28.9,2,0,19,4,0.0,0.0,0.0,0.0,39,0.0,35,,,,,,,,,,,,,,,,,,,,,,,,,,,,False
207834.0,yassine bounou,al hilal,ma MAR,GK,1991-04-05,34.0,5500000.0,31.0,0,0,0,0,0.0,0.0,0.0,0.0,1,0.0,0,41.0,1.32,88.0,52.0,58.0,9.0,29.0,5.0,4.0,1.0,0.0,0.0,0.0,0.0,0.0,0.0,0.0,0.0,0.0,0.0,0.0,0.0,0.0,0.0,0.0,0.0,0.0,True
726114.0,mario mitaj,al ittihad,al ALB,"DF,MF",2003-08-06,22.0,5500000.0,16.0,1,2,3,2,0.0,0.0,0.0,0.0,25,0.0,24,,,,,,,,,,,,,,,,,,,,,,,,,,,,False
766258.0,kaio cesar,al hilal,br BRA,MF,2004-02-15,21.0,5000000.0,8.4,3,3,26,10,0.0,0.0,0.0,0.0,11,0.0,4,,,,,,,,,,,,,,,,,,,,,,,,,,,,False
442531.0,edouard mendy,al ahli,sn SEN,GK,1992-03-01,33.0,5000000.0,27.0,0,1,0,0,0.0,0.0,0.0,0.0,0,0.0,0,27.0,1.0,90.0,66.0,72.2,12.0,42.9,3.0,2.0,1.0,0.0,0.0,0.0,0.0,0.0,0.0,0.0,0.0,0.0,0.0,0.0,0.0,0.0,0.0,0.0,0.0,0.0,True
225083.0,n'golo kante,al ittihad,fr FRA,MF,1991-03-29,34.0,5000000.0,30.3,4,3,17,7,0.0,0.0,0.0,0.0,50,0.0,67,,,,,,,,,,,,,,,,,,,,,,,,,,,,False
376211.0,matias vargas,al fateh,ar ARG,"MF,FW",1997-05-08,28.0,5000000.0,19.8,7,4,72,24,0.0,0.0,0.0,0.0,12,0.0,9,,,,,,,,,,,,,,,,,,,,,,,,,,,,False
315063.0,nahitan nandez,al qadsiah,uy URU,MF,1995-12-28,29.0,4500000.0,27.7,0,6,9,4,0.0,0.0,0.0,0.0,54,0.0,25,,,,,,,,,,,,,,,,,,,,,,,,,,,,False
654918.0,matteo dams,al ahli,be BEL,DF,2004-03-09,21.0,4500000.0,6.7,0,0,1,0,0.0,0.0,0.0,0.0,4,0.0,8,,,,,,,,,,,,,,,,,,,,,,,,,,,,False
141050.0,danilo pereira,al ittihad,pt POR,DF,1991-09-09,34.0,4500000.0,25.1,2,0,12,3,0.0,0.0,0.0,0.0,14,0.0,28,,,,,,,,,,,,,,,,,,,,,,,,,,,,False
631922.0,firas al-buraikan,al ahli,sa KSA,"MF,FW",2000-05-14,25.0,4500000.0,22.9,3,7,29,12,0.0,0.0,0.0,0.0,26,0.0,11,,,,,,,,,,,,,,,,,,,,,,,,,,,,False
108880.0,koen casteels,al qadsiah,be BEL,GK,1992-06-25,33.0,4500000.0,33.0,0,0,0,0,0.0,0.0,0.0,0.0,0,0.0,0,29.0,0.88,106.0,81.0,76.4,14.0,42.4,4.0,4.0,0.0,0.0,0.0,0.0,0.0,0.0,0.0,0.0,0.0,0.0,0.0,0.0,0.0,0.0,0.0,0.0,0.0,0.0,True
1007378.0,wesley,al nassr,br BRA,MF,2005-03-05,20.0,4000000.0,4.6,0,0,16,9,0.0,0.0,0.0,0.0,6,0.0,2,,,,,,,,,,,,,,,,,,,,,,,,,,,,False
253839.0,alvaro medran,al ettifaq,es ESP,MF,1994-03-15,31.0,4000000.0,24.2,2,4,44,13,0.0,0.0,0.0,0.0,24,0.0,10,,,,,,,,,,,,,,,,,,,,,,,,,,,,False
901181.0,musab al juwayr,al shabab,sa KSA,MF,2003-06-20,22.0,4000000.0,25.9,4,9,40,12,0.0,0.0,0.0,0.0,45,0.0,21,,,,,,,,,,,,,,,,,,,,,,,,,,,,False
485729.0,fashion sakala,al fayha,zm ZAM,"FW,MF",1997-03-14,28.0,4000000.0,30.9,8,4,78,27,0.0,0.0,0.0,0.0,14,0.0,7,,,,,,,,,,,,,,,,,,,,,,,,,,,,False
515496.0,mailson,al taawoun,br BRA,GK,1996-08-20,29.0,3500000.0,16.0,0,0,0,0,0.0,0.0,0.0,0.0,0,0.0,0,15.0,0.94,74.0,61.0,82.4,7.0,43.8,2.0,2.0,0.0,0.0,0.0,0.0,0.0,0.0,0.0,0.0,0.0,0.0,0.0,0.0,0.0,0.0,0.0,0.0,0.0,0.0,True
295764.0,aschraf el mahdioui,al taawoun,nl NED,MF,1996-05-24,29.0,3000000.0,28.9,0,0,10,1,0.0,0.0,0.0,0.0,37,0.0,56,,,,,,,,,,,,,,,,,,,,,,,,,,,,False
270051.0,andrei girotto,al taawoun,br BRA,DF,1992-02-17,33.0,3000000.0,25.6,1,0,14,3,0.0,0.0,0.0,0.0,40,0.0,32,,,,,,,,,,,,,,,,,,,,,,,,,,,,False
203654.0,toze,al riyadh sc,pt POR,MF,1993-01-14,32.0,3000000.0,31.1,5,4,56,24,0.0,0.0,0.0,0.0,49,0.0,20,,,,,,,,,,,,,,,,,,,,,,,,,,,,False
186901.0,marek rodak,al ettifaq,sk SVK,GK,1996-12-13,28.0,3000000.0,34.0,0,0,0,0,0.0,0.0,0.0,0.0,2,0.0,1,45.0,1.32,154.0,114.0,74.0,8.0,23.5,7.0,5.0,1.0,1.0,0.0,0.0,0.0,0.0,0.0,0.0,0.0,0.0,0.0,0.0,0.0,0.0,0.0,0.0,0.0,0.0,True
49499.0,georginio wijnaldum,al ettifaq,nl NED,"MF,FW",1990-11-11,34.0,3000000.0,32.4,14,4,50,28,0.0,0.0,0.0,0.0,9,0.0,9,,,,,,,,,,,,,,,,,,,,,,,,,,,,False
936536.0,joao costa,al ettifaq,br BRA,"MF,FW",2005-03-28,20.0,2800000.0,15.9,4,1,27,8,0.0,0.0,0.0,0.0,17,0.0,12,,,,,,,,,,,,,,,,,,,,,,,,,,,,False
363223.0,jack hendry,al ettifaq,sct SCO,DF,1995-05-07,30.0,2500000.0,14.2,0,0,0,0,0.0,0.0,0.0,0.0,8,0.0,11,,,,,,,,,,,,,,,,,,,,,,,,,,,,False
153664.0,khaled narey,al khaleej,tg TOG,"MF,FW",1994-07-23,31.0,2500000.0,12.9,3,3,22,8,0.0,0.0,0.0,0.0,14,0.0,7,,,,,,,,,,,,,,,,,,,,,,,,,,,,False
373191.0,flavio,al taawoun,br BRA,MF,1996-02-10,29.0,2200000.0,9.5,0,1,4,3,0.0,0.0,0.0,0.0,25,0.0,14,,,,,,,,,,,,,,,,,,,,,,,,,,,,False
223029.0,fabio martins,al khaleej,pt POR,MF,1993-07-24,32.0,2200000.0,28.5,7,1,57,16,0.0,0.0,0.0,0.0,28,0.0,12,,,,,,,,,,,,,,,,,,,,,,,,,,,,False
344395.0,jorge filipe oliveira fernandes,al fateh,pt POR,DF,1997-04-02,28.0,2000000.0,16.0,0,0,3,0,0.0,0.0,0.0,0.0,14,0.0,17,,,,,,,,,,,,,,,,,,,,,,,,,,,,False
315110.0,karl toko ekambi,al ettifaq,cm CMR,"FW,MF",1992-09-14,33.0,2000000.0,21.4,1,2,49,19,0.0,0.0,0.0,0.0,11,0.0,14,,,,,,,,,,,,,,,,,,,,,,,,,,,,False
58884.0,nacho,al qadsiah,es ESP,DF,1990-01-18,35.0,2000000.0,31.0,0,1,17,6,0.0,0.0,0.0,0.0,16,0.0,36,,,,,,,,,,,,,,,,,,,,,,,,,,,,False
435045.0,sultan al-ghanam,al nassr,sa KSA,DF,1994-05-06,31.0,2000000.0,24.6,2,1,20,4,0.0,0.0,0.0,0.0,15,0.0,36,,,,,,,,,,,,,,,,,,,,,,,,,,,,False
235052.0,abderrazak hamdallah,al shabab,ma MAR,FW,1990-12-17,34.0,1800000.0,25.2,21,2,90,38,0.0,0.0,0.0,0.0,8,0.0,4,,,,,,,,,,,,,,,,,,,,,,,,,,,,False
253765.0,wesley hoedt,al shabab,nl NED,DF,1994-03-06,31.0,1800000.0,31.0,5,1,20,9,0.0,0.0,0.0,0.0,27,0.0,32,,,,,,,,,,,,,,,,,,,,,,,,,,,,False
509897.0,hassan al tambakti,al hilal,sa KSA,DF,1999-02-09,26.0,1600000.0,13.9,0,1,9,0,0.0,0.0,0.0,0.0,12,0.0,14,,,,,,,,,,,,,,,,,,,,,,,,,,,,False
164593.0,abdulrahman ghareeb,al nassr,sa KSA,"MF,FW",1997-03-31,28.0,1500000.0,7.1,0,1,12,4,0.0,0.0,0.0,0.0,8,0.0,1,,,,,,,,,,,,,,,,,,,,,,,,,,,,False
285771.0,roger martinez,al taawoun,co COL,FW,1994-06-23,31.0,1500000.0,14.2,5,2,38,14,0.0,0.0,0.0,0.0,5,0.0,1,,,,,,,,,,,,,,,,,,,,,,,,,,,,False
103427.0,chris smalling,al fayha,eng ENG,DF,1989-11-22,35.0,1500000.0,29.3,1,0,10,4,0.0,0.0,0.0,0.0,16,0.0,41,,,,,,,,,,,,,,,,,,,,,,,,,,,,False
970633.0,unai hernandez,al ittihad,es ESP,MF,2004-12-14,20.0,1500000.0,6.6,1,3,14,4,0.0,0.0,0.0,0.0,8,0.0,6,,,,,,,,,,,,,,,,,,,,,,,,,,,,False
192875.0,william troost-ekong,al kholood saudi club,ng NGA,DF,1993-09-01,32.0,1500000.0,31.7,2,1,22,5,0.0,0.0,0.0,0.0,14,0.0,25,,,,,,,,,,,,,,,,,,,,,,,,,,,,False
195332.0,salem al-dawsari,al hilal,sa KSA,MF,1991-08-19,34.0,1500000.0,30.9,15,15,86,39,0.0,0.0,0.0,0.0,38,0.0,11,,,,,,,,,,,,,,,,,,,,,,,,,,,,False
821377.0,nawaf boushal,al nassr,sa KSA,DF,1999-09-16,26.0,1300000.0,24.3,2,6,11,3,0.0,0.0,0.0,0.0,59,0.0,53,,,,,,,,,,,,,,,,,,,,,,,,,,,,False
235412.0,jawad el yamiq,al wehda,ma MAR,DF,1992-02-29,33.0,1200000.0,23.3,2,0,19,8,0.0,0.0,0.0,0.0,15,0.0,37,,,,,,,,,,,,,,,,,,,,,,,,,,,,False
374281.0,christian bassogog,al okhdood sc,cm CMR,"MF,FW",1995-10-18,30.0,1200000.0,30.2,6,1,45,22,0.0,0.0,0.0,0.0,19,0.0,10,,,,,,,,,,,,,,,,,,,,,,,,,,,,False
342209.0,kevin n'doram,al kholood saudi club,fr FRA,MF,1996-01-22,29.0,1200000.0,27.3,0,0,14,4,0.0,0.0,0.0,0.0,24,0.0,38,,,,,,,,,,,,,,,,,,,,,,,,,,,,False
157543.0,dimitrios kourbelis,al khaleej,gr GRE,"MF,DF",1993-11-02,31.0,1200000.0,17.7,2,1,14,6,0.0,0.0,0.0,0.0,19,0.0,26,,,,,,,,,,,,,,,,,,,,,,,,,,,,False
928499.0,saad al mosa,al ittihad,sa KSA,DF,2002-12-10,22.0,1200000.0,19.8,0,0,5,0,0.0,0.0,0.0,0.0,25,0.0,25,,,,,,,,,,,,,,,,,,,,,,,,,,,,False
229879.0,muhannad shenqeeti,al ittihad,sa KSA,DF,1999-03-12,26.0,1200000.0,22.7,1,5,16,5,0.0,0.0,0.0,0.0,35,0.0,20,,,,,,,,,,,,,,,,,,,,,,,,,,,,False
509894.0,abdulelah al-amri,al ittihad,sa KSA,DF,1997-01-15,28.0,1200000.0,14.7,0,1,7,1,0.0,0.0,0.0,0.0,12,0.0,32,,,,,,,,,,,,,,,,,,,,,,,,,,,,False
560957.0,ibrahim bayesh,al riyadh sc,iq IRQ,"MF,FW",2000-05-01,25.0,1000000.0,30.0,5,2,33,12,0.0,0.0,0.0,0.0,51,0.0,16,,,,,,,,,,,,,,,,,,,,,,,,,,,,False
371142.0,myziane maolida,al kholood saudi club,km COM,"MF,FW",1999-02-14,26.0,1000000.0,31.7,15,0,104,52,0.0,0.0,0.0,0.0,16,0.0,28,,,,,,,,,,,,,,,,,,,,,,,,,,,,False
159838.0,yoann barbet,al riyadh sc,fr FRA,DF,1993-05-10,32.0,1000000.0,28.9,1,1,23,4,0.0,0.0,0.0,0.0,12,0.0,37,,,,,,,,,,,,,,,,,,,,,,,,,,,,False
205054.0,norbert gyomber,al kholood saudi club,sk SVK,DF,1992-07-03,33.0,1000000.0,32.8,0,1,7,3,0.0,0.0,0.0,0.0,24,0.0,36,,,,,,,,,,,,,,,,,,,,,,,,,,,,False
31671.0,turki al ammar,al qadsiah,sa KSA,MF,1999-09-24,26.0,1000000.0,23.2,4,6,56,19,0.0,0.0,0.0,0.0,14,0.0,22,,,,,,,,,,,,,,,,,,,,,,,,,,,,False
441191.0,abdulrahman al-aboud,al ittihad,sa KSA,MF,1995-06-01,30.0,1000000.0,12.8,7,7,21,13,0.0,0.0,0.0,0.0,25,0.0,9,,,,,,,,,,,,,,,,,,,,,,,,,,,,False
901334.0,jehad thakri,al qadsiah,sa KSA,DF,2001-07-21,24.0,1000000.0,26.6,0,0,9,5,0.0,0.0,0.0,0.0,29,0.0,30,,,,,,,,,,,,,,,,,,,,,,,,,,,,False
308120.0,mohamed kanno,al hilal,sa KSA,MF,1994-09-22,31.0,900000.0,14.4,2,2,17,8,0.0,0.0,0.0,0.0,24,0.0,25,,,,,,,,,,,,,,,,,,,,,,,,,,,,False
869509.0,moteb al-harbi,al shabab,sa KSA,DF,2000-02-19,25.0,900000.0,2.0,0,0,0,0,0.0,0.0,0.0,0.0,2,0.0,4,,,,,,,,,,,,,,,,,,,,,,,,,,,,False
248250.0,sofiane bendebka,al fateh,dz ALG,MF,1992-08-09,33.0,900000.0,30.9,12,1,63,28,0.0,0.0,0.0,0.0,30,0.0,28,,,,,,,,,,,,,,,,,,,,,,,,,,,,False
197860.0,pedro rebocho,al khaleej,pt POR,DF,1995-01-23,30.0,900000.0,32.8,0,7,8,2,0.0,0.0,0.0,0.0,36,0.0,36,,,,,,,,,,,,,,,,,,,,,,,,,,,,False
672391.0,ali majrashi,al ahli,sa KSA,DF,1999-10-01,26.0,900000.0,25.7,0,0,24,7,0.0,0.0,0.0,0.0,64,0.0,46,,,,,,,,,,,,,,,,,,,,,,,,,,,,False
264909.0,ali lajami,al nassr,sa KSA,DF,1996-04-24,29.0,900000.0,15.9,0,1,10,2,0.0,0.0,0.0,0.0,20,0.0,30,,,,,,,,,,,,,,,,,,,,,,,,,,,,False
437903.0,abdullah al-khaibari,al nassr,sa KSA,MF,1996-08-16,29.0,900000.0,14.1,0,0,5,1,0.0,0.0,0.0,0.0,30,0.0,10,,,,,,,,,,,,,,,,,,,,,,,,,,,,False
1145312.0,talal haji,al riyadh sc,sa KSA,FW,2007-09-16,18.0,800000.0,3.1,1,0,4,1,0.0,0.0,0.0,0.0,1,0.0,1,,,,,,,,,,,,,,,,,,,,,,,,,,,,False
901079.0,ziyad al johani,al ahli,sa KSA,MF,2001-11-11,23.0,800000.0,24.7,2,1,31,11,0.0,0.0,0.0,0.0,33,0.0,24,,,,,,,,,,,,,,,,,,,,,,,,,,,,False
677706.0,juan pedroza,al okhdood sc,co COL,MF,1999-04-08,26.0,750000.0,30.0,1,2,31,7,0.0,0.0,0.0,0.0,58,0.0,31,,,,,,,,,,,,,,,,,,,,,,,,,,,,False
171915.0,yasser al-shahrani,al hilal,sa KSA,DF,1992-05-25,33.0,750000.0,4.3,0,0,1,0,0.0,0.0,0.0,0.0,5,0.0,6,,,,,,,,,,,,,,,,,,,,,,,,,,,,False
514927.0,ahmed bamasud,al ettifaq,sa KSA,DF,1995-11-22,29.0,700000.0,1.1,0,0,1,0,0.0,0.0,0.0,0.0,2,0.0,3,,,,,,,,,,,,,,,,,,,,,,,,,,,,False
671043.0,ahmed al ghamdi,al ittihad,sa KSA,MF,2001-09-20,24.0,650000.0,0.7,0,0,2,1,0.0,0.0,0.0,0.0,1,0.0,0,,,,,,,,,,,,,,,,,,,,,,,,,,,,False
1058345.0,abdulaziz noor,al wehda,sa KSA,"FW,MF",1999-01-18,26.0,650000.0,12.5,7,0,41,16,0.0,0.0,0.0,0.0,6,0.0,5,,,,,,,,,,,,,,,,,,,,,,,,,,,,False
888634.0,saad al nasser,al taawoun,sa KSA,"DF,MF",2001-01-08,24.0,650000.0,24.0,1,2,11,2,0.0,0.0,0.0,0.0,43,0.0,52,,,,,,,,,,,,,,,,,,,,,,,,,,,,False
364450.0,fawaz al-sqoor,al ittihad,sa KSA,DF,1996-04-23,29.0,650000.0,12.6,2,2,8,5,0.0,0.0,0.0,0.0,8,0.0,5,,,,,,,,,,,,,,,,,,,,,,,,,,,,False
970673.0,salem al najdi,al nassr,sa KSA,DF,2003-01-27,22.0,650000.0,12.1,1,1,9,2,0.0,0.0,0.0,0.0,22,0.0,18,,,,,,,,,,,,,,,,,,,,,,,,,,,,False
886183.0,nawaf al aqidi,al fateh,sa KSA,GK,2000-05-10,25.0,650000.0,16.0,0,1,0,0,0.0,0.0,0.0,0.0,1,0.0,0,22.0,1.37,79.0,60.0,74.7,2.0,12.5,4.0,2.0,1.0,1.0,0.0,0.0,0.0,0.0,0.0,0.0,0.0,0.0,0.0,0.0,0.0,0.0,0.0,0.0,0.0,0.0,True
1173794.0,mohammed al shwirekh,al shabab,sa KSA,DF,1998-11-19,26.0,600000.0,13.0,4,0,15,5,0.0,0.0,0.0,0.0,15,0.0,20,,,,,,,,,,,,,,,,,,,,,,,,,,,,False
509911.0,nasser al-dawsari,al hilal,sa KSA,MF,1998-12-19,26.0,600000.0,11.6,1,1,17,2,0.0,0.0,0.0,0.0,33,0.0,16,,,,,,,,,,,,,,,,,,,,,,,,,,,,False
242267.0,saleh al-shehri,al ittihad,sa KSA,FW,1993-11-01,31.0,600000.0,4.5,4,1,14,10,0.0,0.0,0.0,0.0,6,0.0,1,,,,,,,,,,,,,,,,,,,,,,,,,,,,False
220688.0,omar al somah,al orobah,sy SYR,FW,1989-03-23,36.0,600000.0,16.8,11,3,60,27,0.0,0.0,0.0,0.0,6,0.0,3,,,,,,,,,,,,,,,,,,,,,,,,,,,,False
1145311.0,farhah al shamrani,al kholood saudi club,sa KSA,MF,2006-02-27,19.0,600000.0,5.3,0,0,5,2,0.0,0.0,0.0,0.0,6,0.0,3,,,,,,,,,,,,,,,,,,,,,,,,,,,,False
402979.0,orlando mosquera,al fayha,pa PAN,GK,1994-12-25,30.0,600000.0,29.5,0,1,0,0,0.0,0.0,0.0,0.0,1,0.0,0,37.0,1.25,118.0,88.0,73.7,10.0,33.3,8.0,6.0,2.0,0.0,0.0,0.0,0.0,0.0,0.0,0.0,0.0,0.0,0.0,0.0,0.0,0.0,0.0,0.0,0.0,0.0,True
141805.0,ali al hassan,al nassr,sa KSA,MF,1997-03-04,28.0,550000.0,12.0,2,0,12,4,0.0,0.0,0.0,0.0,11,0.0,12,,,,,,,,,,,,,,,,,,,,,,,,,,,,False
380205.0,waleed al ahmad,al taawoun,sa KSA,DF,1999-05-03,26.0,550000.0,21.7,2,0,22,6,0.0,0.0,0.0,0.0,27,0.0,25,,,,,,,,,,,,,,,,,,,,,,,,,,,,False
1169185.0,mohamed abdulrahman,al ettifaq,sa KSA,DF,2003-01-14,22.0,550000.0,17.8,1,1,5,1,0.0,0.0,0.0,0.0,31,0.0,23,,,,,,,,,,,,,,,,,,,,,,,,,,,,False
229940.0,saleh al-amri,al raed,sa KSA,"MF,FW",1993-10-14,32.0,550000.0,29.8,6,3,55,27,0.0,0.0,0.0,0.0,26,0.0,13,,,,,,,,,,,,,,,,,,,,,,,,,,,,False
258911.0,mukhtar ali,al ettifaq,sa KSA,MF,1997-10-30,27.0,550000.0,12.2,0,0,3,0,0.0,0.0,0.0,0.0,10,0.0,12,,,,,,,,,,,,,,,,,,,,,,,,,,,,False
478528.0,abdulbasit hindi,al ettifaq,sa KSA,DF,1997-02-02,28.0,550000.0,9.7,0,0,1,0,0.0,0.0,0.0,0.0,10,0.0,25,,,,,,,,,,,,,,,,,,,,,,,,,,,,False
265940.0,abdullah madu,al ettifaq,sa KSA,DF,1993-07-15,32.0,550000.0,26.2,1,0,15,5,0.0,0.0,0.0,0.0,13,0.0,26,,,,,,,,,,,,,,,,,,,,,,,,,,,,False
122493.0,amir sayoud,al raed,dz ALG,"FW,MF",1990-09-30,35.0,550000.0,23.3,8,7,49,14,0.0,0.0,0.0,0.0,7,0.0,17,,,,,,,,,,,,,,,,,,,,,,,,,,,,False
319552.0,ahmed sharahili,al ittihad,sa KSA,DF,1994-05-08,31.0,550000.0,0.1,0,0,0,0,0.0,0.0,0.0,0.0,0,0.0,0,,,,,,,,,,,,,,,,,,,,,,,,,,,,False
234975.0,mourad batna,al fateh,ma MAR,MF,1990-06-27,35.0,500000.0,26.7,13,6,99,39,0.0,0.0,0.0,0.0,8,0.0,12,,,,,,,,,,,,,,,,,,,,,,,,,,,,False
369090.0,abdullah al-ammar,al ahli,sa KSA,DF,1994-03-01,31.0,500000.0,5.6,0,0,2,1,0.0,0.0,0.0,0.0,10,0.0,10,,,,,,,,,,,,,,,,,,,,,,,,,,,,False
888633.0,abdullah radif,al ettifaq,sa KSA,FW,2003-01-20,22.0,500000.0,12.8,3,1,28,10,0.0,0.0,0.0,0.0,12,0.0,3,,,,,,,,,,,,,,,,,,,,,,,,,,,,False
376649.0,abdelkader bedrane,damac,dz ALG,DF,1992-04-02,33.0,500000.0,29.9,0,2,18,1,0.0,0.0,0.0,0.0,31,0.0,43,,,,,,,,,,,,,,,,,,,,,,,,,,,,False
1130616.0,eid al muwallad,al okhdood sc,sa KSA,MF,2001-12-14,23.0,500000.0,9.6,0,0,0,0,0.0,0.0,0.0,0.0,19,0.0,14,,,,,,,,,,,,,,,,,,,,,,,,,,,,False
210009.0,marwane saadane,al fateh,ma MAR,DF,1992-01-17,33.0,500000.0,28.0,0,0,22,9,0.0,0.0,0.0,0.0,27,0.0,36,,,,,,,,,,,,,,,,,,,,,,,,,,,,False
434672.0,sami al-najei,al nassr,sa KSA,MF,1997-02-07,28.0,500000.0,0.3,0,0,0,0,0.0,0.0,0.0,0.0,0,0.0,0,,,,,,,,,,,,,,,,,,,,,,,,,,,,False
364773.0,nader al-sharari,al shabab,sa KSA,DF,1996-05-08,29.0,450000.0,21.8,0,1,1,0,0.0,0.0,0.0,0.0,30,0.0,41,,,,,,,,,,,,,,,,,,,,,,,,,,,,False
1092873.0,muath fagihy,al ittihad,sa KSA,DF,2002-05-30,23.0,450000.0,2.8,0,1,1,0,0.0,0.0,0.0,0.0,3,0.0,9,,,,,,,,,,,,,,,,,,,,,,,,,,,,False
672388.0,radi al otaibi,al ettifaq,sa KSA,"DF,MF",2000-06-12,25.0,450000.0,20.4,0,1,19,6,0.0,0.0,0.0,0.0,20,0.0,31,,,,,,,,,,,,,,,,,,,,,,,,,,,,False
201379.0,hattan bahebri,al taawoun,sa KSA,"MF,FW",1992-07-16,33.0,450000.0,4.7,2,1,13,3,0.0,0.0,0.0,0.0,4,0.0,4,,,,,,,,,,,,,,,,,,,,,,,,,,,,False
578992.0,faris abdi,al fayha,sa KSA,"DF,MF",1999-05-09,26.0,450000.0,27.6,1,1,11,4,0.0,0.0,0.0,0.0,81,0.0,26,,,,,,,,,,,,,,,,,,,,,,,,,,,,False
153172.0,ali hazazi,al qadsiah,sa KSA,MF,1994-02-18,31.0,450000.0,8.3,1,0,8,2,0.0,0.0,0.0,0.0,22,0.0,19,,,,,,,,,,,,,,,,,,,,,,,,,,,,False
153172.0,abdullah hazazi,al raed,sa KSA,"DF,MF",1994-02-18,31.0,450000.0,11.2,0,0,4,1,0.0,0.0,0.0,0.0,12,0.0,13,,,,,,,,,,,,,,,,,,,,,,,,,,,,False
153350.0,abdulaziz al-bishi,al ittihad,sa KSA,MF,1994-03-11,31.0,400000.0,1.3,0,0,2,2,0.0,0.0,0.0,0.0,2,0.0,2,,,,,,,,,,,,,,,,,,,,,,,,,,,,False
462162.0,abdullah khateeb,al ettifaq,sa KSA,DF,1995-03-12,30.0,400000.0,22.7,1,1,8,3,0.0,0.0,0.0,0.0,18,0.0,28,,,,,,,,,,,,,,,,,,,,,,,,,,,,False
1118034.0,hammam al hammami,al kholood saudi club,sa KSA,"MF,FW",2004-01-30,21.0,400000.0,20.0,4,3,35,15,0.0,0.0,0.0,0.0,22,0.0,22,,,,,,,,,,,,,,,,,,,,,,,,,,,,False
31406.0,haroune camara,al shabab,sa KSA,"FW,MF",1998-01-01,27.0,400000.0,17.9,6,3,35,15,0.0,0.0,0.0,0.0,10,0.0,1,,,,,,,,,,,,,,,,,,,,,,,,,,,,False
1020859.0,mohammed sulaiman,al ahli,sa KSA,DF,2004-04-08,21.0,400000.0,11.2,2,0,7,4,0.0,0.0,0.0,0.0,17,0.0,8,,,,,,,,,,,,,,,,,,,,,,,,,,,,False
509914.0,mohammed al yami,al hilal,sa KSA,GK,1997-08-14,28.0,400000.0,2.0,0,0,0,0,0.0,0.0,0.0,0.0,0,0.0,0,0.0,0.0,6.0,6.0,100.0,2.0,100.0,0.0,0.0,0.0,0.0,0.0,0.0,0.0,0.0,0.0,0.0,0.0,0.0,0.0,0.0,0.0,0.0,0.0,0.0,0.0,0.0,True
901076.0,bassam al hurayji,al ahli,sa KSA,DF,2000-03-29,25.0,400000.0,3.6,0,0,2,1,0.0,0.0,0.0,0.0,8,0.0,5,,,,,,,,,,,,,,,,,,,,,,,,,,,,False
210349.0,sultan mendash,al taawoun,sa KSA,"MF,FW",1994-10-17,31.0,375000.0,16.9,3,1,26,6,0.0,0.0,0.0,0.0,22,0.0,13,,,,,,,,,,,,,,,,,,,,,,,,,,,,False
264729.0,madallah al-olayan,al ettifaq,sa KSA,"DF,MF",1994-08-25,31.0,375000.0,17.8,1,1,3,1,0.0,0.0,0.0,0.0,43,0.0,31,,,,,,,,,,,,,,,,,,,,,,,,,,,,False
1092876.0,mobarak al rajeh,al raed,sa KSA,DF,2003-08-01,22.0,375000.0,21.5,0,1,6,3,0.0,0.0,0.0,0.0,24,0.0,27,,,,,,,,,,,,,,,,,,,,,,,,,,,,False
421391.0,ziyad al-sahafi,al riyadh sc,sa KSA,DF,1994-10-17,31.0,375000.0,1.1,0,0,0,0,0.0,0.0,0.0,0.0,1,0.0,0,,,,,,,,,,,,,,,,,,,,,,,,,,,,False
390855.0,abdulellah al-malki,al ettifaq,sa KSA,MF,1994-10-11,31.0,375000.0,9.1,0,0,6,1,0.0,0.0,0.0,0.0,14,0.0,13,,,,,,,,,,,,,,,,,,,,,,,,,,,,False
1013847.0,dhari al anazi,damac,sa KSA,"DF,MF",2000-05-06,25.0,375000.0,26.1,0,1,6,1,0.0,0.0,0.0,0.0,50,0.0,32,,,,,,,,,,,,,,,,,,,,,,,,,,,,False
1060930.0,faisal al subiani,damac,sa KSA,MF,2003-07-07,22.0,350000.0,17.1,0,0,4,2,0.0,0.0,0.0,0.0,27,0.0,7,,,,,,,,,,,,,,,,,,,,,,,,,,,,False
260859.0,hassan kadesh,al ittihad,sa KSA,DF,1992-09-26,33.0,350000.0,25.3,2,1,7,2,0.0,0.0,0.0,0.0,27,0.0,28,,,,,,,,,,,,,,,,,,,,,,,,,,,,False
951682.0,mohammed al qahtani,al hilal,sa KSA,MF,2002-07-23,23.0,350000.0,7.7,2,0,23,8,0.0,0.0,0.0,0.0,8,0.0,5,,,,,,,,,,,,,,,,,,,,,,,,,,,,False
68626.0,abdullah al hamdan,al hilal,sa KSA,MF,1999-09-12,26.0,350000.0,3.8,2,4,13,6,0.0,0.0,0.0,0.0,5,0.0,1,,,,,,,,,,,,,,,,,,,,,,,,,,,,False
901124.0,husain al qahtani,al qadsiah,sa KSA,MF,1994-12-20,30.0,350000.0,7.2,0,0,4,2,0.0,0.0,0.0,0.0,16,0.0,6,,,,,,,,,,,,,,,,,,,,,,,,,,,,False
901132.0,nawaf al saadi,al shabab,sa KSA,MF,2000-10-21,25.0,350000.0,8.3,0,1,8,3,0.0,0.0,0.0,0.0,23,0.0,12,,,,,,,,,,,,,,,,,,,,,,,,,,,,False
509893.0,awn al saluli,al taawoun,sa KSA,DF,1998-09-02,27.0,325000.0,11.5,0,0,2,1,0.0,0.0,0.0,0.0,5,0.0,10,,,,,,,,,,,,,,,,,,,,,,,,,,,,False
796803.0,asiri haitham,al qadsiah,sa KSA,FW,2001-03-25,24.0,325000.0,2.1,0,0,7,2,0.0,0.0,0.0,0.0,3,0.0,0,,,,,,,,,,,,,,,,,,,,,,,,,,,,False
200558.0,petros,al okhdood sc,br BRA,MF,1989-05-29,36.0,300000.0,23.1,0,1,16,4,0.0,0.0,0.0,0.0,35,0.0,23,,,,,,,,,,,,,,,,,,,,,,,,,,,,False
1244173.0,marzouq tambakti,al riyadh sc,sa KSA,DF,2003-02-11,22.0,300000.0,20.7,0,0,5,2,0.0,0.0,0.0,0.0,15,0.0,11,,,,,,,,,,,,,,,,,,,,,,,,,,,,False
52313.0,marcelo grohe,al kholood saudi club,br BRA,GK,1987-01-13,38.0,300000.0,32.0,0,0,0,0,0.0,0.0,0.0,0.0,1,0.0,0,60.0,1.87,154.0,102.0,66.2,5.0,15.6,8.0,8.0,0.0,0.0,0.0,0.0,0.0,0.0,0.0,0.0,0.0,0.0,0.0,0.0,0.0,0.0,0.0,0.0,0.0,0.0,True
509912.0,fahad al rashidi,al ahli,sa KSA,MF,1997-05-16,28.0,300000.0,2.9,0,0,8,3,0.0,0.0,0.0,0.0,5,0.0,1,,,,,,,,,,,,,,,,,,,,,,,,,,,,False
951628.0,abdulrahman al sanbi,al ahli,sa KSA,GK,2001-02-03,24.0,300000.0,7.0,0,0,0,0,0.0,0.0,0.0,0.0,0,0.0,0,9.0,1.28,26.0,19.0,73.1,1.0,16.7,2.0,2.0,0.0,0.0,0.0,0.0,0.0,0.0,0.0,0.0,0.0,0.0,0.0,0.0,0.0,0.0,0.0,0.0,0.0,0.0,True
1060901.0,ahmed al julaydan,al fateh,sa KSA,"DF,MF",2004-03-08,21.0,300000.0,13.1,0,2,8,2,0.0,0.0,0.0,0.0,20,0.0,24,,,,,,,,,,,,,,,,,,,,,,,,,,,,False
564006.0,abdulquddus atiah,al taawoun,sa KSA,GK,1997-03-01,28.0,300000.0,17.0,0,0,0,0,0.0,0.0,0.0,0.0,2,0.0,0,23.0,1.35,80.0,60.0,75.0,4.0,23.5,3.0,3.0,0.0,0.0,0.0,0.0,0.0,0.0,0.0,0.0,0.0,0.0,0.0,0.0,0.0,0.0,0.0,0.0,0.0,0.0,True
631923.0,khalid al ghannam,al hilal,sa KSA,MF,2000-11-07,24.0,300000.0,0.6,0,0,2,1,0.0,0.0,0.0,0.0,2,0.0,0,,,,,,,,,,,,,,,,,,,,,,,,,,,,False
229877.0,ali al-bulaihi,al hilal,sa KSA,DF,1989-11-21,35.0,300000.0,25.1,4,0,10,6,0.0,0.0,0.0,0.0,11,0.0,32,,,,,,,,,,,,,,,,,,,,,,,,,,,,False
509898.0,ali al asmari,al ahli,sa KSA,MF,1997-01-12,28.0,300000.0,2.9,1,0,3,2,0.0,0.0,0.0,0.0,9,0.0,5,,,,,,,,,,,,,,,,,,,,,,,,,,,,False
1188906.0,ayman fallatah,damac,sa KSA,MF,2003-10-02,22.0,300000.0,14.1,1,0,18,4,0.0,0.0,0.0,0.0,27,0.0,20,,,,,,,,,,,,,,,,,,,,,,,,,,,,False
67797.0,milan borjan,al riyadh sc,ca CAN,GK,1987-10-23,37.0,300000.0,33.0,0,0,0,0,0.0,0.0,0.0,0.0,1,0.0,2,51.0,1.55,162.0,116.0,71.6,8.0,24.2,5.0,5.0,0.0,0.0,0.0,0.0,0.0,0.0,0.0,0.0,0.0,0.0,0.0,0.0,0.0,0.0,0.0,0.0,0.0,0.0,True
947134.0,hussain al sibyani,al shabab,sa KSA,MF,2001-06-24,24.0,300000.0,6.9,0,0,5,1,0.0,0.0,0.0,0.0,12,0.0,14,,,,,,,,,,,,,,,,,,,,,,,,,,,,False
537121.0,mohammed al baqawi,al fayha,sa KSA,"MF,DF",1995-07-12,30.0,275000.0,24.8,0,2,2,0,0.0,0.0,0.0,0.0,29,0.0,13,,,,,,,,,,,,,,,,,,,,,,,,,,,,False
265966.0,abdulfattah adam,al taawoun,sa KSA,FW,1995-01-01,30.0,275000.0,10.6,4,1,26,13,0.0,0.0,0.0,0.0,1,0.0,2,,,,,,,,,,,,,,,,,,,,,,,,,,,,False
901111.0,ahmed bahusayn,al taawoun,sa KSA,MF,2001-02-09,24.0,275000.0,7.5,0,0,6,1,0.0,0.0,0.0,0.0,11,0.0,5,,,,,,,,,,,,,,,,,,,,,,,,,,,,False
1145063.0,naif asiri,al okhdood sc,sa KSA,DF,2001-02-18,24.0,275000.0,23.7,1,0,9,4,0.0,0.0,0.0,0.0,27,0.0,34,,,,,,,,,,,,,,,,,,,,,,,,,,,,False
672382.0,mansor al beshe,al fayha,sa KSA,MF,2000-04-24,25.0,275000.0,19.4,0,1,7,1,0.0,0.0,0.0,0.0,25,0.0,38,,,,,,,,,,,,,,,,,,,,,,,,,,,,False
141976.0,saeed al hamsal,al khaleej,sa KSA,DF,1996-04-18,29.0,250000.0,26.2,0,0,3,1,0.0,0.0,0.0,0.0,50,0.0,26,,,,,,,,,,,,,,,,,,,,,,,,,,,,False
593337.0,hamed al-ghamdi,al ittihad,sa KSA,MF,1999-04-02,26.0,250000.0,5.0,1,1,6,1,0.0,0.0,0.0,0.0,5,0.0,3,,,,,,,,,,,,,,,,,,,,,,,,,,,,False
1208196.0,abdulaziz al othman,al qadsiah,sa KSA,"MF,FW",2004-01-02,21.0,250000.0,9.5,4,0,21,8,0.0,0.0,0.0,0.0,6,0.0,2,,,,,,,,,,,,,,,,,,,,,,,,,,,,False
270377.0,abdulla al salem,al khaleej,sa KSA,FW,1992-12-19,32.0,250000.0,27.0,10,4,59,21,0.0,0.0,0.0,0.0,8,0.0,16,,,,,,,,,,,,,,,,,,,,,,,,,,,,False
264826.0,mohammed al-khabrani,al khaleej,sa KSA,DF,1993-10-14,32.0,250000.0,27.3,0,0,6,1,0.0,0.0,0.0,0.0,20,0.0,36,,,,,,,,,,,,,,,,,,,,,,,,,,,,False
1161121.0,murad al hawsawi,al khaleej,sa KSA,MF,2001-06-03,24.0,250000.0,16.0,1,0,12,1,0.0,0.0,0.0,0.0,43,0.0,21,,,,,,,,,,,,,,,,,,,,,,,,,,,,False
362905.0,qassem lajami,al qadsiah,sa KSA,DF,1996-04-25,29.0,250000.0,6.6,0,0,2,1,0.0,0.0,0.0,0.0,6,0.0,10,,,,,,,,,,,,,,,,,,,,,,,,,,,,False
922497.0,abdullah hawsawi,al kholood saudi club,sa KSA,DF,1996-02-01,29.0,225000.0,25.6,0,4,9,2,0.0,0.0,0.0,0.0,44,0.0,24,,,,,,,,,,,,,,,,,,,,,,,,,,,,False
288390.0,mohammed qassem,al qadsiah,sa KSA,"MF,DF",1995-01-19,30.0,225000.0,7.8,0,0,2,0,0.0,0.0,0.0,0.0,13,0.0,10,,,,,,,,,,,,,,,,,,,,,,,,,,,,False
1109644.0,mohammed hurbush,al shabab,sa KSA,MF,2003-04-24,22.0,225000.0,2.1,0,0,0,0,0.0,0.0,0.0,0.0,6,0.0,3,,,,,,,,,,,,,,,,,,,,,,,,,,,,False
1143173.0,mishal al alaeli,al wehda,sa KSA,DF,2004-06-17,21.0,225000.0,15.0,1,1,7,3,0.0,0.0,0.0,0.0,36,0.0,25,,,,,,,,,,,,,,,,,,,,,,,,,,,,False
886841.0,mohammed al kunaydiri,al fateh,sa KSA,DF,2000-10-11,25.0,225000.0,10.9,0,0,5,2,0.0,0.0,0.0,0.0,19,0.0,11,,,,,,,,,,,,,,,,,,,,,,,,,,,,False
1172146.0,khalid al subaie,al raed,sa KSA,"MF,DF",1999-10-26,25.0,225000.0,9.9,0,0,4,0,0.0,0.0,0.0,0.0,14,0.0,17,,,,,,,,,,,,,,,,,,,,,,,,,,,,False
213257.0,saeed al rubaie,al okhdood sc,sa KSA,DF,1994-06-04,31.0,225000.0,26.6,1,1,27,8,0.0,0.0,0.0,0.0,24,0.0,37,,,,,,,,,,,,,,,,,,,,,,,,,,,,False
901163.0,awad al nashri,al ittihad,sa KSA,MF,2002-03-15,23.0,225000.0,2.9,0,0,0,0,0.0,0.0,0.0,0.0,8,0.0,5,,,,,,,,,,,,,,,,,,,,,,,,,,,,False
470011.0,khaled al-sumairi,al khaleej,sa KSA,MF,1997-01-01,28.0,225000.0,12.6,0,1,9,3,0.0,0.0,0.0,0.0,32,0.0,11,,,,,,,,,,,,,,,,,,,,,,,,,,,,False
901072.0,nawaf al harthi,al fayha,sa KSA,MF,1998-10-12,27.0,225000.0,12.2,0,2,11,2,0.0,0.0,0.0,0.0,27,0.0,7,,,,,,,,,,,,,,,,,,,,,,,,,,,,False
631917.0,muteb al mufarrij,al taawoun,sa KSA,DF,1996-08-19,29.0,200000.0,13.1,1,0,4,1,0.0,0.0,0.0,0.0,11,0.0,12,,,,,,,,,,,,,,,,,,,,,,,,,,,,False
1169184.0,mohammed mahzari,al taawoun,sa KSA,DF,2002-05-19,23.0,200000.0,11.7,0,2,0,0,0.0,0.0,0.0,0.0,21,0.0,21,,,,,,,,,,,,,,,,,,,,,,,,,,,,False
193151.0,abdullah al-hafith,al wehda,sa KSA,DF,1992-12-25,32.0,200000.0,22.2,1,0,9,1,0.0,0.0,0.0,0.0,20,0.0,14,,,,,,,,,,,,,,,,,,,,,,,,,,,,False
177956.0,ahmed al-kassar,al qadsiah,sa KSA,GK,1991-05-08,34.0,200000.0,1.0,0,0,0,0,0.0,0.0,0.0,0.0,0,0.0,0,2.0,2.0,7.0,6.0,85.7,0.0,0.0,1.0,1.0,0.0,0.0,0.0,0.0,0.0,0.0,0.0,0.0,0.0,0.0,0.0,0.0,0.0,0.0,0.0,0.0,0.0,0.0,True
686019.0,abdulrahman al safari,al kholood saudi club,sa KSA,"MF,DF",1993-03-31,32.0,200000.0,15.7,1,1,18,5,0.0,0.0,0.0,0.0,16,0.0,13,,,,,,,,,,,,,,,,,,,,,,,,,,,,False
1060899.0,hamed al shanqiti,al ittihad,sa KSA,GK,2005-04-26,20.0,200000.0,2.1,0,0,0,0,0.0,0.0,0.0,0.0,0,0.0,0,3.0,1.45,16.0,13.0,81.3,0.0,0.0,0.0,0.0,0.0,0.0,0.0,0.0,0.0,0.0,0.0,0.0,0.0,0.0,0.0,0.0,0.0,0.0,0.0,0.0,0.0,0.0,True
1066198.0,ali makki,al wehda,sa KSA,DF,1999-04-20,26.0,200000.0,15.1,0,1,3,0,0.0,0.0,0.0,0.0,16,0.0,24,,,,,,,,,,,,,,,,,,,,,,,,,,,,False
1058034.0,ali ayesh al-salem,al wehda,sa KSA,DF,1998-08-14,27.0,200000.0,13.2,1,1,6,2,0.0,0.0,0.0,0.0,20,0.0,14,,,,,,,,,,,,,,,,,,,,,,,,,,,,False
1051402.0,hisham al dubais,al khaleej,sa KSA,FW,2001-09-26,24.0,200000.0,1.4,1,0,3,2,0.0,0.0,0.0,0.0,1,0.0,0,,,,,,,,,,,,,,,,,,,,,,,,,,,,False
443937.0,alaa al hejji,al wehda,sa KSA,MF,1995-12-03,29.0,200000.0,18.3,1,3,15,5,0.0,0.0,0.0,0.0,28,0.0,27,,,,,,,,,,,,,,,,,,,,,,,,,,,,False
264720.0,meshal sibyani,al ettifaq,sa KSA,DF,2001-04-11,24.0,200000.0,5.3,0,0,2,0,0.0,0.0,0.0,0.0,1,0.0,6,,,,,,,,,,,,,,,,,,,,,,,,,,,,False
504124.0,mohammed al-saeed,al okhdood sc,sa KSA,"DF,MF",1996-11-14,28.0,175000.0,11.1,0,0,4,0,0.0,0.0,0.0,0.0,9,0.0,12,,,,,,,,,,,,,,,,,,,,,,,,,,,,False
965992.0,hussian al zabdani,al okhdood sc,sa KSA,"DF,MF",1995-04-15,30.0,175000.0,8.0,0,1,1,0,0.0,0.0,0.0,0.0,13,0.0,18,,,,,,,,,,,,,,,,,,,,,,,,,,,,False
1061025.0,yaseen al zubaidi,al okhdood sc,sa KSA,"MF,FW",2003-04-26,22.0,175000.0,8.7,0,0,17,1,0.0,0.0,0.0,0.0,4,0.0,4,,,,,,,,,,,,,,,,,,,,,,,,,,,,False
901153.0,othman al othman,al fateh,sa KSA,MF,2003-04-15,22.0,175000.0,8.7,0,1,15,3,0.0,0.0,0.0,0.0,20,0.0,9,,,,,,,,,,,,,,,,,,,,,,,,,,,,False
631928.0,khalifah al dawsari,al hilal,sa KSA,DF,1999-01-02,26.0,150000.0,4.9,0,0,1,1,0.0,0.0,0.0,0.0,7,0.0,6,,,,,,,,,,,,,,,,,,,,,,,,,,,,False
821378.0,marwan al haidari,al khaleej,sa KSA,GK,1996-04-12,29.0,150000.0,1.0,0,0,0,0,0.0,0.0,0.0,0.0,0,0.0,0,4.0,4.0,7.0,3.0,42.9,0.0,0.0,0.0,0.0,0.0,0.0,0.0,0.0,0.0,0.0,0.0,0.0,0.0,0.0,0.0,0.0,0.0,0.0,0.0,0.0,0.0,0.0,True
1188907.0,abdulkarim darisi,al ahli,sa KSA,FW,2003-04-18,22.0,150000.0,2.1,1,0,2,1,0.0,0.0,0.0,0.0,1,0.0,0,,,,,,,,,,,,,,,,,,,,,,,,,,,,False
359346.0,abdulhadi al-harajin,al fayha,sa KSA,"MF,FW",1994-10-27,30.0,150000.0,3.7,0,1,8,1,0.0,0.0,0.0,0.0,1,0.0,2,,,,,,,,,,,,,,,,,,,,,,,,,,,,False
364117.0,hazzaa al ghamdi,damac,sa KSA,"MF,FW",2001-01-11,24.0,150000.0,7.7,0,1,7,1,0.0,0.0,0.0,0.0,9,0.0,6,,,,,,,,,,,,,,,,,,,,,,,,,,,,False
673933.0,yahya naji,al wehda,sa KSA,"FW,MF",1999-03-02,26.0,150000.0,10.0,1,0,11,6,0.0,0.0,0.0,0.0,3,0.0,2,,,,,,,,,,,,,,,,,,,,,,,,,,,,False
901083.0,sanousi al hawsawi,damac,sa KSA,DF,1998-10-08,27.0,150000.0,9.3,0,0,4,1,0.0,0.0,0.0,0.0,10,0.0,9,,,,,,,,,,,,,,,,,,,,,,,,,,,,False
1168839.0,sattam al ruqi,al fayha,sa KSA,MF,2002-03-28,23.0,150000.0,1.5,0,1,1,0,0.0,0.0,0.0,0.0,5,0.0,1,,,,,,,,,,,,,,,,,,,,,,,,,,,,False
881423.0,noor al rashidi,damac,sa KSA,DF,1995-03-12,30.0,150000.0,7.7,0,0,2,1,0.0,0.0,0.0,0.0,28,0.0,10,,,,,,,,,,,,,,,,,,,,,,,,,,,,False
869511.0,mohammed marran,al nassr,sa KSA,FW,2001-02-15,24.0,150000.0,1.4,1,0,5,2,0.0,0.0,0.0,0.0,0,0.0,0,,,,,,,,,,,,,,,,,,,,,,,,,,,,False
315050.0,mansor hamzi,al khaleej,sa KSA,"MF,DF",1992-01-17,33.0,150000.0,32.0,1,1,18,7,0.0,0.0,0.0,0.0,41,0.0,39,,,,,,,,,,,,,,,,,,,,,,,,,,,,False
209515.0,majed kanabah,al shabab,sa KSA,MF,1992-07-01,33.0,150000.0,12.7,1,1,5,2,0.0,0.0,0.0,0.0,19,0.0,17,,,,,,,,,,,,,,,,,,,,,,,,,,,,False
970665.0,ali al masoud,al fateh,sa KSA,MF,2004-01-03,21.0,125000.0,2.2,1,0,10,3,0.0,0.0,0.0,0.0,3,0.0,2,,,,,,,,,,,,,,,,,,,,,,,,,,,,False
264236.0,abdulfattah asiri,al kholood saudi club,sa KSA,"MF,FW",1994-02-26,31.0,125000.0,3.4,0,1,6,1,0.0,0.0,0.0,0.0,1,0.0,2,,,,,,,,,,,,,,,,,,,,,,,,,,,,False
1092630.0,naif masoud,al fateh,sa KSA,"MF,DF",2001-03-08,24.0,125000.0,2.9,0,0,2,0,0.0,0.0,0.0,0.0,7,0.0,10,,,,,,,,,,,,,,,,,,,,,,,,,,,,False
1213131.0,mohamed al dowaish,al fayha,sa KSA,DF,2004-05-28,21.0,125000.0,3.7,0,0,0,0,0.0,0.0,0.0,0.0,4,0.0,5,,,,,,,,,,,,,,,,,,,,,,,,,,,,False
1180693.0,thamer al khaibari,al ettifaq,sa KSA,FW,2005-12-03,19.0,125000.0,0.1,0,0,0,0,0.0,0.0,0.0,0.0,0,0.0,0,,,,,,,,,,,,,,,,,,,,,,,,,,,,False
1131860.0,sultan al shehri,al kholood saudi club,sa KSA,"DF,MF",1995-07-03,30.0,125000.0,5.3,0,0,5,1,0.0,0.0,0.0,0.0,12,0.0,15,,,,,,,,,,,,,,,,,,,,,,,,,,,,False
1180074.0,saad haqawi,al nassr,sa KSA,FW,2005-10-08,20.0,125000.0,0.7,0,1,3,0,0.0,0.0,0.0,0.0,3,0.0,0,,,,,,,,,,,,,,,,,,,,,,,,,,,,False
888626.0,raed ozaybi,al khaleej,sa KSA,GK,2001-09-22,24.0,125000.0,9.0,0,0,0,0,0.0,0.0,0.0,0.0,0,0.0,0,20.0,2.22,56.0,39.0,69.6,0.0,0.0,4.0,3.0,0.0,1.0,0.0,0.0,0.0,0.0,0.0,0.0,0.0,0.0,0.0,0.0,0.0,0.0,0.0,0.0,0.0,0.0,True
869499.0,saud bin zaydan,al riyadh sc,sa KSA,MF,1999-11-16,25.0,125000.0,3.7,0,0,0,0,0.0,0.0,0.0,0.0,2,0.0,7,,,,,,,,,,,,,,,,,,,,,,,,,,,,False
451125.0,bander nasser,al khaleej,sa KSA,DF,1990-03-14,35.0,100000.0,2.7,0,0,0,0,0.0,0.0,0.0,0.0,5,0.0,4,,,,,,,,,,,,,,,,,,,,,,,,,,,,False
901162.0,hassan al asmari,al kholood saudi club,sa KSA,DF,2002-10-06,23.0,100000.0,3.9,0,0,0,0,0.0,0.0,0.0,0.0,2,0.0,5,,,,,,,,,,,,,,,,,,,,,,,,,,,,False
141810.0,jamaan al-dossari,al kholood saudi club,sa KSA,DF,1993-09-06,32.0,100000.0,1.2,0,0,0,0,0.0,0.0,0.0,0.0,1,0.0,4,,,,,,,,,,,,,,,,,,,,,,,,,,,,False
209499.0,ahmed assiri,al riyadh sc,sa KSA,DF,1991-11-14,33.0,100000.0,25.4,1,0,10,2,0.0,0.0,0.0,0.0,17,0.0,26,,,,,,,,,,,,,,,,,,,,,,,,,,,,False
1145325.0,abdulrahman al ghamdi,al taawoun,sa KSA,GK,2006-02-13,19.0,100000.0,1.0,0,0,0,0,0.0,0.0,0.0,0.0,0,0.0,0,1.0,1.0,3.0,2.0,66.7,0.0,0.0,0.0,0.0,0.0,0.0,0.0,0.0,0.0,0.0,0.0,0.0,0.0,0.0,0.0,0.0,0.0,0.0,0.0,0.0,0.0,0.0,True
970663.0,abdullah al anazi,al fateh,sa KSA,MF,2003-01-19,22.0,100000.0,4.5,1,2,9,4,0.0,0.0,0.0,0.0,7,0.0,3,,,,,,,,,,,,,,,,,,,,,,,,,,,,False
264828.0,abdurahman al-obaid,damac,sa KSA,"DF,MF",1993-04-30,32.0,100000.0,10.4,0,0,2,0,0.0,0.0,0.0,0.0,18,0.0,17,,,,,,,,,,,,,,,,,,,,,,,,,,,,False
1186816.0,abdulraouf al duqayl,al fayha,sa KSA,GK,1995-08-04,30.0,100000.0,4.4,0,0,0,0,0.0,0.0,0.0,0.0,0,0.0,0,12.0,2.71,27.0,17.0,63.0,0.0,0.0,2.0,2.0,0.0,0.0,0.0,0.0,0.0,0.0,0.0,0.0,0.0,0.0,0.0,0.0,0.0,0.0,0.0,0.0,0.0,0.0,True
1177725.0,abdulrahman al shammari,al riyadh sc,0,GK,1999-08-07,26.0,100000.0,1.0,0,0,0,0,0.0,0.0,0.0,0.0,0,0.0,0,12.0,3.0,25.0,14.0,56.0,0.0,0.0,1.0,1.0,0.0,0.0,0.0,0.0,0.0,0.0,0.0,0.0,0.0,0.0,0.0,0.0,0.0,0.0,0.0,0.0,0.0,0.0,True
901310.0,arif al haydar,al khaleej,sa KSA,DF,1997-06-20,28.0,100000.0,0.2,0,0,0,0,0.0,0.0,0.0,0.0,1,0.0,0,,,,,,,,,,,,,,,,,,,,,,,,,,,,False
315632.0,abdullah al qahtani,damac,sa KSA,MF,1999-01-31,26.0,100000.0,0.9,0,0,1,0,0.0,0.0,0.0,0.0,1,0.0,1,,,,,,,,,,,,,,,,,,,,,,,,,,,,False
150788.0,yahya al-shehri,al riyadh sc,sa KSA,MF,1990-06-26,35.0,100000.0,19.4,1,1,8,4,0.0,0.0,0.0,0.0,16,0.0,9,,,,,,,,,,,,,,,,,,,,,,,,,,,,False
1020850.0,mohammed barnawi,al orobah,sa KSA,DF,2005-08-07,20.0,100000.0,2.0,0,0,0,0,0.0,0.0,0.0,0.0,4,0.0,1,,,,,,,,,,,,,,,,,,,,,,,,,,,,False
975383.0,mohammed al absi,al shabab,sa KSA,GK,2002-09-24,23.0,100000.0,1.0,0,0,0,0,0.0,0.0,0.0,0.0,0,0.0,0,0.0,0.0,1.0,1.0,100.0,1.0,100.0,0.0,0.0,0.0,0.0,0.0,0.0,0.0,0.0,0.0,0.0,0.0,0.0,0.0,0.0,0.0,0.0,0.0,0.0,0.0,0.0,True
1194398.0,khaled al rammah,al fayha,sa KSA,MF,2005-04-30,20.0,100000.0,3.7,0,0,0,0,0.0,0.0,0.0,0.0,8,0.0,1,,,,,,,,,,,,,,,,,,,,,,,,,,,,False
1305931.0,ghassan hawsawi,al okhdood sc,sa KSA,"MF,DF",2003-02-05,22.0,100000.0,5.9,0,0,4,2,0.0,0.0,0.0,0.0,13,0.0,7,,,,,,,,,,,,,,,,,,,,,,,,,,,,False
1245677.0,majed abdullah,al shabab,0,FW,2006-02-13,19.0,100000.0,0.7,0,0,3,1,0.0,0.0,0.0,0.0,0,0.0,1,,,,,,,,,,,,,,,,,,,,,,,,,,,,False
901347.0,mohammed al shammari,al kholood saudi club,sa KSA,GK,1991-12-10,33.0,100000.0,2.0,0,0,0,0,0.0,0.0,0.0,0.0,0,0.0,1,4.0,2.0,13.0,9.0,69.2,0.0,0.0,0.0,0.0,0.0,0.0,0.0,0.0,0.0,0.0,0.0,0.0,0.0,0.0,0.0,0.0,0.0,0.0,0.0,0.0,0.0,0.0,True
1183281.0,abdulmalik al harbi,al taawoun,sa KSA,MF,2005-10-06,20.0,75000.0,0.6,0,0,1,0,0.0,0.0,0.0,0.0,1,0.0,0,,,,,,,,,,,,,,,,,,,,,,,,,,,,False
901211.0,ziyad al jari,al fateh,sa KSA,DF,2001-11-15,23.0,75000.0,2.6,0,0,0,0,0.0,0.0,0.0,0.0,4,0.0,6,,,,,,,,,,,,,,,,,,,,,,,,,,,,False
970671.0,faisal al abdulwahed,al fateh,sa KSA,FW,2004-12-29,20.0,75000.0,1.1,0,0,0,0,0.0,0.0,0.0,0.0,0,0.0,1,,,,,,,,,,,,,,,,,,,,,,,,,,,,False
950528.0,saleh al harthi,al okhdood sc,sa KSA,MF,1995-08-10,30.0,75000.0,0.5,0,0,1,1,0.0,0.0,0.0,0.0,2,0.0,0,,,,,,,,,,,,,,,,,,,,,,,,,,,,False
112813.0,rakan najjar,al okhdood sc,sa KSA,GK,1995-05-30,30.0,75000.0,2.5,0,0,0,0,0.0,0.0,0.0,0.0,0,0.0,0,7.0,2.85,23.0,17.0,73.9,1.0,50.0,1.0,1.0,0.0,0.0,0.0,0.0,0.0,0.0,0.0,0.0,0.0,0.0,0.0,0.0,0.0,0.0,0.0,0.0,0.0,0.0,True
1173786.0,saud salem,al okhdood sc,sa KSA,MF,2005-08-14,20.0,75000.0,2.3,0,0,2,0,0.0,0.0,0.0,0.0,4,0.0,1,,,,,,,,,,,,,,,,,,,,,,,,,,,,False
1180070.0,awad aman,al nassr,sa KSA,DF,2005-01-16,20.0,50000.0,0.2,0,0,0,0,0.0,0.0,0.0,0.0,0,0.0,0,,,,,,,,,,,,,,,,,,,,,,,,,,,,False
1318427.0,majed khalifa,al kholood saudi club,sa KSA,FW,2004-06-02,21.0,50000.0,1.8,0,0,1,0,0.0,0.0,0.0,0.0,2,0.0,0,,,,,,,,,,,,,,,,,,,,,,,,,,,,False
1180066.0,saud al tumbukti,al riyadh sc,sa KSA,DF,2005-01-28,20.0,25000.0,0.0,0,0,0,0,0.0,0.0,0.0,0.0,0,0.0,0,,,,,,,,,,,,,,,,,,,,,,,,,,,,False
