Player,Nation,Pos,Squad,Age,Born,MatchesPlayed,Gls,Ast,xG,xAG,Shots,SoT,PassCmp,PassAtt,PassCmpPct,Tkl,TklW,Blocks,Int,GK_GA,GK_GA90,GK_SoTA,GK_Saves,GK_SavePct,GK_CS,GK_CSPct,GK_PKAtt,GK_PKA,GK_PKsv,GK_PKm,GK_PSxG,GK_PSxG_per_SoT,GK_PSxG_PlusMinus,GK_PSxG_PlusMinus_per90,GK_PassCmp,GK_PassAtt,GK_PassCmpPct,GK_GKPassAtt,GK_Throws,GK_LaunchPct,GK_AvgLen,GK_CrossesStp,GK_CrossesStpPct,GK_OPA,GK_OPA90,GK_OPA_AvgDist,IsGK,AgeYears
aaron cresswell,eng ENG,DF,West Ham,34,1989,9.2,0,0,0.2,1.3,5,0,504,610,82.62,11,7,9,8,,,,,,,,,,,,,,,,,,,,,,,,,,,,False,34.0
aaron ramsdale,eng ENG,GK,Southampton,26,1998,30.0,0,0,0.0,0.0,0,0,774,1223,63.29,0,0,0,2,66.0,2.2,188.0,120.0,67.6,3.0,10.0,7.0,5.0,2.0,0.0,63.5,0.32,-2.5,-0.08,196.0,605.0,32.4,1026.0,129.0,44.6,36.0,25.0,5.5,20.0,0.67,11.7,True,26.0
aaron wan-bissaka,cd COD,DF,West Ham,26,1997,35.0,2,5,1.2,3.5,16,5,1472,1815,81.1,70,49,37,66,,,,,,,,,,,,,,,,,,,,,,,,,,,,False,26.0
abdoulaye doucoure,ml MLI,MF,Everton,31,1993,28.5,3,2,4.1,2.4,31,9,725,903,80.29,48,28,31,10,,,,,,,,,,,,,,,,,,,,,,,,,,,,False,31.0
abdukodir khusanov,uz UZB,DF,Manchester City,20,2004,5.6,0,0,0.0,0.1,1,0,360,395,91.14,5,4,5,3,,,,,,,,,,,,,,,,,,,,,,,,,,,,False,20.0
abdul fatawu issahaku,gh GHA,FW,Leicester City,20,2004,6.4,0,2,0.4,1.6,13,5,123,197,62.44,21,15,7,4,,,,,,,,,,,,,,,,,,,,,,,,,,,,False,20.0
adam armstrong,eng ENG,"FW,MF",Southampton,27,1997,13.9,2,2,3.3,1.2,25,7,231,288,80.21,12,3,6,3,,,,,,,,,,,,,,,,,,,,,,,,,,,,False,27.0
adam lallana,eng ENG,MF,Southampton,36,1988,4.0,0,2,0.2,0.9,3,0,221,260,85.0,8,5,4,5,,,,,,,,,,,,,,,,,,,,,,,,,,,,False,36.0
adam smith,eng ENG,DF,Bournemouth,33,1991,17.7,0,0,0.7,0.4,3,0,514,679,75.7,24,12,13,15,,,,,,,,,,,,,,,,,,,,,,,,,,,,False,33.0
adam webster,eng ENG,DF,Brighton,29,1995,9.9,0,0,0.2,0.5,5,1,636,725,87.72,10,6,16,20,,,,,,,,,,,,,,,,,,,,,,,,,,,,False,29.0
adam wharton,eng ENG,MF,Crystal Palace,20,2004,14.6,0,2,0.4,3.0,13,5,548,725,75.59,34,14,11,20,,,,,,,,,,,,,,,,,,,,,,,,,,,,False,20.0
adama traore,es ESP,"FW,MF",Fulham,28,1996,19.7,2,7,4.0,4.9,39,12,424,587,72.23,20,13,7,1,,,,,,,,,,,,,,,,,,,,,,,,,,,,False,28.0
albert grnbaek,dk DEN,"FW,MF",Southampton,23,2001,1.6,0,0,0.1,0.0,2,0,13,18,72.22,4,1,1,0,,,,,,,,,,,,,,,,,,,,,,,,,,,,False,23.0
alejandro garnacho,ar ARG,"MF,FW",Manchester Utd,20,2004,24.4,6,2,7.3,4.5,84,29,649,823,78.86,30,18,19,13,,,,,,,,,,,,,,,,,,,,,,,,,,,,False,20.0
alex iwobi,ng NGA,"FW,MF",Fulham,28,1996,33.1,9,6,4.7,7.0,68,29,1150,1532,75.07,44,25,26,14,,,,,,,,,,,,,,,,,,,,,,,,,,,,False,28.0
alex mccarthy,eng ENG,GK,Southampton,34,1989,5.0,0,0,0.0,0.0,0,0,117,156,75.0,0,0,0,0,13.0,2.6,37.0,24.0,70.3,0.0,0.0,2.0,2.0,0.0,0.0,12.6,0.29,-0.4,-0.07,24.0,52.0,46.2,132.0,29.0,33.3,29.5,8.0,10.8,0.0,0.0,6.5,True,34.0
alex moreno,es ESP,"DF,MF",Nott'ham Forest,31,1993,10.6,0,1,0.2,1.3,6,0,308,428,71.96,25,18,11,15,,,,,,,,,,,,,,,,,,,,,,,,,,,,False,31.0
alex palmer,eng ENG,GK,Ipswich Town,27,1996,13.0,0,0,0.0,0.0,0,0,299,423,70.69,0,0,0,0,30.0,2.31,71.0,43.0,59.2,0.0,0.0,1.0,1.0,0.0,0.0,25.1,0.35,-2.9,-0.22,71.0,186.0,38.2,329.0,55.0,36.8,33.9,20.0,8.0,13.0,1.0,11.5,True,27.0
alex scott,eng ENG,MF,Bournemouth,20,2003,8.4,0,0,0.7,0.9,15,6,286,342,83.63,27,14,17,10,,,,,,,,,,,,,,,,,,,,,,,,,,,,False,20.0
alexander isak,se SWE,FW,Newcastle Utd,24,1999,30.6,23,6,20.3,4.3,95,41,519,689,75.33,12,5,18,3,,,,,,,,,,,,,,,,,,,,,,,,,,,,False,24.0
alexis mac allister,ar ARG,MF,Liverpool,25,1998,28.9,5,5,2.8,4.7,38,13,1273,1524,83.53,95,58,61,22,,,,,,,,,,,,,,,,,,,,,,,,,,,,False,25.0
alfie dorrington,eng ENG,DF,Tottenham,19,2005,0.2,0,0,0.0,0.0,0,0,15,16,93.75,0,0,0,0,,,,,,,,,,,,,,,,,,,,,,,,,,,,False,19.0
alfie pond,eng ENG,DF,Wolves,20,2004,0.0,0,0,0.0,0.0,0,0,1,1,100.0,0,0,0,0,,,,,,,,,,,,,,,,,,,,,,,,,,,,False,20.0
ali al hamadi,iq IRQ,FW,Ipswich Town,22,2002,1.5,0,0,0.4,0.1,4,0,25,30,83.33,1,0,0,0,,,,,,,,,,,,,,,,,,,,,,,,,,,,False,22.0
alisson,br BRA,GK,Liverpool,31,1992,27.9,0,0,0.0,0.6,0,0,794,959,82.79,1,0,0,0,29.0,1.04,100.0,73.0,72.0,9.0,32.1,1.0,1.0,0.0,0.0,30.5,0.3,3.5,0.13,68.0,203.0,33.5,877.0,128.0,19.7,26.6,11.0,4.3,49.0,1.76,16.0,True,31.0
alphonse areola,fr FRA,GK,West Ham,31,1993,25.1,0,0,0.0,0.0,0,0,688,989,69.57,2,2,0,0,41.0,1.63,115.0,77.0,64.3,5.0,20.0,0.0,0.0,0.0,0.0,35.4,0.31,-2.6,-0.1,135.0,384.0,35.2,788.0,119.0,34.4,32.1,15.0,3.8,30.0,1.19,15.0,True,31.0
altay bayndr,tr TUR,GK,Manchester Utd,26,1998,4.0,0,0,0.0,0.0,0,0,92,152,60.53,0,0,0,0,10.0,2.5,17.0,8.0,41.2,1.0,25.0,0.0,0.0,0.0,0.0,10.1,0.59,1.1,0.27,13.0,62.0,21.0,128.0,12.0,34.4,34.1,4.0,7.1,7.0,1.75,12.0,True,26.0
amad diallo,ci CIV,"MF,FW",Manchester Utd,22,2002,21.1,8,6,4.7,4.9,47,17,795,949,83.77,38,31,15,11,,,,,,,,,,,,,,,,,,,,,,,,,,,,False,22.0
amadou onana,be BEL,MF,Aston Villa,22,2001,18.0,3,0,2.1,0.7,17,6,703,802,87.66,55,30,16,26,,,,,,,,,,,,,,,,,,,,,,,,,,,,False,22.0
andre,br BRA,MF,Wolves,23,2001,27.5,0,0,0.4,0.8,10,1,1247,1342,92.92,91,55,42,37,,,,,,,,,,,,,,,,,,,,,,,,,,,,False,23.0
andre onana,cm CMR,GK,Manchester Utd,28,1996,34.0,0,0,0.0,0.2,0,0,948,1306,72.59,2,2,0,0,44.0,1.29,132.0,88.0,68.9,9.0,26.5,4.0,3.0,1.0,0.0,44.0,0.31,1.0,0.03,118.0,440.0,26.8,1152.0,136.0,29.7,30.3,22.0,5.5,23.0,0.68,11.8,True,28.0
andreas pereira,br BRA,MF,Fulham,28,1996,22.4,2,4,3.8,4.6,38,8,670,970,69.07,24,13,17,8,,,,,,,,,,,,,,,,,,,,,,,,,,,,False,28.0
andres garcia,es ESP,"DF,MF",Aston Villa,21,2003,3.5,0,0,0.0,0.2,2,0,174,201,86.57,9,5,2,2,,,,,,,,,,,,,,,,,,,,,,,,,,,,False,21.0
andrew robertson,sct SCO,DF,Liverpool,30,1994,27.6,0,1,1.2,4.6,15,2,1559,1885,82.71,39,22,10,21,,,,,,,,,,,,,,,,,,,,,,,,,,,,False,30.0
andy irving,sct SCO,MF,West Ham,24,2000,1.8,0,0,0.1,0.2,4,2,109,124,87.9,7,4,5,1,,,,,,,,,,,,,,,,,,,,,,,,,,,,False,24.0
anthony elanga,se SWE,"FW,MF",Nott'ham Forest,22,2002,27.8,6,11,4.5,5.7,44,24,540,827,65.3,19,14,11,6,,,,,,,,,,,,,,,,,,,,,,,,,,,,False,22.0
anthony gordon,eng ENG,"FW,MF",Newcastle Utd,23,2001,27.0,6,5,8.0,5.0,57,16,720,982,73.32,32,18,25,7,,,,,,,,,,,,,,,,,,,,,,,,,,,,False,23.0
antoine semenyo,gh GHA,FW,Bournemouth,24,2000,35.6,11,5,10.0,5.8,125,40,821,1119,73.37,55,35,67,11,,,,,,,,,,,,,,,,,,,,,,,,,,,,False,24.0
antonee robinson,us USA,DF,Fulham,26,1997,35.2,0,10,0.7,4.2,16,2,1595,2076,76.83,95,61,43,62,,,,,,,,,,,,,,,,,,,,,,,,,,,,False,26.0
antonin kinsky,cz CZE,GK,Tottenham,21,2003,6.0,0,0,0.0,0.1,0,0,167,217,76.96,3,1,0,0,11.0,1.83,32.0,23.0,65.6,1.0,16.7,0.0,0.0,0.0,0.0,10.5,0.33,1.5,0.25,17.0,58.0,29.3,186.0,37.0,26.9,30.7,10.0,8.9,9.0,1.5,12.1,True,21.0
antony,br BRA,"DF,MF",Manchester Utd,24,2000,1.6,0,0,1.0,0.1,6,3,56,69,81.16,6,3,2,2,,,,,,,,,,,,,,,,,,,,,,,,,,,,False,24.0
archie gray,eng ENG,"DF,MF",Tottenham,18,2006,19.5,0,0,0.0,0.1,1,1,1001,1145,87.42,16,8,22,19,,,,,,,,,,,,,,,,,,,,,,,,,,,,False,18.0
arijanet muric,xk KVX,GK,Ipswich Town,25,1998,18.0,0,0,0.0,0.0,0,0,454,633,71.72,0,0,0,0,33.0,1.83,100.0,67.0,70.0,1.0,5.6,3.0,3.0,0.0,0.0,31.4,0.29,-1.6,-0.09,76.0,229.0,33.2,534.0,94.0,29.6,30.3,39.0,15.7,20.0,1.11,12.2,True,25.0
armando broja,al ALB,FW,Everton,22,2001,3.7,0,0,0.1,0.2,4,0,53,73,72.6,3,1,3,1,,,,,,,,,,,,,,,,,,,,,,,,,,,,False,22.0
armel bella kotchap,de GER,DF,Southampton,22,2001,3.7,0,0,0.3,0.0,1,0,202,224,90.18,7,5,2,5,,,,,,,,,,,,,,,,,,,,,,,,,,,,False,22.0
asher agbinone,eng ENG,MF,Crystal Palace,18,2005,0.1,0,0,0.0,0.0,1,0,2,3,66.67,2,1,0,0,,,,,,,,,,,,,,,,,,,,,,,,,,,,False,18.0
ashley young,eng ENG,DF,Everton,39,1985,20.8,1,3,0.3,2.3,6,3,708,999,70.87,58,33,14,25,,,,,,,,,,,,,,,,,,,,,,,,,,,,False,39.0
axel disasi,fr FRA,DF,Aston Villa,26,1998,5.4,0,0,0.1,0.4,2,0,243,280,86.79,8,5,4,5,,,,,,,,,,,,,,,,,,,,,,,,,,,,False,26.0
axel tuanzebe,cd COD,DF,Ipswich Town,26,1997,19.0,0,1,0.2,0.3,4,0,682,814,83.78,31,19,21,23,,,,,,,,,,,,,,,,,,,,,,,,,,,,False,26.0
ayden heaven,eng ENG,DF,Manchester Utd,17,2006,1.9,0,0,0.1,0.0,2,0,90,106,84.91,4,3,2,4,,,,,,,,,,,,,,,,,,,,,,,,,,,,False,17.0
bart verbruggen,nl NED,GK,Brighton,21,2002,36.0,0,1,0.0,0.0,0,0,1011,1315,76.88,0,0,1,0,58.0,1.61,143.0,87.0,65.7,7.0,19.4,9.0,9.0,0.0,0.0,51.0,0.31,-5.0,-0.14,122.0,386.0,31.6,1226.0,122.0,26.9,29.7,27.0,6.5,47.0,1.31,13.9,True,21.0
ben brereton,cl CHI,FW,Southampton,25,1999,5.0,0,0,0.9,0.1,11,1,128,166,77.11,3,2,2,0,,,,,,,,,,,,,,,,,,,,,,,,,,,,False,25.0
ben chilwell,eng ENG,DF,Crystal Palace,27,1996,2.9,1,0,0.2,0.8,5,3,92,125,73.6,7,6,6,6,,,,,,,,,,,,,,,,,,,,,,,,,,,,False,27.0
ben davies,wls WAL,DF,Tottenham,31,1993,14.8,0,0,0.3,0.2,5,1,896,1023,87.59,17,11,28,12,,,,,,,,,,,,,,,,,,,,,,,,,,,,False,31.0
ben godfrey,eng ENG,DF,Ipswich Town,26,1998,1.8,0,0,0.0,0.0,0,0,47,57,82.46,1,0,1,2,,,,,,,,,,,,,,,,,,,,,,,,,,,,False,26.0
ben johnson,eng ENG,"DF,FW",Ipswich Town,24,2000,15.0,1,2,1.1,1.3,7,3,298,416,71.63,38,22,22,13,,,,,,,,,,,,,,,,,,,,,,,,,,,,False,24.0
ben mee,eng ENG,DF,Brentford,34,1989,2.0,0,0,0.0,0.0,0,0,93,120,77.5,2,2,3,4,,,,,,,,,,,,,,,,,,,,,,,,,,,,False,34.0
ben white,eng ENG,DF,Arsenal,26,1997,13.3,0,2,0.5,1.4,9,2,580,692,83.82,20,14,10,16,,,,,,,,,,,,,,,,,,,,,,,,,,,,False,26.0
ben winterburn,eng ENG,"MF,FW",Bournemouth,19,2004,0.3,0,0,0.0,0.0,0,0,5,7,71.43,0,0,0,2,,,,,,,,,,,,,,,,,,,,,,,,,,,,False,19.0
benoit badiashile,fr FRA,DF,Chelsea,23,2001,3.7,0,0,0.0,0.0,0,0,273,304,89.8,9,6,2,6,,,,,,,,,,,,,,,,,,,,,,,,,,,,False,23.0
bernardo silva,pt POR,"MF,FW",Manchester City,29,1994,29.7,4,4,3.9,5.1,32,11,1547,1783,86.76,56,37,36,23,,,,,,,,,,,,,,,,,,,,,,,,,,,,False,29.0
bernd leno,de GER,GK,Fulham,32,1992,38.0,0,1,0.0,0.1,0,0,1149,1404,81.84,2,2,1,0,54.0,1.42,159.0,106.0,67.9,5.0,13.2,4.0,3.0,1.0,0.0,48.9,0.29,-3.1,-0.08,141.0,367.0,38.4,1231.0,167.0,22.7,28.9,23.0,4.5,33.0,0.87,13.3,True,32.0
beto,gw GNB,FW,Everton,26,1998,17.0,8,0,8.2,1.2,49,23,156,268,58.21,14,6,12,4,,,,,,,,,,,,,,,,,,,,,,,,,,,,False,26.0
bilal el khannouss,ma MAR,"MF,FW",Leicester City,20,2004,24.2,2,3,1.3,4.6,30,7,798,1063,75.07,50,30,22,6,,,,,,,,,,,,,,,,,,,,,,,,,,,,False,20.0
billy gilmour,sct SCO,MF,Brighton,23,2001,1.1,0,0,0.1,0.0,1,0,58,67,86.57,3,3,1,0,,,,,,,,,,,,,,,,,,,,,,,,,,,,False,23.0
bobby de cordova-reid,jm JAM,FW,Leicester City,31,1993,8.3,1,2,0.8,1.2,7,3,145,206,70.39,9,4,6,0,,,,,,,,,,,,,,,,,,,,,,,,,,,,False,31.0
boubacar kamara,fr FRA,MF,Aston Villa,24,1999,19.2,1,0,0.8,0.9,10,3,825,931,88.61,50,21,19,19,,,,,,,,,,,,,,,,,,,,,,,,,,,,False,24.0
boubacar traore,ml MLI,MF,Wolves,22,2001,0.0,0,0,0.0,0.0,0,0,0,0,0.0,2,0,0,0,,,,,,,,,,,,,,,,,,,,,,,,,,,,False,22.0
boubakary soumare,fr FRA,MF,Leicester City,25,1999,24.1,0,0,0.3,0.4,7,0,1073,1234,86.95,37,20,22,27,,,,,,,,,,,,,,,,,,,,,,,,,,,,False,25.0
brajan gruda,de GER,"MF,FW",Brighton,20,2004,7.6,1,4,1.2,2.1,11,5,187,251,74.5,16,8,8,2,,,,,,,,,,,,,,,,,,,,,,,,,,,,False,20.0
brandon austin,eng ENG,GK,Tottenham,25,1999,1.0,0,0,0.0,0.0,0,0,22,32,68.75,0,0,0,0,2.0,2.0,4.0,2.0,50.0,0.0,0.0,0.0,0.0,0.0,0.0,2.2,0.55,0.2,0.2,3.0,11.0,27.3,26.0,5.0,38.5,32.3,5.0,33.3,2.0,2.0,12.4,True,25.0
brennan johnson,wls WAL,FW,Tottenham,23,2001,24.2,11,3,10.4,2.3,54,20,449,638,70.38,39,26,25,4,,,,,,,,,,,,,,,,,,,,,,,,,,,,False,23.0
bruno fernandes,pt POR,MF,Manchester Utd,29,1994,33.5,8,10,9.9,8.5,93,26,1707,2242,76.14,84,50,35,26,,,,,,,,,,,,,,,,,,,,,,,,,,,,False,29.0
bruno guimaraes,br BRA,MF,Newcastle Utd,26,1997,36.3,5,6,4.3,6.1,45,13,1481,1798,82.37,83,47,36,29,,,,,,,,,,,,,,,,,,,,,,,,,,,,False,26.0
bryan mbeumo,cm CMR,FW,Brentford,24,1999,37.9,20,7,12.3,8.3,79,34,872,1319,66.11,49,31,26,14,,,,,,,,,,,,,,,,,,,,,,,,,,,,False,24.0
bukayo saka,eng ENG,"FW,MF",Arsenal,22,2001,19.2,6,10,6.8,7.6,66,22,552,731,75.51,29,15,22,3,,,,,,,,,,,,,,,,,,,,,,,,,,,,False,22.0
caleb kporha,eng ENG,DF,Crystal Palace,18,2006,0.1,0,0,0.0,0.0,0,0,5,7,71.43,2,1,0,0,,,,,,,,,,,,,,,,,,,,,,,,,,,,False,18.0
caleb okoli,it ITA,DF,Leicester City,23,2001,12.5,1,0,0.6,0.0,4,2,559,648,86.27,25,14,24,15,,,,,,,,,,,,,,,,,,,,,,,,,,,,False,23.0
callum hudson-odoi,eng ENG,"FW,MF",Nott'ham Forest,23,2000,24.4,5,2,2.5,2.7,37,17,691,843,81.97,22,14,11,13,,,,,,,,,,,,,,,,,,,,,,,,,,,,False,23.0
callum wilson,eng ENG,FW,Newcastle Utd,32,1992,4.1,0,0,0.4,0.1,6,1,40,53,75.47,2,2,2,1,,,,,,,,,,,,,,,,,,,,,,,,,,,,False,32.0
calvin bassey,ng NGA,DF,Fulham,24,1999,34.2,1,0,1.0,0.1,14,4,1934,2155,89.74,54,34,40,20,,,,,,,,,,,,,,,,,,,,,,,,,,,,False,24.0
cameron archer,eng ENG,FW,Southampton,23,2001,16.0,2,0,5.7,0.5,28,10,205,251,81.67,13,8,5,2,,,,,,,,,,,,,,,,,,,,,,,,,,,,False,23.0
cameron burgess,au AUS,DF,Ipswich Town,28,1995,17.1,0,2,1.1,0.5,10,2,626,774,80.88,17,12,20,14,,,,,,,,,,,,,,,,,,,,,,,,,,,,False,28.0
caoimhin kelleher,ie IRL,GK,Liverpool,25,1998,10.0,0,0,0.0,0.0,0,0,289,382,75.65,0,0,0,0,12.0,1.2,37.0,24.0,67.6,4.0,40.0,1.0,0.0,1.0,0.0,11.6,0.3,-0.4,-0.04,29.0,115.0,25.2,364.0,49.0,28.6,29.0,6.0,5.3,9.0,0.9,14.0,True,25.0
carlos alcaraz,ar ARG,MF,Southampton,21,2002,0.1,0,0,0.1,0.1,1,1,13,13,100.0,0,0,0,1,,,,,,,,,,,,,,,,,,,,,,,,,,,,False,21.0
carlos baleba,cm CMR,MF,Brighton,20,2004,29.6,3,1,3.1,1.3,44,11,1149,1314,87.44,79,46,47,46,,,,,,,,,,,,,,,,,,,,,,,,,,,,False,20.0
carlos forbs,pt POR,"MF,FW",Wolves,20,2004,2.7,0,0,0.1,0.0,2,0,60,91,65.93,8,5,3,1,,,,,,,,,,,,,,,,,,,,,,,,,,,,False,20.0
carlos soler,es ESP,"MF,FW",West Ham,27,1997,15.7,1,1,1.8,1.4,25,8,570,669,85.2,16,11,19,8,,,,,,,,,,,,,,,,,,,,,,,,,,,,False,27.0
carlos vinicius,br BRA,"MF,FW",Fulham,29,1995,0.2,0,0,0.0,0.0,1,1,1,3,33.33,0,0,1,0,,,,,,,,,,,,,,,,,,,,,,,,,,,,False,29.0
casemiro,br BRA,MF,Manchester Utd,32,1992,16.6,1,0,1.9,2.3,32,10,780,990,78.79,83,50,39,14,,,,,,,,,,,,,,,,,,,,,,,,,,,,False,32.0
chadi riad,ma MAR,DF,Crystal Palace,21,2003,1.0,0,0,0.0,0.0,0,0,70,82,85.37,5,2,0,2,,,,,,,,,,,,,,,,,,,,,,,,,,,,False,21.0
charlie taylor,eng ENG,DF,Southampton,30,1993,4.0,0,0,0.0,0.1,0,0,196,223,87.89,7,5,8,5,,,,,,,,,,,,,,,,,,,,,,,,,,,,False,30.0
cheick doucoure,ml MLI,MF,Crystal Palace,24,2000,5.0,0,0,0.4,0.0,7,0,174,204,85.29,16,8,4,11,,,,,,,,,,,,,,,,,,,,,,,,,,,,False,24.0
chidozie obi-martin,dk DEN,FW,Manchester Utd,16,2007,1.8,0,0,0.7,0.0,5,1,20,24,83.33,2,1,0,0,,,,,,,,,,,,,,,,,,,,,,,,,,,,False,16.0
chiedozie ogbene,ie IRL,FW,Ipswich Town,27,1997,2.6,0,0,0.0,0.1,0,0,32,43,74.42,7,3,1,1,,,,,,,,,,,,,,,,,,,,,,,,,,,,False,27.0
chiquinho,pt POR,MF,Wolves,24,2000,0.1,0,0,0.0,0.0,0,0,3,3,100.0,0,0,0,0,,,,,,,,,,,,,,,,,,,,,,,,,,,,False,24.0
chris richards,us USA,DF,Crystal Palace,24,2000,21.4,1,0,1.4,0.1,12,6,684,857,79.81,47,30,40,19,,,,,,,,,,,,,,,,,,,,,,,,,,,,False,24.0
chris wood,nz NZL,FW,Nott'ham Forest,32,1991,32.9,20,3,13.4,2.6,65,32,315,490,64.29,6,5,12,5,,,,,,,,,,,,,,,,,,,,,,,,,,,,False,32.0
christian eriksen,dk DEN,MF,Manchester Utd,32,1992,11.8,1,2,1.4,3.2,14,1,590,749,78.77,19,9,15,7,,,,,,,,,,,,,,,,,,,,,,,,,,,,False,32.0
christian nrgaard,dk DEN,MF,Brentford,30,1994,31.3,5,4,4.3,1.3,39,15,1164,1427,81.57,79,49,52,49,,,,,,,,,,,,,,,,,,,,,,,,,,,,False,30.0
christian walton,eng ENG,GK,Ipswich Town,28,1995,7.0,0,0,0.0,0.0,0,0,177,255,69.41,0,0,0,0,19.0,2.71,39.0,20.0,56.4,1.0,14.3,2.0,2.0,0.0,0.0,17.1,0.4,-1.9,-0.28,42.0,116.0,36.2,204.0,35.0,42.6,34.3,12.0,10.8,2.0,0.29,8.2,True,28.0
christopher nkunku,fr FRA,FW,Chelsea,26,1997,10.2,3,2,4.8,2.1,25,11,299,334,89.52,12,8,9,7,,,,,,,,,,,,,,,,,,,,,,,,,,,,False,26.0
claudio echeverri,ar ARG,FW,Manchester City,18,2006,0.1,0,0,0.0,0.0,0,0,3,3,100.0,1,0,0,0,,,,,,,,,,,,,,,,,,,,,,,,,,,,False,18.0
cody gakpo,nl NED,FW,Liverpool,25,1999,21.5,10,4,7.1,4.4,57,22,480,634,75.71,28,16,23,12,,,,,,,,,,,,,,,,,,,,,,,,,,,,False,25.0
cole palmer,eng ENG,"MF,FW",Chelsea,22,2002,35.5,15,8,17.3,10.9,121,44,1140,1480,77.03,34,20,16,11,,,,,,,,,,,,,,,,,,,,,,,,,,,,False,22.0
conor bradley,nir NIR,DF,Liverpool,21,2003,8.4,0,2,0.7,1.4,10,3,456,544,83.82,14,10,9,4,,,,,,,,,,,,,,,,,,,,,,,,,,,,False,21.0
conor chaplin,eng ENG,"MF,FW",Ipswich Town,27,1997,9.5,1,1,1.5,0.7,16,3,235,319,73.67,15,5,8,4,,,,,,,,,,,,,,,,,,,,,,,,,,,,False,27.0
conor coady,eng ENG,DF,Leicester City,31,1993,19.0,1,0,0.4,0.1,2,2,977,1072,91.14,13,9,32,13,,,,,,,,,,,,,,,,,,,,,,,,,,,,False,31.0
conor townsend,eng ENG,DF,Ipswich Town,31,1993,3.7,0,1,0.0,0.7,1,0,80,127,62.99,11,8,8,4,,,,,,,,,,,,,,,,,,,,,,,,,,,,False,31.0
craig dawson,eng ENG,DF,Wolves,34,1990,10.8,0,0,0.5,0.0,5,1,484,559,86.58,15,3,16,9,,,,,,,,,,,,,,,,,,,,,,,,,,,,False,34.0
cristian romero,ar ARG,DF,Tottenham,26,1998,15.7,1,0,1.6,0.6,16,8,1094,1223,89.45,35,29,18,21,,,,,,,,,,,,,,,,,,,,,,,,,,,,False,26.0
crysencio summerville,nl NED,"FW,MF",West Ham,22,2001,8.7,1,1,1.6,1.7,14,4,194,254,76.38,13,7,13,0,,,,,,,,,,,,,,,,,,,,,,,,,,,,False,22.0
curtis jones,eng ENG,"MF,DF",Liverpool,23,2001,19.0,3,3,4.3,1.1,34,13,1021,1097,93.07,39,22,22,7,,,,,,,,,,,,,,,,,,,,,,,,,,,,False,23.0
daichi kamada,jp JPN,MF,Crystal Palace,27,1996,17.4,0,0,1.1,1.9,20,4,603,752,80.19,47,29,22,18,,,,,,,,,,,,,,,,,,,,,,,,,,,,False,27.0
dan burn,eng ENG,DF,Newcastle Utd,32,1992,37.0,1,1,2.0,0.9,23,7,1774,2006,88.43,39,24,36,27,,,,,,,,,,,,,,,,,,,,,,,,,,,,False,32.0
dane scarlett,eng ENG,"FW,MF",Tottenham,20,2004,0.4,0,1,0.0,0.0,1,1,3,5,60.0,1,0,0,0,,,,,,,,,,,,,,,,,,,,,,,,,,,,False,20.0
dango ouattara,bf BFA,FW,Bournemouth,22,2002,22.3,7,4,8.4,5.5,62,20,367,612,59.97,35,26,36,11,,,,,,,,,,,,,,,,,,,,,,,,,,,,False,22.0
daniel bentley,eng ENG,GK,Wolves,31,1993,2.0,0,0,0.0,0.0,0,0,49,65,75.38,0,0,0,0,4.0,2.0,12.0,8.0,66.7,1.0,50.0,0.0,0.0,0.0,0.0,3.9,0.33,-0.1,-0.04,7.0,21.0,33.3,52.0,6.0,25.0,28.1,0.0,0.0,3.0,1.5,16.4,True,31.0
daniel jebbison,ca CAN,FW,Bournemouth,20,2003,1.3,1,0,1.0,0.2,5,2,33,42,78.57,5,3,2,1,,,,,,,,,,,,,,,,,,,,,,,,,,,,False,20.0
daniel munoz,co COL,DF,Crystal Palace,28,1996,35.9,4,5,4.9,5.5,37,14,1129,1492,75.67,123,80,40,44,,,,,,,,,,,,,,,,,,,,,,,,,,,,False,28.0
daniel podence,pt POR,"MF,FW",Wolves,28,1995,0.5,0,0,0.0,0.0,1,0,11,16,68.75,0,0,0,0,,,,,,,,,,,,,,,,,,,,,,,,,,,,False,28.0
danilo,br BRA,"MF,FW",Nott'ham Forest,23,2001,3.1,0,0,0.0,0.0,0,0,94,121,77.69,8,4,2,4,,,,,,,,,,,,,,,,,,,,,,,,,,,,False,23.0
danny ings,eng ENG,"FW,MF",West Ham,32,1992,3.2,1,2,2.3,1.3,14,5,63,92,68.48,4,2,5,1,,,,,,,,,,,,,,,,,,,,,,,,,,,,False,32.0
danny ward,wls WAL,GK,Leicester City,31,1993,1.5,0,0,0.0,0.0,0,0,41,53,77.36,0,0,0,0,6.0,4.0,10.0,4.0,40.0,0.0,0.0,0.0,0.0,0.0,0.0,2.8,0.28,-3.2,-2.11,10.0,22.0,45.5,46.0,9.0,37.0,32.0,0.0,0.0,2.0,1.33,20.7,True,31.0
danny welbeck,eng ENG,FW,Brighton,33,1990,23.5,10,4,9.6,1.4,59,23,417,491,84.93,26,16,19,5,,,,,,,,,,,,,,,,,,,,,,,,,,,,False,33.0
dara o'shea,ie IRL,DF,Ipswich Town,25,1999,34.7,0,2,1.3,0.5,22,2,1234,1579,78.15,49,31,62,33,,,,,,,,,,,,,,,,,,,,,,,,,,,,False,25.0
darwin nunez,uy URU,FW,Liverpool,25,1999,12.6,5,2,5.8,1.3,34,13,163,230,70.87,21,18,6,4,,,,,,,,,,,,,,,,,,,,,,,,,,,,False,25.0
david brooks,wls WAL,"FW,MF",Bournemouth,27,1997,10.7,2,0,2.5,1.9,25,12,310,411,75.43,14,6,18,5,,,,,,,,,,,,,,,,,,,,,,,,,,,,False,27.0
david raya,es ESP,GK,Arsenal,28,1995,38.0,0,0,0.0,0.0,0,0,1040,1413,73.6,0,0,0,2,34.0,0.89,120.0,86.0,74.2,13.0,34.2,3.0,3.0,0.0,0.0,35.1,0.28,1.1,0.03,149.0,478.0,31.2,1263.0,178.0,29.9,29.9,53.0,13.2,66.0,1.74,17.2,True,28.0
dean henderson,eng ENG,GK,Crystal Palace,27,1997,38.0,0,0,0.0,0.2,1,0,745,1216,61.27,2,1,0,0,51.0,1.34,150.0,101.0,66.7,11.0,28.9,2.0,1.0,1.0,0.0,51.2,0.35,3.2,0.08,157.0,600.0,26.2,942.0,115.0,47.5,38.5,30.0,5.4,40.0,1.05,14.3,True,27.0
dean huijsen,es ESP,DF,Bournemouth,19,2005,27.0,3,2,1.9,2.0,18,3,1355,1625,83.38,36,26,40,51,,,,,,,,,,,,,,,,,,,,,,,,,,,,False,19.0
declan rice,eng ENG,MF,Arsenal,25,1999,31.4,4,7,3.5,6.6,48,14,1376,1650,83.39,53,25,27,25,,,,,,,,,,,,,,,,,,,,,,,,,,,,False,25.0
dejan kulusevski,se SWE,"MF,FW",Tottenham,24,2000,26.5,7,4,4.2,6.2,47,17,658,893,73.68,45,23,34,13,,,,,,,,,,,,,,,,,,,,,,,,,,,,False,24.0
destiny udogie,it ITA,DF,Tottenham,21,2002,21.4,0,1,0.3,1.5,5,1,972,1115,87.17,75,47,40,22,,,,,,,,,,,,,,,,,,,,,,,,,,,,False,21.0
diego carlos,br BRA,DF,Aston Villa,31,1993,9.2,0,0,0.6,0.0,4,1,534,603,88.56,8,3,13,5,,,,,,,,,,,,,,,,,,,,,,,,,,,,False,31.0
diego gomez,py PAR,MF,Brighton,21,2003,5.7,1,0,0.9,0.7,9,3,243,302,80.46,21,13,13,8,,,,,,,,,,,,,,,,,,,,,,,,,,,,False,21.0
diogo dalot,pt POR,DF,Manchester Utd,25,1999,31.3,0,3,2.0,2.0,25,5,1347,1673,80.51,68,40,22,37,,,,,,,,,,,,,,,,,,,,,,,,,,,,False,25.0
diogo jota,pt POR,FW,Liverpool,27,1996,13.3,6,3,7.9,1.8,51,13,216,310,69.68,14,8,9,8,,,,,,,,,,,,,,,,,,,,,,,,,,,,False,27.0
divin mubama,eng ENG,FW,Manchester City,19,2004,0.3,0,0,0.0,0.0,1,0,2,3,66.67,0,0,0,0,,,,,,,,,,,,,,,,,,,,,,,,,,,,False,19.0
djed spence,eng ENG,DF,Tottenham,23,2000,19.9,1,2,0.6,1.8,10,3,992,1161,85.44,47,34,28,21,,,,,,,,,,,,,,,,,,,,,,,,,,,,False,23.0
dominic calvert-lewin,eng ENG,FW,Everton,27,1997,17.9,3,1,6.7,0.6,50,19,181,289,62.63,9,7,7,7,,,,,,,,,,,,,,,,,,,,,,,,,,,,False,27.0
dominic solanke,eng ENG,FW,Tottenham,26,1997,24.5,9,3,10.9,2.9,59,24,255,361,70.64,18,11,20,1,,,,,,,,,,,,,,,,,,,,,,,,,,,,False,26.0
dominik szoboszlai,hu HUN,MF,Liverpool,23,2000,27.7,6,6,7.3,7.4,67,22,1114,1322,84.27,38,20,39,9,,,,,,,,,,,,,,,,,,,,,,,,,,,,False,23.0
donyell malen,nl NED,FW,Aston Villa,25,1999,3.4,3,0,2.2,0.2,15,9,53,77,68.83,7,4,2,0,,,,,,,,,,,,,,,,,,,,,,,,,,,,False,25.0
dwight mcneil,eng ENG,"MF,FW",Everton,24,1999,15.2,4,6,1.1,5.2,25,10,461,619,74.47,13,8,7,6,,,,,,,,,,,,,,,,,,,,,,,,,,,,False,24.0
eberechi eze,eng ENG,"MF,FW",Crystal Palace,26,1998,28.8,8,8,10.5,6.2,100,27,777,1047,74.21,39,22,27,11,,,,,,,,,,,,,,,,,,,,,,,,,,,,False,26.0
eddie nketiah,eng ENG,"FW,MF",Crystal Palace,25,1999,11.5,3,1,5.8,1.7,43,16,179,241,74.27,15,8,10,3,,,,,,,,,,,,,,,,,,,,,,,,,,,,False,25.0
ederson,br BRA,GK,Manchester City,30,1993,25.8,0,4,0.0,1.5,0,0,811,923,87.87,0,0,0,1,26.0,1.01,78.0,53.0,69.2,10.0,38.5,2.0,2.0,0.0,0.0,30.0,0.37,5.0,0.19,72.0,165.0,43.6,846.0,108.0,17.4,27.9,13.0,5.8,49.0,1.9,17.5,True,30.0
edmond-paris maghoma,eng ENG,"MF,FW",Brentford,23,2001,1.3,0,0,0.1,0.1,1,0,76,84,90.48,2,1,2,1,,,,,,,,,,,,,,,,,,,,,,,,,,,,False,23.0
edson alvarez,mx MEX,MF,West Ham,26,1997,19.7,0,1,0.4,0.8,12,1,861,1003,85.84,50,27,23,18,,,,,,,,,,,,,,,,,,,,,,,,,,,,False,26.0
eiran cashin,ie IRL,DF,Brighton,22,2001,0.2,0,0,0.0,0.0,0,0,23,28,82.14,0,0,0,0,,,,,,,,,,,,,,,,,,,,,,,,,,,,False,22.0
elliot anderson,eng ENG,MF,Nott'ham Forest,21,2002,30.3,2,6,2.1,3.3,40,7,1085,1386,78.28,92,56,48,31,,,,,,,,,,,,,,,,,,,,,,,,,,,,False,21.0
emerson palmieri,it ITA,DF,West Ham,29,1994,23.5,2,1,2.0,1.5,16,7,861,1077,79.94,60,31,32,21,,,,,,,,,,,,,,,,,,,,,,,,,,,,False,29.0
emi buendia,ar ARG,"MF,FW",Aston Villa,27,1996,1.1,0,0,0.7,0.0,5,0,49,60,81.67,6,6,5,0,,,,,,,,,,,,,,,,,,,,,,,,,,,,False,27.0
emil krafth,se SWE,DF,Newcastle Utd,29,1994,3.8,0,0,0.0,0.1,1,0,124,158,78.48,4,2,5,2,,,,,,,,,,,,,,,,,,,,,,,,,,,,False,29.0
emile smith rowe,eng ENG,MF,Fulham,24,2000,22.7,6,3,4.5,1.4,37,11,922,1023,90.13,31,18,22,11,,,,,,,,,,,,,,,,,,,,,,,,,,,,False,24.0
emiliano martinez,ar ARG,GK,Aston Villa,31,1992,35.5,0,0,0.0,0.5,0,0,1091,1387,78.66,3,3,1,0,45.0,1.27,142.0,96.0,69.0,8.0,21.6,2.0,1.0,1.0,0.0,45.8,0.32,0.8,0.02,162.0,420.0,38.6,1208.0,132.0,26.3,30.4,56.0,11.2,35.0,0.99,13.7,True,31.0
emmanuel agbadou,ci CIV,DF,Wolves,27,1997,15.7,1,0,0.8,0.2,7,2,855,1001,85.41,30,19,19,12,,,,,,,,,,,,,,,,,,,,,,,,,,,,False,27.0
enes unal,tr TUR,"FW,MF",Bournemouth,27,1997,3.8,2,1,2.7,0.4,20,7,63,99,63.64,1,0,1,0,,,,,,,,,,,,,,,,,,,,,,,,,,,,False,27.0
enzo fernandez,ar ARG,MF,Chelsea,23,2001,32.7,6,7,6.1,6.8,53,20,1518,1900,79.89,65,33,43,13,,,,,,,,,,,,,,,,,,,,,,,,,,,,False,23.0
eric da silva moreira,de GER,"MF,DF",Nott'ham Forest,18,2006,0.3,0,0,0.0,0.0,0,0,7,8,87.5,2,2,0,1,,,,,,,,,,,,,,,,,,,,,,,,,,,,False,18.0
erling haaland,no NOR,FW,Manchester City,24,2000,30.4,22,3,22.0,3.0,104,55,255,381,66.93,11,6,12,5,,,,,,,,,,,,,,,,,,,,,,,,,,,,False,24.0
ethan nwaneri,eng ENG,"FW,MF",Arsenal,17,2007,9.9,4,2,1.2,1.2,24,9,342,425,80.47,11,7,8,2,,,,,,,,,,,,,,,,,,,,,,,,,,,,False,17.0
ethan pinnock,jm JAM,DF,Brentford,31,1993,21.3,2,0,1.1,1.2,10,6,924,1080,85.56,35,19,29,24,,,,,,,,,,,,,,,,,,,,,,,,,,,,False,31.0
evan ferguson,ie IRL,FW,West Ham,19,2004,1.7,0,0,0.6,0.3,5,1,28,37,75.68,3,1,2,1,,,,,,,,,,,,,,,,,,,,,,,,,,,,False,19.0
evanilson,br BRA,FW,Bournemouth,24,1999,25.8,10,1,12.5,1.9,72,31,244,342,71.35,16,10,11,1,,,,,,,,,,,,,,,,,,,,,,,,,,,,False,24.0
ezri konsa,eng ENG,DF,Aston Villa,26,1997,32.6,2,0,1.3,0.4,11,5,1555,1673,92.95,34,18,20,24,,,,,,,,,,,,,,,,,,,,,,,,,,,,False,26.0
fabian schar,ch SUI,DF,Newcastle Utd,32,1991,32.6,4,0,3.7,0.4,40,11,1654,1977,83.66,36,21,38,45,,,,,,,,,,,,,,,,,,,,,,,,,,,,False,32.0
fabio carvalho,pt POR,"FW,MF",Brentford,21,2002,5.1,2,1,2.5,0.7,12,5,126,178,70.79,13,9,6,3,,,,,,,,,,,,,,,,,,,,,,,,,,,,False,21.0
facundo buonanotte,ar ARG,"FW,MF",Leicester City,19,2004,16.9,5,2,3.9,3.1,36,12,437,572,76.4,53,32,34,12,,,,,,,,,,,,,,,,,,,,,,,,,,,,False,19.0
federico chiesa,it ITA,FW,Liverpool,26,1997,1.2,0,0,0.3,0.2,5,2,27,31,87.1,1,0,1,0,,,,,,,,,,,,,,,,,,,,,,,,,,,,False,26.0
ferdi kadioglu,tr TUR,"DF,MF",Brighton,24,1999,4.3,1,0,0.4,0.2,4,1,144,175,82.29,10,6,2,8,,,,,,,,,,,,,,,,,,,,,,,,,,,,False,24.0
filip jrgensen,dk DEN,GK,Chelsea,22,2002,6.0,0,0,0.0,0.0,0,0,158,189,83.6,0,0,0,0,9.0,1.5,28.0,19.0,71.4,1.0,16.7,1.0,1.0,0.0,0.0,9.3,0.3,0.3,0.04,7.0,33.0,21.2,171.0,19.0,18.1,24.1,2.0,3.8,2.0,0.33,13.2,True,22.0
flynn downes,eng ENG,MF,Southampton,25,1999,23.9,1,0,0.6,1.1,10,3,1003,1109,90.44,49,25,28,32,,,,,,,,,,,,,,,,,,,,,,,,,,,,False,25.0
frank onyeka,ng NGA,MF,Brentford,26,1998,0.3,0,0,0.0,0.0,0,0,6,7,85.71,0,0,0,0,,,,,,,,,,,,,,,,,,,,,,,,,,,,False,26.0
fraser forster,eng ENG,GK,Tottenham,36,1988,7.0,0,0,0.0,0.0,0,0,168,198,84.85,0,0,0,0,15.0,2.14,42.0,27.0,69.0,1.0,14.3,2.0,2.0,0.0,0.0,16.5,0.36,1.5,0.21,11.0,31.0,35.5,141.0,30.0,21.3,27.2,4.0,4.9,3.0,0.43,11.1,True,36.0
gabriel jesus,br BRA,FW,Arsenal,27,1997,6.8,3,0,3.0,0.7,20,7,156,203,76.85,10,6,10,4,,,,,,,,,,,,,,,,,,,,,,,,,,,,False,27.0
gabriel magalhaes,br BRA,DF,Arsenal,26,1997,26.3,3,1,2.6,0.9,22,5,1480,1641,90.19,25,15,42,16,,,,,,,,,,,,,,,,,,,,,,,,,,,,False,26.0
gabriel martinelli,br BRA,"FW,MF",Arsenal,23,2001,25.4,8,4,7.4,5.0,55,24,499,699,71.39,23,15,15,5,,,,,,,,,,,,,,,,,,,,,,,,,,,,False,23.0
george edmundson,eng ENG,DF,Ipswich Town,26,1997,0.0,0,0,0.0,0.0,0,0,1,2,50.0,0,0,0,0,,,,,,,,,,,,,,,,,,,,,,,,,,,,False,26.0
george hirst,sct SCO,FW,Ipswich Town,25,1999,7.3,3,1,2.1,0.3,14,7,69,122,56.56,3,3,1,2,,,,,,,,,,,,,,,,,,,,,,,,,,,,False,25.0
georginio rutter,fr FRA,"MF,FW",Brighton,22,2002,18.4,5,3,4.6,2.5,50,12,237,355,66.76,39,15,20,10,,,,,,,,,,,,,,,,,,,,,,,,,,,,False,22.0
goncalo guedes,pt POR,"MF,FW",Wolves,27,1996,11.1,2,4,3.2,1.3,27,8,259,349,74.21,16,5,11,5,,,,,,,,,,,,,,,,,,,,,,,,,,,,False,27.0
guglielmo vicario,it ITA,GK,Tottenham,27,1996,24.0,0,0,0.0,0.0,0,0,764,874,87.41,0,0,0,1,37.0,1.54,102.0,67.0,64.7,4.0,16.7,1.0,1.0,0.0,0.0,37.4,0.36,2.4,0.1,28.0,95.0,29.5,809.0,120.0,10.5,22.8,30.0,9.6,31.0,1.29,13.3,True,27.0
guido rodriguez,ar ARG,MF,West Ham,30,1994,12.8,0,1,0.2,0.2,8,1,480,569,84.36,36,19,23,13,,,,,,,,,,,,,,,,,,,,,,,,,,,,False,30.0
gustavo nunes,br BRA,"FW,MF",Brentford,18,2005,0.1,0,0,0.0,0.0,0,0,1,1,100.0,3,2,0,0,,,,,,,,,,,,,,,,,,,,,,,,,,,,False,18.0
hakon valdimarsson,is ISL,GK,Brentford,22,2001,1.6,0,0,0.0,0.0,0,0,46,70,65.71,0,0,0,0,2.0,1.24,4.0,3.0,50.0,1.0,100.0,0.0,0.0,0.0,0.0,0.6,0.14,-0.4,-0.26,15.0,38.0,39.5,54.0,7.0,42.6,34.9,2.0,12.5,0.0,0.0,4.7,True,22.0
hamza choudhury,bd BAN,"MF,DF",Leicester City,26,1997,1.5,0,0,0.0,0.4,0,0,72,84,85.71,1,1,4,5,,,,,,,,,,,,,,,,,,,,,,,,,,,,False,26.0
harrison armstrong,eng ENG,MF,Everton,17,2007,0.5,0,0,0.4,0.1,1,0,7,15,46.67,0,0,0,0,,,,,,,,,,,,,,,,,,,,,,,,,,,,False,17.0
harrison reed,eng ENG,MF,Fulham,29,1995,1.2,0,0,0.2,0.1,3,2,39,55,70.91,6,3,1,1,,,,,,,,,,,,,,,,,,,,,,,,,,,,False,29.0
harry amass,eng ENG,DF,Manchester Utd,17,2007,3.8,0,0,0.1,0.0,3,0,149,181,82.32,6,2,11,2,,,,,,,,,,,,,,,,,,,,,,,,,,,,False,17.0
harry clarke,eng ENG,DF,Ipswich Town,23,2001,4.2,0,0,0.1,0.0,1,1,190,236,80.51,5,3,5,4,,,,,,,,,,,,,,,,,,,,,,,,,,,,False,23.0
harry howell,eng ENG,FW,Brighton,15,2008,0.1,0,0,0.0,0.0,0,0,8,9,88.89,1,1,1,0,,,,,,,,,,,,,,,,,,,,,,,,,,,,False,15.0
harry maguire,eng ENG,DF,Manchester Utd,31,1993,19.5,1,0,1.8,0.6,15,6,965,1128,85.55,30,15,15,40,,,,,,,,,,,,,,,,,,,,,,,,,,,,False,31.0
harry toffolo,eng ENG,DF,Nott'ham Forest,28,1995,1.5,0,0,0.0,0.0,1,0,47,67,70.15,5,3,2,2,,,,,,,,,,,,,,,,,,,,,,,,,,,,False,28.0
harry wilson,wls WAL,"FW,MF",Fulham,27,1997,12.9,6,1,4.2,1.1,43,17,326,445,73.26,20,14,15,7,,,,,,,,,,,,,,,,,,,,,,,,,,,,False,27.0
harry winks,eng ENG,MF,Leicester City,28,1996,17.1,0,2,0.2,1.2,10,4,910,1045,87.08,24,11,19,9,,,,,,,,,,,,,,,,,,,,,,,,,,,,False,28.0
harvey barnes,eng ENG,FW,Newcastle Utd,26,1997,19.5,9,4,7.2,4.0,63,20,474,607,78.09,16,9,8,6,,,,,,,,,,,,,,,,,,,,,,,,,,,,False,26.0
harvey elliott,eng ENG,MF,Liverpool,21,2003,4.1,1,2,1.8,1.1,17,4,240,292,82.19,5,3,7,1,,,,,,,,,,,,,,,,,,,,,,,,,,,,False,21.0
hwang hee-chan,kr KOR,"MF,FW",Wolves,28,1996,7.3,2,0,0.8,0.1,5,3,166,204,81.37,6,4,9,2,,,,,,,,,,,,,,,,,,,,,,,,,,,,False,28.0
ian maatsen,nl NED,DF,Aston Villa,22,2002,12.7,1,2,0.9,2.7,19,5,609,747,81.53,29,17,13,15,,,,,,,,,,,,,,,,,,,,,,,,,,,,False,22.0
ibrahim sangare,ci CIV,MF,Nott'ham Forest,26,1997,6.6,0,1,0.0,0.4,1,1,276,323,85.45,28,14,10,6,,,,,,,,,,,,,,,,,,,,,,,,,,,,False,26.0
ibrahima konate,fr FRA,DF,Liverpool,25,1999,28.4,1,2,1.7,1.0,19,3,1718,1905,90.18,40,26,29,17,,,,,,,,,,,,,,,,,,,,,,,,,,,,False,25.0
idrissa gana gueye,sn SEN,MF,Everton,34,1989,34.0,0,3,1.1,1.7,27,5,1230,1422,86.5,133,80,48,48,,,,,,,,,,,,,,,,,,,,,,,,,,,,False,34.0
igor,br BRA,DF,Brighton,26,1998,10.7,0,0,0.0,0.2,1,0,671,730,91.92,5,5,24,4,,,,,,,,,,,,,,,,,,,,,,,,,,,,False,26.0
iliman ndiaye,sn SEN,FW,Everton,24,2000,27.0,9,0,6.2,1.9,35,15,602,736,81.79,53,28,30,20,,,,,,,,,,,,,,,,,,,,,,,,,,,,False,24.0
ilkay gundogan,de GER,MF,Manchester City,33,1990,24.7,1,6,3.2,3.5,27,7,1525,1703,89.55,25,13,15,13,,,,,,,,,,,,,,,,,,,,,,,,,,,,False,33.0
illia zabarnyi,ua UKR,DF,Bournemouth,21,2002,34.5,0,1,1.3,0.7,12,1,1404,1710,82.11,52,36,33,41,,,,,,,,,,,,,,,,,,,,,,,,,,,,False,21.0
ismaila sarr,sn SEN,MF,Crystal Palace,26,1998,30.1,8,6,10.7,8.5,59,29,490,742,66.04,22,10,27,9,,,,,,,,,,,,,,,,,,,,,,,,,,,,False,26.0
issa diop,fr FRA,DF,Fulham,27,1997,14.9,0,0,0.5,0.1,5,2,663,758,87.47,26,12,10,9,,,,,,,,,,,,,,,,,,,,,,,,,,,,False,27.0
jack clarke,eng ENG,"FW,MF",Ipswich Town,23,2000,13.1,0,4,1.2,2.3,17,2,302,393,76.84,32,20,9,7,,,,,,,,,,,,,,,,,,,,,,,,,,,,False,23.0
jack grealish,eng ENG,"FW,MF",Manchester City,28,1995,8.0,1,1,1.1,1.8,15,5,382,436,87.61,9,5,12,2,,,,,,,,,,,,,,,,,,,,,,,,,,,,False,28.0
jack harrison,eng ENG,FW,Everton,27,1996,23.1,1,0,3.5,3.7,29,7,414,659,62.82,32,22,18,10,,,,,,,,,,,,,,,,,,,,,,,,,,,,False,27.0
jack hinshelwood,eng ENG,"MF,DF",Brighton,19,2005,20.5,5,2,2.7,1.5,18,10,870,1046,83.17,27,19,10,16,,,,,,,,,,,,,,,,,,,,,,,,,,,,False,19.0
jack stephens,eng ENG,DF,Southampton,30,1994,15.4,1,0,0.6,0.2,4,2,879,955,92.04,34,20,20,13,,,,,,,,,,,,,,,,,,,,,,,,,,,,False,30.0
jack taylor,ie IRL,MF,Ipswich Town,26,1998,9.6,1,0,0.7,0.5,19,4,349,421,82.9,20,10,12,9,,,,,,,,,,,,,,,,,,,,,,,,,,,,False,26.0
jacob greaves,eng ENG,DF,Ipswich Town,23,2000,24.5,1,0,1.3,0.3,10,4,962,1121,85.82,40,21,41,21,,,,,,,,,,,,,,,,,,,,,,,,,,,,False,23.0
jacob murphy,eng ENG,FW,Newcastle Utd,29,1995,26.2,8,12,5.7,8.9,43,15,688,1004,68.53,28,19,31,13,,,,,,,,,,,,,,,,,,,,,,,,,,,,False,29.0
jacob ramsey,eng ENG,"FW,MF",Aston Villa,23,2001,18.0,1,3,1.6,2.3,19,4,497,586,84.81,30,15,23,8,,,,,,,,,,,,,,,,,,,,,,,,,,,,False,23.0
jaden philogene bidace,eng ENG,"FW,MF",Aston Villa,22,2002,3.7,0,0,0.5,0.3,7,0,63,86,73.26,11,5,5,3,,,,,,,,,,,,,,,,,,,,,,,,,,,,False,22.0
jader duran,co COL,FW,Aston Villa,20,2003,7.1,7,0,4.9,0.2,31,15,115,163,70.55,8,7,5,0,,,,,,,,,,,,,,,,,,,,,,,,,,,,False,20.0
jadon sancho,eng ENG,FW,Chelsea,24,2000,19.6,3,4,2.2,3.7,24,8,663,803,82.57,13,7,11,2,,,,,,,,,,,,,,,,,,,,,,,,,,,,False,24.0
jahmai simpson-pusey,eng ENG,DF,Manchester City,18,2005,1.1,0,0,0.0,0.0,0,0,107,115,93.04,1,0,1,0,,,,,,,,,,,,,,,,,,,,,,,,,,,,False,18.0
jake evans,0,FW,Leicester City,0,0,0.3,0,0,0.0,0.0,0,0,2,3,66.67,1,1,0,0,,,,,,,,,,,,,,,,,,,,,,,,,,,,False,0.0
jake o'brien,ie IRL,DF,Everton,23,2001,17.5,2,0,0.8,0.6,6,3,577,725,79.59,26,17,17,4,,,,,,,,,,,,,,,,,,,,,,,,,,,,False,23.0
jakub kiwior,pl POL,DF,Arsenal,24,2000,12.5,1,0,0.2,0.3,3,1,673,736,91.44,22,8,13,6,,,,,,,,,,,,,,,,,,,,,,,,,,,,False,24.0
jakub moder,pl POL,MF,Brighton,25,1999,0.1,0,0,0.0,0.2,0,0,18,22,81.82,1,0,0,0,,,,,,,,,,,,,,,,,,,,,,,,,,,,False,25.0
jakub stolarczyk,pl POL,GK,Leicester City,23,2000,10.0,0,0,0.0,0.0,0,0,238,386,61.66,2,1,0,0,16.0,1.6,44.0,28.0,63.6,2.0,20.0,0.0,0.0,0.0,0.0,15.4,0.35,-0.6,-0.06,57.0,195.0,29.2,328.0,36.0,46.3,34.2,10.0,5.9,8.0,0.8,12.5,True,23.0
james bree,eng ENG,DF,Southampton,26,1997,11.9,0,1,0.1,0.9,4,1,500,599,83.47,19,14,10,9,,,,,,,,,,,,,,,,,,,,,,,,,,,,False,26.0
james garner,eng ENG,"MF,DF",Everton,23,2001,17.7,0,1,0.7,1.4,12,4,611,803,76.09,47,31,20,23,,,,,,,,,,,,,,,,,,,,,,,,,,,,False,23.0
james hill,eng ENG,DF,Bournemouth,22,2002,5.0,0,1,0.3,0.3,6,0,159,245,64.9,15,8,5,9,,,,,,,,,,,,,,,,,,,,,,,,,,,,False,22.0
james justin,eng ENG,DF,Leicester City,26,1998,32.4,2,2,1.5,0.8,25,6,1205,1541,78.2,58,37,48,46,,,,,,,,,,,,,,,,,,,,,,,,,,,,False,26.0
james maddison,eng ENG,MF,Tottenham,27,1996,20.1,9,7,5.8,4.2,39,17,1021,1256,81.29,31,19,15,12,,,,,,,,,,,,,,,,,,,,,,,,,,,,False,27.0
james mcatee,eng ENG,"MF,FW",Manchester City,21,2002,3.9,3,0,2.8,0.5,12,4,100,125,80.0,5,2,8,2,,,,,,,,,,,,,,,,,,,,,,,,,,,,False,21.0
james milner,eng ENG,MF,Brighton,38,1986,1.9,0,0,0.2,0.2,2,0,55,74,74.32,5,2,4,2,,,,,,,,,,,,,,,,,,,,,,,,,,,,False,38.0
james tarkowski,eng ENG,DF,Everton,31,1992,32.5,1,1,1.3,2.9,15,4,1045,1290,81.01,64,40,57,41,,,,,,,,,,,,,,,,,,,,,,,,,,,,False,31.0
james ward-prowse,eng ENG,MF,West Ham,29,1994,11.5,1,1,1.6,1.9,13,5,677,768,88.15,20,14,6,8,,,,,,,,,,,,,,,,,,,,,,,,,,,,False,29.0
jamie vardy,eng ENG,FW,Leicester City,37,1987,31.4,9,4,11.2,3.0,56,23,258,389,66.32,19,13,8,5,,,,,,,,,,,,,,,,,,,,,,,,,,,,False,37.0
jan bednarek,pl POL,DF,Southampton,28,1996,28.1,2,0,0.7,0.5,5,2,1564,1687,92.71,36,19,47,56,,,,,,,,,,,,,,,,,,,,,,,,,,,,False,28.0
jan paul van hecke,nl NED,DF,Brighton,24,2000,32.9,1,1,1.3,1.5,17,5,2016,2286,88.19,45,29,37,24,,,,,,,,,,,,,,,,,,,,,,,,,,,,False,24.0
jannik vestergaard,dk DEN,DF,Leicester City,31,1992,15.5,0,0,0.1,0.1,3,2,870,959,90.72,22,10,21,16,,,,,,,,,,,,,,,,,,,,,,,,,,,,False,31.0
jarell quansah,eng ENG,DF,Liverpool,21,2003,5.5,0,0,0.1,0.1,1,0,356,392,90.82,12,8,10,7,,,,,,,,,,,,,,,,,,,,,,,,,,,,False,21.0
jarrad branthwaite,eng ENG,DF,Everton,22,2002,27.9,0,1,1.2,0.7,10,3,984,1198,82.14,36,20,31,27,,,,,,,,,,,,,,,,,,,,,,,,,,,,False,22.0
jarrod bowen,eng ENG,"FW,MF",West Ham,27,1996,33.0,13,8,8.6,6.8,86,36,584,815,71.66,41,26,22,16,,,,,,,,,,,,,,,,,,,,,,,,,,,,False,27.0
jason steele,eng ENG,GK,Brighton,33,1990,2.0,0,0,0.0,0.0,0,0,101,112,90.18,0,0,0,0,1.0,0.5,4.0,3.0,75.0,1.0,50.0,0.0,0.0,0.0,0.0,0.5,0.12,-0.5,-0.26,7.0,16.0,43.8,110.0,7.0,13.6,25.1,2.0,9.1,3.0,1.5,15.4,True,33.0
jay robinson,eng ENG,"MF,FW",Southampton,17,2007,1.5,0,0,0.0,0.7,1,1,23,34,67.65,4,1,0,0,,,,,,,,,,,,,,,,,,,,,,,,,,,,False,17.0
jay stansfield,eng ENG,MF,Fulham,21,2002,0.0,0,0,0.0,0.0,0,0,0,0,0.0,0,0,0,0,,,,,,,,,,,,,,,,,,,,,,,,,,,,False,21.0
jayden danns,eng ENG,MF,Liverpool,18,2006,0.1,0,0,0.0,0.0,0,0,1,1,100.0,0,0,0,0,,,,,,,,,,,,,,,,,,,,,,,,,,,,False,18.0
jayden meghoma,eng ENG,DF,Brentford,18,2006,0.1,0,0,0.0,0.0,0,0,3,3,100.0,0,0,0,0,,,,,,,,,,,,,,,,,,,,,,,,,,,,False,18.0
jean-clair todibo,fr FRA,DF,West Ham,24,1999,20.3,0,0,0.4,0.0,5,0,951,1082,87.89,47,28,25,26,,,,,,,,,,,,,,,,,,,,,,,,,,,,False,24.0
jean-philippe mateta,fr FRA,FW,Crystal Palace,27,1997,29.4,14,2,13.5,3.2,68,29,291,447,65.1,18,12,19,2,,,,,,,,,,,,,,,,,,,,,,,,,,,,False,27.0
jean-ricner bellegarde,ht HAI,"MF,FW",Wolves,26,1998,18.6,2,7,1.5,3.8,22,5,475,599,79.3,39,24,19,10,,,,,,,,,,,,,,,,,,,,,,,,,,,,False,26.0
jefferson lerma,co COL,"MF,DF",Crystal Palace,29,1994,25.3,0,1,1.1,1.6,26,8,844,1121,75.29,35,17,38,42,,,,,,,,,,,,,,,,,,,,,,,,,,,,False,29.0
jeffrey schlupp,gh GHA,"MF,DF",Crystal Palace,31,1992,1.1,0,0,0.2,0.2,4,2,39,50,78.0,2,0,6,0,,,,,,,,,,,,,,,,,,,,,,,,,,,,False,31.0
jens cajuste,se SWE,MF,Ipswich Town,24,1999,21.8,1,1,0.7,0.8,12,1,647,783,82.63,44,22,25,28,,,,,,,,,,,,,,,,,,,,,,,,,,,,False,24.0
jeremy doku,be BEL,"FW,MF",Manchester City,22,2002,16.8,3,6,1.3,4.8,29,9,603,762,79.13,31,22,11,4,,,,,,,,,,,,,,,,,,,,,,,,,,,,False,22.0
jeremy monga,0,"FW,MF",Leicester City,15,2009,1.2,0,0,0.2,0.0,3,1,18,29,62.07,2,1,3,0,,,,,,,,,,,,,,,,,,,,,,,,,,,,False,15.0
jeremy sarmiento,ec ECU,MF,Brighton,22,2002,0.1,0,0,0.0,0.0,0,0,6,6,100.0,0,0,0,0,,,,,,,,,,,,,,,,,,,,,,,,,,,,False,22.0
jesper lindstrm,dk DEN,FW,Everton,24,2000,13.8,0,1,2.1,2.0,28,10,297,428,69.39,45,25,15,12,,,,,,,,,,,,,,,,,,,,,,,,,,,,False,24.0
joachim andersen,dk DEN,DF,Crystal Palace,28,1996,1.0,0,0,0.0,0.0,1,1,61,83,73.49,1,1,0,0,,,,,,,,,,,,,,,,,,,,,,,,,,,,False,28.0
joachim kayi sanda,fr FRA,DF,Southampton,17,2006,0.2,0,0,0.0,0.0,0,0,15,15,100.0,0,0,0,2,,,,,,,,,,,,,,,,,,,,,,,,,,,,False,17.0
joao felix,pt POR,"FW,MF",Chelsea,24,1999,4.1,1,1,2.2,1.0,20,5,171,199,85.93,8,3,2,3,,,,,,,,,,,,,,,,,,,,,,,,,,,,False,24.0
joao gomes,br BRA,MF,Wolves,23,2001,33.0,3,1,2.9,1.2,35,7,1380,1623,85.03,116,71,42,25,,,,,,,,,,,,,,,,,,,,,,,,,,,,False,23.0
joao pedro,br BRA,"FW,MF",Brighton,22,2001,21.6,10,6,8.9,5.0,42,15,482,661,72.92,16,12,12,9,,,,,,,,,,,,,,,,,,,,,,,,,,,,False,22.0
joe aribo,ng NGA,"MF,DF",Southampton,28,1996,22.4,3,0,2.7,1.6,17,7,929,1046,88.81,47,33,28,20,,,,,,,,,,,,,,,,,,,,,,,,,,,,False,28.0
joe gomez,eng ENG,DF,Liverpool,27,1997,5.8,0,0,0.3,0.1,3,2,377,425,88.71,13,10,9,7,,,,,,,,,,,,,,,,,,,,,,,,,,,,False,27.0
joe lumley,eng ENG,GK,Southampton,29,1995,3.0,0,0,0.0,0.0,0,0,106,151,70.2,0,0,0,0,7.0,2.33,20.0,13.0,65.0,0.0,0.0,0.0,0.0,0.0,0.0,7.7,0.39,0.7,0.22,15.0,50.0,30.0,135.0,14.0,34.1,30.0,2.0,3.6,7.0,2.33,18.0,True,29.0
joe willock,eng ENG,"MF,FW",Newcastle Utd,24,1999,12.1,0,2,1.6,2.1,18,3,300,363,82.64,30,17,24,6,,,,,,,,,,,,,,,,,,,,,,,,,,,,False,24.0
joel veltman,nl NED,DF,Brighton,32,1992,18.9,0,0,0.5,0.5,6,1,745,929,80.19,43,29,22,19,,,,,,,,,,,,,,,,,,,,,,,,,,,,False,32.0
joel ward,eng ENG,DF,Crystal Palace,34,1989,0.8,0,0,0.0,0.0,0,0,14,24,58.33,2,0,0,0,,,,,,,,,,,,,,,,,,,,,,,,,,,,False,34.0
joelinton,br BRA,"MF,FW",Newcastle Utd,27,1996,26.6,4,3,3.9,2.5,45,13,863,1043,82.74,57,35,37,23,,,,,,,,,,,,,,,,,,,,,,,,,,,,False,27.0
john mcginn,sct SCO,"MF,FW",Aston Villa,29,1994,24.7,1,4,3.1,3.5,31,5,699,854,81.85,33,24,22,14,,,,,,,,,,,,,,,,,,,,,,,,,,,,False,29.0
john stones,eng ENG,"DF,MF",Manchester City,30,1994,6.1,2,0,0.4,0.1,2,2,367,403,91.07,6,2,5,4,,,,,,,,,,,,,,,,,,,,,,,,,,,,False,30.0
jonny evans,nir NIR,DF,Manchester Utd,36,1988,3.5,0,0,0.1,0.0,2,1,192,217,88.48,8,6,3,5,,,,,,,,,,,,,,,,,,,,,,,,,,,,False,36.0
jordan ayew,gh GHA,"FW,MF",Crystal Palace,32,1991,0.2,0,0,0.5,0.0,1,0,8,10,80.0,1,0,0,0,,,,,,,,,,,,,,,,,,,,,,,,,,,,False,32.0
jordan pickford,eng ENG,GK,Everton,30,1994,38.0,0,1,0.0,0.4,0,0,1057,1595,66.27,1,0,0,1,44.0,1.16,163.0,117.0,73.0,12.0,31.6,2.0,0.0,2.0,0.0,48.8,0.3,4.8,0.13,304.0,806.0,37.7,1355.0,161.0,48.8,39.7,31.0,5.6,57.0,1.5,15.2,True,30.0
jorge cuenca,es ESP,DF,Fulham,24,1999,3.9,0,0,0.0,0.0,1,0,145,173,83.82,6,2,4,2,,,,,,,,,,,,,,,,,,,,,,,,,,,,False,24.0
jorginho,it ITA,MF,Arsenal,32,1991,7.8,0,0,0.1,0.4,2,0,411,474,86.71,12,4,3,7,,,,,,,,,,,,,,,,,,,,,,,,,,,,False,32.0
jose sa,pt POR,GK,Wolves,31,1993,29.0,0,0,0.0,0.2,0,0,592,924,64.07,2,2,0,0,48.0,1.66,117.0,69.0,63.2,7.0,24.1,7.0,5.0,2.0,0.0,42.8,0.33,-3.2,-0.11,94.0,382.0,24.6,771.0,121.0,39.3,35.2,32.0,7.4,43.0,1.48,15.5,True,31.0
joshua acheampong,eng ENG,DF,Chelsea,18,2006,1.9,0,0,0.2,0.0,2,0,104,124,83.87,2,1,1,1,,,,,,,,,,,,,,,,,,,,,,,,,,,,False,18.0
joshua king,eng ENG,MF,Fulham,17,2007,1.4,0,0,0.3,0.4,3,0,54,64,84.38,7,5,3,1,,,,,,,,,,,,,,,,,,,,,,,,,,,,False,17.0
joshua zirkzee,nl NED,"FW,MF",Manchester Utd,23,2001,15.6,3,1,4.8,1.5,28,11,292,410,71.22,14,8,15,6,,,,,,,,,,,,,,,,,,,,,,,,,,,,False,23.0
josko gvardiol,hr CRO,DF,Manchester City,22,2002,36.4,5,0,4.6,2.1,40,12,2454,2721,90.19,58,39,42,44,,,,,,,,,,,,,,,,,,,,,,,,,,,,False,22.0
jota silva,pt POR,"FW,MF",Nott'ham Forest,24,1999,9.5,3,1,2.1,2.9,23,7,118,196,60.2,27,14,9,12,,,,,,,,,,,,,,,,,,,,,,,,,,,,False,24.0
jrgen strand larsen,no NOR,FW,Wolves,24,2000,28.7,14,4,10.3,3.0,54,33,295,457,64.55,10,6,19,6,,,,,,,,,,,,,,,,,,,,,,,,,,,,False,24.0
julian araujo,mx MEX,DF,Bournemouth,22,2001,5.5,0,0,0.0,0.1,0,0,178,225,79.11,10,5,3,6,,,,,,,,,,,,,,,,,,,,,,,,,,,,False,22.0
julio enciso,py PAR,"MF,FW",Ipswich Town,20,2004,9.7,2,3,1.7,1.4,32,11,171,248,68.95,12,9,8,1,,,,,,,,,,,,,,,,,,,,,,,,,,,,False,20.0
julio soler,ar ARG,"DF,FW",Bournemouth,19,2005,0.1,0,0,0.0,0.0,0,0,11,14,78.57,1,1,1,0,,,,,,,,,,,,,,,,,,,,,,,,,,,,False,19.0
jurrien timber,nl NED,DF,Arsenal,23,2001,26.9,1,3,1.2,0.8,14,4,1194,1395,85.59,58,38,19,22,,,,,,,,,,,,,,,,,,,,,,,,,,,,False,23.0
justin devenny,nir NIR,MF,Crystal Palace,20,2003,5.6,1,1,0.8,0.6,10,6,148,205,72.2,17,12,6,0,,,,,,,,,,,,,,,,,,,,,,,,,,,,False,20.0
justin kluivert,nl NED,MF,Bournemouth,25,1999,26.0,12,6,10.3,4.8,57,23,582,782,74.42,23,11,24,14,,,,,,,,,,,,,,,,,,,,,,,,,,,,False,25.0
kaelan casey,eng ENG,DF,West Ham,19,2004,0.0,0,0,0.0,0.0,0,0,0,0,0.0,0,0,0,0,,,,,,,,,,,,,,,,,,,,,,,,,,,,False,19.0
kai havertz,de GER,"FW,MF",Arsenal,25,1999,20.8,9,3,9.5,2.4,53,21,407,519,78.42,16,9,23,6,,,,,,,,,,,,,,,,,,,,,,,,,,,,False,25.0
kalvin phillips,eng ENG,MF,Ipswich Town,28,1995,13.7,0,0,0.4,0.2,11,2,436,551,79.13,35,19,35,19,,,,,,,,,,,,,,,,,,,,,,,,,,,,False,28.0
kamaldeen sulemana,gh GHA,"FW,MF",Southampton,22,2002,15.6,1,1,1.5,1.0,29,8,285,357,79.83,22,17,16,6,,,,,,,,,,,,,,,,,,,,,,,,,,,,False,22.0
kaoru mitoma,jp JPN,"FW,MF",Brighton,27,1997,28.9,10,4,9.2,4.6,57,27,749,988,75.81,45,27,48,14,,,,,,,,,,,,,,,,,,,,,,,,,,,,False,27.0
kasey mcateer,ie IRL,FW,Leicester City,22,2001,9.5,1,1,1.0,0.7,13,7,183,252,72.62,23,16,18,5,,,,,,,,,,,,,,,,,,,,,,,,,,,,False,22.0
keane lewis-potter,eng ENG,"DF,FW",Brentford,23,2001,34.4,1,3,3.1,3.2,28,14,982,1273,77.14,49,27,28,21,,,,,,,,,,,,,,,,,,,,,,,,,,,,False,23.0
kenny tete,nl NED,DF,Fulham,28,1995,19.7,0,2,1.4,0.9,24,2,772,956,80.75,56,38,31,32,,,,,,,,,,,,,,,,,,,,,,,,,,,,False,28.0
kepa arrizabalaga,es ESP,GK,Bournemouth,29,1994,31.0,0,0,0.1,0.0,1,0,752,1027,73.22,1,0,2,0,39.0,1.26,134.0,95.0,73.9,8.0,25.8,4.0,4.0,0.0,0.0,41.0,0.28,2.0,0.07,132.0,365.0,36.2,831.0,122.0,33.2,32.9,22.0,6.0,54.0,1.74,16.0,True,29.0
kevin danso,at AUT,DF,Tottenham,25,1998,9.4,0,0,0.4,0.1,7,3,480,555,86.49,7,5,15,6,,,,,,,,,,,,,,,,,,,,,,,,,,,,False,25.0
kevin de bruyne,be BEL,"MF,FW",Manchester City,33,1991,18.9,4,7,5.1,8.0,57,15,908,1196,75.92,17,9,8,7,,,,,,,,,,,,,,,,,,,,,,,,,,,,False,33.0
kevin schade,de GER,FW,Brentford,22,2001,25.5,11,2,8.2,3.7,55,27,323,541,59.7,39,25,19,5,,,,,,,,,,,,,,,,,,,,,,,,,,,,False,22.0
kieran tierney,sct SCO,"DF,FW",Arsenal,27,1997,2.9,1,0,0.4,1.4,2,1,145,173,83.82,7,5,0,3,,,,,,,,,,,,,,,,,,,,,,,,,,,,False,27.0
kieran trippier,eng ENG,DF,Newcastle Utd,33,1990,14.5,0,3,0.1,1.4,4,0,1036,1256,82.48,38,21,11,12,,,,,,,,,,,,,,,,,,,,,,,,,,,,False,33.0
kiernan dewsbury-hall,eng ENG,"MF,FW",Chelsea,25,1998,2.9,0,1,0.2,1.1,1,0,127,152,83.55,8,5,2,2,,,,,,,,,,,,,,,,,,,,,,,,,,,,False,25.0
kim jisoo,kr KOR,DF,Brentford,19,2004,0.3,0,0,0.0,0.0,0,0,25,28,89.29,0,0,0,0,,,,,,,,,,,,,,,,,,,,,,,,,,,,False,19.0
kobbie mainoo,eng ENG,MF,Manchester Utd,19,2005,18.3,0,0,0.7,1.6,15,2,723,836,86.48,46,29,16,19,,,,,,,,,,,,,,,,,,,,,,,,,,,,False,19.0
konstantinos mavropanos,gr GRE,DF,West Ham,26,1997,22.7,0,0,1.5,0.5,18,5,1092,1265,86.32,35,24,25,40,,,,,,,,,,,,,,,,,,,,,,,,,,,,False,26.0
kosta nedeljkovic,rs SRB,DF,Aston Villa,18,2005,1.4,0,0,0.0,0.0,0,0,47,53,88.68,7,5,1,0,,,,,,,,,,,,,,,,,,,,,,,,,,,,False,18.0
kostas tsimikas,gr GRE,DF,Liverpool,28,1996,9.3,0,1,0.4,2.1,4,2,550,654,84.1,31,20,5,11,,,,,,,,,,,,,,,,,,,,,,,,,,,,False,28.0
kristoffer ajer,no NOR,DF,Brentford,26,1998,16.0,0,0,1.0,1.2,9,3,504,644,78.26,26,18,17,12,,,,,,,,,,,,,,,,,,,,,,,,,,,,False,26.0
kyle walker,eng ENG,DF,Manchester City,34,1990,10.8,0,0,0.1,0.4,5,2,724,826,87.65,17,10,13,3,,,,,,,,,,,,,,,,,,,,,,,,,,,,False,34.0
kyle walker-peters,eng ENG,DF,Southampton,27,1997,32.4,0,2,0.8,2.8,20,6,1493,1693,88.19,44,29,27,19,,,,,,,,,,,,,,,,,,,,,,,,,,,,False,27.0
lamare bogarde,nl NED,"DF,MF",Aston Villa,20,2004,5.3,0,0,0.0,0.1,1,1,240,272,88.24,14,6,5,1,,,,,,,,,,,,,,,,,,,,,,,,,,,,False,20.0
leandro trossard,be BEL,FW,Arsenal,29,1994,28.3,8,7,7.2,6.1,72,21,711,954,74.53,31,20,32,9,,,,,,,,,,,,,,,,,,,,,,,,,,,,False,29.0
leif davis,eng ENG,DF,Ipswich Town,24,2000,30.5,1,2,1.0,4.9,16,2,919,1284,71.57,46,27,25,25,,,,,,,,,,,,,,,,,,,,,,,,,,,,False,24.0
leny yoro,fr FRA,DF,Manchester Utd,18,2005,12.9,0,0,0.7,0.1,5,1,708,766,92.43,29,11,5,18,,,,,,,,,,,,,,,,,,,,,,,,,,,,False,18.0
leon bailey,jm JAM,"FW,MF",Aston Villa,26,1997,12.7,1,2,1.7,1.5,28,6,277,390,71.03,7,5,6,3,,,,,,,,,,,,,,,,,,,,,,,,,,,,False,26.0
lesley ugochukwu,fr FRA,MF,Southampton,20,2004,18.4,1,1,0.9,1.0,10,1,600,706,84.99,50,24,27,14,,,,,,,,,,,,,,,,,,,,,,,,,,,,False,20.0
levi colwill,eng ENG,DF,Chelsea,21,2003,35.0,2,1,1.9,1.1,17,4,2338,2619,89.27,47,34,37,33,,,,,,,,,,,,,,,,,,,,,,,,,,,,False,21.0
lewis cook,eng ENG,"MF,DF",Bournemouth,27,1997,33.1,1,3,0.9,4.1,14,4,1224,1585,77.22,81,42,30,41,,,,,,,,,,,,,,,,,,,,,,,,,,,,False,27.0
lewis dunk,eng ENG,DF,Brighton,32,1991,23.1,0,0,0.8,0.5,12,3,1778,1953,91.04,17,10,28,13,,,,,,,,,,,,,,,,,,,,,,,,,,,,False,32.0
lewis hall,eng ENG,DF,Newcastle Utd,19,2004,24.3,0,4,0.4,4.3,11,1,1300,1592,81.66,58,41,33,18,,,,,,,,,,,,,,,,,,,,,,,,,,,,False,19.0
lewis miley,eng ENG,MF,Newcastle Utd,18,2006,3.5,1,0,0.5,0.0,3,2,168,191,87.96,14,11,5,2,,,,,,,,,,,,,,,,,,,,,,,,,,,,False,18.0
lewis orford,eng ENG,MF,West Ham,18,2006,0.5,0,0,0.0,0.0,1,0,33,38,86.84,0,0,1,1,,,,,,,,,,,,,,,,,,,,,,,,,,,,False,18.0
liam delap,eng ENG,FW,Ipswich Town,21,2003,28.8,12,2,9.3,1.9,66,29,219,357,61.34,11,8,8,2,,,,,,,,,,,,,,,,,,,,,,,,,,,,False,21.0
lisandro martinez,ar ARG,DF,Manchester Utd,26,1998,19.5,2,1,1.3,1.1,17,6,1200,1342,89.42,40,24,22,32,,,,,,,,,,,,,,,,,,,,,,,,,,,,False,26.0
lloyd kelly,eng ENG,DF,Newcastle Utd,25,1998,3.4,0,1,0.4,0.5,3,0,146,181,80.66,5,4,6,1,,,,,,,,,,,,,,,,,,,,,,,,,,,,False,25.0
lucas bergvall,se SWE,MF,Tottenham,18,2006,13.5,0,1,0.7,0.6,12,2,629,720,87.36,39,19,18,24,,,,,,,,,,,,,,,,,,,,,,,,,,,,False,18.0
lucas digne,fr FRA,DF,Aston Villa,31,1993,26.1,0,4,0.8,4.7,13,3,956,1277,74.86,65,38,23,25,,,,,,,,,,,,,,,,,,,,,,,,,,,,False,31.0
lucas paqueta,br BRA,"MF,FW",West Ham,26,1997,26.4,4,0,5.3,3.1,39,3,1126,1456,77.34,66,37,29,18,,,,,,,,,,,,,,,,,,,,,,,,,,,,False,26.0
luis diaz,co COL,FW,Liverpool,27,1997,26.7,13,5,12.0,5.0,71,30,736,874,84.21,39,26,19,7,,,,,,,,,,,,,,,,,,,,,,,,,,,,False,27.0
luis guilherme,br BRA,"MF,FW",West Ham,18,2006,1.7,0,0,0.4,0.1,4,1,58,67,86.57,1,0,7,3,,,,,,,,,,,,,,,,,,,,,,,,,,,,False,18.0
luis sinisterra,co COL,"FW,MF",Bournemouth,25,1999,2.6,1,1,1.2,1.4,13,6,73,93,78.49,7,2,3,1,,,,,,,,,,,,,,,,,,,,,,,,,,,,False,25.0
luke shaw,eng ENG,DF,Manchester Utd,29,1995,3.9,0,0,0.0,0.7,1,0,249,290,85.86,4,3,6,2,,,,,,,,,,,,,,,,,,,,,,,,,,,,False,29.0
luke thomas,eng ENG,DF,Leicester City,23,2001,12.3,0,0,0.4,0.5,5,0,493,629,78.38,31,25,15,21,,,,,,,,,,,,,,,,,,,,,,,,,,,,False,23.0
luke woolfenden,eng ENG,DF,Ipswich Town,25,1998,13.2,0,0,0.0,0.0,1,0,496,562,88.26,9,6,21,19,,,,,,,,,,,,,,,,,,,,,,,,,,,,False,25.0
mads hermansen,dk DEN,GK,Leicester City,24,2000,26.5,0,0,0.0,0.0,0,0,654,1073,60.95,1,1,1,0,58.0,2.19,155.0,99.0,64.5,1.0,3.7,4.0,3.0,1.0,0.0,56.4,0.35,1.4,0.05,114.0,471.0,24.2,926.0,133.0,39.2,34.6,26.0,6.2,26.0,0.98,13.1,True,24.0
mads roerslev,dk DEN,DF,Brentford,25,1999,12.2,0,2,0.2,3.0,5,2,422,536,78.73,18,8,12,4,,,,,,,,,,,,,,,,,,,,,,,,,,,,False,25.0
malo gusto,fr FRA,DF,Chelsea,21,2003,20.7,0,1,1.7,1.4,22,4,1198,1385,86.5,45,29,29,24,,,,,,,,,,,,,,,,,,,,,,,,,,,,False,21.0
manuel akanji,ch SUI,DF,Manchester City,29,1995,22.4,0,0,1.6,0.4,15,2,1632,1744,93.58,19,12,11,9,,,,,,,,,,,,,,,,,,,,,,,,,,,,False,29.0
manuel ugarte,uy URU,MF,Manchester Utd,23,2001,19.8,1,2,1.0,1.1,19,4,800,910,87.91,77,49,33,27,,,,,,,,,,,,,,,,,,,,,,,,,,,,False,23.0
marc cucurella,es ESP,DF,Chelsea,26,1998,33.2,5,1,2.8,2.1,24,11,1680,1916,87.68,67,45,49,28,,,,,,,,,,,,,,,,,,,,,,,,,,,,False,26.0
marc guehi,eng ENG,DF,Crystal Palace,24,2000,34.0,3,2,2.0,1.8,15,7,1473,1765,83.46,61,34,55,28,,,,,,,,,,,,,,,,,,,,,,,,,,,,False,24.0
marc guiu,es ESP,FW,Chelsea,18,2006,0.8,0,0,0.0,0.0,0,0,11,16,68.75,1,1,0,0,,,,,,,,,,,,,,,,,,,,,,,,,,,,False,18.0
marco asensio,es ESP,MF,Aston Villa,28,1996,8.3,3,1,4.4,1.0,22,9,242,313,77.32,7,5,7,2,,,,,,,,,,,,,,,,,,,,,,,,,,,,False,28.0
marcos senesi,ar ARG,DF,Bournemouth,27,1997,12.3,0,0,0.8,0.2,3,0,561,735,76.33,39,21,16,14,,,,,,,,,,,,,,,,,,,,,,,,,,,,False,27.0
marcus harness,eng ENG,MF,Ipswich Town,28,1996,0.5,0,0,0.0,0.0,0,0,10,16,62.5,1,0,2,0,,,,,,,,,,,,,,,,,,,,,,,,,,,,False,28.0
marcus rashford,eng ENG,"FW,MF",Manchester Utd,26,1997,10.9,4,1,1.7,2.1,16,9,253,343,73.76,7,4,8,4,,,,,,,,,,,,,,,,,,,,,,,,,,,,False,26.0
marcus tavernier,eng ENG,"FW,MF",Bournemouth,25,1999,21.5,3,5,5.5,4.0,57,17,689,934,73.77,43,24,16,5,,,,,,,,,,,,,,,,,,,,,,,,,,,,False,25.0
mario lemina,ga GAB,"MF,DF",Wolves,30,1993,15.2,1,3,1.4,1.1,18,5,493,613,80.42,51,31,12,27,,,,,,,,,,,,,,,,,,,,,,,,,,,,False,30.0
mark flekken,nl NED,GK,Brentford,31,1993,36.4,0,2,0.0,0.5,0,0,1254,1717,73.03,4,4,2,0,55.0,1.51,203.0,150.0,73.4,7.0,18.9,1.0,1.0,0.0,0.0,52.7,0.26,-0.3,-0.01,249.0,659.0,37.8,1498.0,122.0,33.7,34.4,46.0,7.9,34.0,0.93,11.5,True,31.0
mark travers,ie IRL,GK,Bournemouth,25,1999,5.0,0,0,0.0,0.0,0,0,100,142,70.42,0,0,0,0,5.0,1.0,25.0,20.0,80.0,1.0,20.0,0.0,0.0,0.0,0.0,9.5,0.38,4.5,0.89,33.0,73.0,45.2,103.0,29.0,41.7,36.3,1.0,1.6,5.0,1.0,12.9,True,25.0
marshall munetsi,zw ZIM,"MF,FW",Wolves,28,1996,12.0,2,1,3.3,1.8,22,7,152,212,71.7,24,10,14,6,,,,,,,,,,,,,,,,,,,,,,,,,,,,False,28.0
martial godo,eng ENG,"FW,DF",Fulham,21,2003,0.3,0,0,0.0,0.1,0,0,12,17,70.59,0,0,1,1,,,,,,,,,,,,,,,,,,,,,,,,,,,,False,21.0
martin degaard,no NOR,MF,Arsenal,25,1998,25.8,3,8,4.8,5.4,48,15,1237,1499,82.52,19,11,5,6,,,,,,,,,,,,,,,,,,,,,,,,,,,,False,25.0
martin dubravka,sk SVK,GK,Newcastle Utd,35,1989,10.0,0,0,0.0,0.0,0,0,265,333,79.58,0,0,0,0,12.0,1.2,41.0,29.0,70.7,5.0,50.0,0.0,0.0,0.0,0.0,12.9,0.32,0.9,0.09,18.0,80.0,22.5,273.0,54.0,15.8,25.2,10.0,7.9,11.0,1.1,15.3,True,35.0
mason holgate,jm JAM,"FW,DF",Everton,27,1996,0.1,0,0,0.0,0.0,0,0,2,2,100.0,0,0,0,0,,,,,,,,,,,,,,,,,,,,,,,,,,,,False,27.0
mason mount,eng ENG,MF,Manchester Utd,25,1999,6.9,1,0,3.2,0.6,20,9,207,253,81.82,15,5,11,4,,,,,,,,,,,,,,,,,,,,,,,,,,,,False,25.0
massimo luongo,au AUS,MF,Ipswich Town,31,1992,2.2,0,0,0.0,0.0,0,0,50,66,75.76,9,6,4,2,,,,,,,,,,,,,,,,,,,,,,,,,,,,False,31.0
mateo kovacic,hr CRO,MF,Manchester City,30,1994,24.4,6,2,1.9,3.6,45,12,1742,1882,92.56,69,38,20,24,,,,,,,,,,,,,,,,,,,,,,,,,,,,False,30.0
mateus fernandes,pt POR,MF,Southampton,20,2004,32.3,2,4,4.0,3.0,42,14,1087,1361,79.87,89,48,43,28,,,,,,,,,,,,,,,,,,,,,,,,,,,,False,20.0
mateus mane,0,MF,Wolves,0,0,0.0,0,0,0.0,0.0,0,0,4,5,80.0,0,0,1,0,,,,,,,,,,,,,,,,,,,,,,,,,,,,False,0.0
matheus cunha,br BRA,"MF,FW",Wolves,25,1999,28.9,15,6,8.6,7.7,110,44,811,1133,71.58,38,22,21,17,,,,,,,,,,,,,,,,,,,,,,,,,,,,False,25.0
matheus franca,br BRA,"MF,FW",Crystal Palace,20,2004,0.6,1,0,0.3,0.0,6,3,10,17,58.82,2,0,1,1,,,,,,,,,,,,,,,,,,,,,,,,,,,,False,20.0
matheus nunes,pt POR,"DF,MF",Manchester City,25,1998,18.6,1,6,1.2,4.4,9,4,1065,1234,86.3,35,22,17,15,,,,,,,,,,,,,,,,,,,,,,,,,,,,False,25.0
mathias jensen,dk DEN,MF,Brentford,28,1996,9.6,0,2,0.2,1.7,6,1,363,486,74.69,14,10,15,8,,,,,,,,,,,,,,,,,,,,,,,,,,,,False,28.0
mathis amougou,fr FRA,MF,Chelsea,18,2006,0.1,0,0,0.0,0.0,0,0,7,7,100.0,0,0,0,0,,,,,,,,,,,,,,,,,,,,,,,,,,,,False,18.0
mathys tel,fr FRA,FW,Tottenham,19,2005,10.1,2,1,3.0,2.6,22,8,185,266,69.55,16,6,8,2,,,,,,,,,,,,,,,,,,,,,,,,,,,,False,19.0
mats wieffer,nl NED,"DF,MF",Brighton,24,1999,11.3,1,3,0.8,1.6,9,4,594,698,85.1,58,34,18,17,,,,,,,,,,,,,,,,,,,,,,,,,,,,False,24.0
matt doherty,ie IRL,DF,Wolves,32,1992,23.4,2,1,1.0,1.5,10,3,1078,1302,82.8,38,21,28,22,,,,,,,,,,,,,,,,,,,,,,,,,,,,False,32.0
matt o'riley,dk DEN,MF,Brighton,23,2000,10.4,2,2,2.8,2.4,21,6,316,413,76.51,16,9,7,13,,,,,,,,,,,,,,,,,,,,,,,,,,,,False,23.0
matt targett,eng ENG,DF,Newcastle Utd,28,1995,0.2,0,0,0.0,0.0,0,0,14,15,93.33,0,0,0,1,,,,,,,,,,,,,,,,,,,,,,,,,,,,False,28.0
matthijs de ligt,nl NED,DF,Manchester Utd,24,1999,23.6,2,0,2.5,0.3,18,9,1241,1380,89.93,30,22,29,33,,,,,,,,,,,,,,,,,,,,,,,,,,,,False,24.0
matty cash,pl POL,DF,Aston Villa,26,1997,23.0,1,1,0.5,1.1,13,6,732,945,77.46,56,32,22,23,,,,,,,,,,,,,,,,,,,,,,,,,,,,False,26.0
matz sels,be BEL,GK,Nott'ham Forest,32,1992,38.0,0,0,0.0,0.4,0,0,519,998,52.0,1,1,0,0,46.0,1.21,165.0,119.0,73.9,13.0,34.2,3.0,3.0,0.0,0.0,49.1,0.29,3.1,0.08,244.0,698.0,35.0,715.0,83.0,68.4,44.7,19.0,2.7,12.0,0.32,8.7,True,32.0
max aarons,eng ENG,DF,Bournemouth,24,2000,1.0,0,0,0.0,0.0,0,0,50,63,79.37,2,2,3,1,,,,,,,,,,,,,,,,,,,,,,,,,,,,False,24.0
max kilman,eng ENG,DF,West Ham,27,1997,37.2,0,1,1.6,1.2,13,2,1697,1958,86.67,39,24,58,38,,,,,,,,,,,,,,,,,,,,,,,,,,,,False,27.0
maxence lacroix,fr FRA,DF,Crystal Palace,24,2000,34.6,1,1,3.4,1.0,30,5,1207,1477,81.72,68,41,48,54,,,,,,,,,,,,,,,,,,,,,,,,,,,,False,24.0
maxwel cornet,ci CIV,FW,Southampton,27,1996,0.8,0,0,0.2,0.0,1,0,17,22,77.27,5,5,0,0,,,,,,,,,,,,,,,,,,,,,,,,,,,,False,27.0
michael golding,eng ENG,MF,Leicester City,18,2006,0.0,0,0,0.0,0.0,0,0,0,0,0.0,0,0,0,0,,,,,,,,,,,,,,,,,,,,,,,,,,,,False,18.0
michael kayode,it ITA,DF,Brentford,20,2004,5.9,0,1,0.2,1.2,2,0,184,241,76.35,17,11,3,7,,,,,,,,,,,,,,,,,,,,,,,,,,,,False,20.0
michael keane,eng ENG,DF,Everton,31,1993,11.7,3,0,0.6,0.1,10,4,312,377,82.76,12,9,14,16,,,,,,,,,,,,,,,,,,,,,,,,,,,,False,31.0
michail antonio,jm JAM,FW,West Ham,34,1990,9.3,1,1,2.2,1.6,19,4,114,188,60.64,2,2,6,0,,,,,,,,,,,,,,,,,,,,,,,,,,,,False,34.0
micky van de ven,nl NED,DF,Tottenham,23,2001,11.3,0,2,0.6,1.2,6,2,729,802,90.9,10,6,12,10,,,,,,,,,,,,,,,,,,,,,,,,,,,,False,23.0
miguel almiron,py PAR,FW,Newcastle Utd,30,1994,1.7,0,0,0.5,0.3,6,2,54,66,81.82,3,2,2,0,,,,,,,,,,,,,,,,,,,,,,,,,,,,False,30.0
mikel merino,es ESP,"MF,FW",Arsenal,28,1996,17.6,7,2,5.9,2.0,38,13,451,577,78.16,46,28,18,15,,,,,,,,,,,,,,,,,,,,,,,,,,,,False,28.0
mikey moore,eng ENG,FW,Tottenham,16,2007,4.1,0,1,0.2,0.3,3,0,67,96,69.79,2,1,2,1,,,,,,,,,,,,,,,,,,,,,,,,,,,,False,16.0
mikkel damsgaard,dk DEN,"MF,FW",Brentford,24,2000,32.3,2,10,2.8,8.4,35,7,1107,1529,72.4,83,44,40,27,,,,,,,,,,,,,,,,,,,,,,,,,,,,False,24.0
milos kerkez,hu HUN,DF,Bournemouth,20,2003,37.1,2,5,0.6,3.9,19,5,1346,1776,75.79,52,26,38,45,,,,,,,,,,,,,,,,,,,,,,,,,,,,False,20.0
mohamed salah,eg EGY,FW,Liverpool,32,1992,37.5,29,18,25.2,14.2,121,50,892,1263,70.63,21,11,12,9,,,,,,,,,,,,,,,,,,,,,,,,,,,,False,32.0
mohammed kudus,gh GHA,"FW,MF",West Ham,23,2000,28.8,5,3,6.9,3.1,75,21,715,855,83.63,38,23,24,4,,,,,,,,,,,,,,,,,,,,,,,,,,,,False,23.0
moises caicedo,ec ECU,"MF,DF",Chelsea,22,2001,37.2,1,2,0.8,3.0,20,3,1967,2194,89.65,114,73,49,49,,,,,,,,,,,,,,,,,,,,,,,,,,,,False,22.0
morato,br BRA,DF,Nott'ham Forest,23,2001,10.1,0,0,0.2,0.0,2,1,238,309,77.02,22,14,14,10,,,,,,,,,,,,,,,,,,,,,,,,,,,,False,23.0
morgan gibbs-white,eng ENG,MF,Nott'ham Forest,24,2000,31.1,7,8,6.3,5.0,61,21,993,1269,78.25,43,22,18,23,,,,,,,,,,,,,,,,,,,,,,,,,,,,False,24.0
morgan rogers,eng ENG,"FW,MF",Aston Villa,22,2002,34.6,8,10,6.6,7.8,55,20,664,907,73.21,43,22,26,6,,,,,,,,,,,,,,,,,,,,,,,,,,,,False,22.0
murillo,br BRA,DF,Nott'ham Forest,22,2002,35.4,2,0,1.4,1.2,25,6,1138,1450,78.48,53,36,69,36,,,,,,,,,,,,,,,,,,,,,,,,,,,,False,22.0
mykhailo mudryk,ua UKR,FW,Chelsea,23,2001,1.7,0,0,0.3,1.0,1,1,28,42,66.67,2,2,3,0,,,,,,,,,,,,,,,,,,,,,,,,,,,,False,23.0
myles lewis-skelly,eng ENG,DF,Arsenal,17,2006,15.2,1,0,0.2,0.4,3,1,708,776,91.24,22,14,4,7,,,,,,,,,,,,,,,,,,,,,,,,,,,,False,17.0
nasser djiga,bf BFA,DF,Wolves,21,2002,0.7,0,0,0.0,0.0,0,0,40,48,83.33,0,0,0,2,,,,,,,,,,,,,,,,,,,,,,,,,,,,False,21.0
nathan ake,nl NED,DF,Manchester City,29,1995,7.5,0,0,0.2,0.0,3,0,509,542,93.91,9,7,7,3,,,,,,,,,,,,,,,,,,,,,,,,,,,,False,29.0
nathan broadhead,wls WAL,"MF,FW",Ipswich Town,26,1998,7.8,2,0,1.7,0.7,13,8,178,228,78.07,9,4,8,4,,,,,,,,,,,,,,,,,,,,,,,,,,,,False,26.0
nathan butler-oyedeji,eng ENG,FW,Arsenal,21,2003,0.1,0,0,0.1,0.0,1,1,0,0,0.0,0,0,0,0,,,,,,,,,,,,,,,,,,,,,,,,,,,,False,21.0
nathan collins,ie IRL,DF,Brentford,23,2001,38.0,2,3,2.5,1.8,17,6,1705,1985,85.89,40,24,77,34,,,,,,,,,,,,,,,,,,,,,,,,,,,,False,23.0
nathan patterson,sct SCO,DF,Everton,22,2001,3.9,0,1,0.1,0.4,1,0,130,176,73.86,11,6,2,2,,,,,,,,,,,,,,,,,,,,,,,,,,,,False,22.0
nathan wood-gordon,eng ENG,DF,Southampton,22,2002,8.6,0,0,0.2,0.0,2,0,444,476,93.28,14,8,9,5,,,,,,,,,,,,,,,,,,,,,,,,,,,,False,22.0
nathaniel clyne,eng ENG,"DF,MF",Crystal Palace,33,1991,5.4,0,0,0.0,0.3,2,0,171,225,76.0,12,8,4,3,,,,,,,,,,,,,,,,,,,,,,,,,,,,False,33.0
neco williams,wls WAL,DF,Nott'ham Forest,23,2001,28.8,1,3,2.3,1.6,37,7,843,1116,75.54,90,57,42,31,,,,,,,,,,,,,,,,,,,,,,,,,,,,False,23.0
nelson semedo,pt POR,DF,Wolves,30,1993,32.1,0,4,0.9,2.8,18,7,1096,1357,80.77,62,36,32,23,,,,,,,,,,,,,,,,,,,,,,,,,,,,False,30.0
neto,br BRA,GK,Bournemouth,35,1989,2.0,0,0,0.0,0.0,0,0,40,62,64.52,0,0,0,0,2.0,1.0,13.0,11.0,84.6,0.0,0.0,0.0,0.0,0.0,0.0,4.3,0.35,2.3,1.17,9.0,27.0,33.3,46.0,7.0,43.5,36.8,2.0,6.7,3.0,1.5,12.6,True,35.0
nick pope,eng ENG,GK,Newcastle Utd,32,1992,28.0,0,0,0.0,0.0,0,0,575,782,73.53,0,0,1,1,35.0,1.25,120.0,86.0,71.7,8.0,28.6,2.0,1.0,1.0,0.0,34.8,0.28,1.8,0.06,72.0,257.0,28.0,595.0,192.0,25.7,30.7,39.0,10.9,64.0,2.29,16.0,True,32.0
niclas fullkrug,de GER,FW,West Ham,31,1993,8.8,3,2,2.2,1.9,16,7,133,198,67.17,4,3,1,1,,,,,,,,,,,,,,,,,,,,,,,,,,,,False,31.0
nico oreilly,eng ENG,DF,Manchester City,19,2005,5.9,2,0,1.3,0.4,8,3,305,353,86.4,9,4,5,4,,,,,,,,,,,,,,,,,,,,,,,,,,,,False,19.0
nicolas dominguez,ar ARG,"MF,FW",Nott'ham Forest,26,1998,21.8,0,1,1.5,1.3,21,9,821,947,86.69,86,45,38,29,,,,,,,,,,,,,,,,,,,,,,,,,,,,False,26.0
nicolas gonzalez,es ESP,MF,Manchester City,22,2002,8.4,1,0,0.5,0.1,9,2,575,625,92.0,16,6,9,8,,,,,,,,,,,,,,,,,,,,,,,,,,,,False,22.0
nicolas jackson,sn SEN,FW,Chelsea,23,2001,24.7,10,5,12.3,4.3,76,34,303,399,75.94,22,13,15,3,,,,,,,,,,,,,,,,,,,,,,,,,,,,False,23.0
nikola milenkovic,rs SRB,DF,Nott'ham Forest,26,1997,37.0,5,2,4.0,1.1,29,8,850,1033,82.28,51,29,41,27,,,,,,,,,,,,,,,,,,,,,,,,,,,,False,26.0
noni madueke,eng ENG,FW,Chelsea,22,2002,22.6,7,3,9.6,4.2,80,30,530,685,77.37,25,18,17,10,,,,,,,,,,,,,,,,,,,,,,,,,,,,False,22.0
noussair mazraoui,ma MAR,DF,Manchester Utd,26,1997,31.5,0,1,0.7,1.5,13,3,1526,1781,85.68,115,68,36,34,,,,,,,,,,,,,,,,,,,,,,,,,,,,False,26.0
odsonne edouard,fr FRA,"MF,FW",Crystal Palace,26,1998,1.3,0,0,0.4,0.0,5,1,17,28,60.71,1,0,1,0,,,,,,,,,,,,,,,,,,,,,,,,,,,,False,26.0
ola aina,ng NGA,DF,Nott'ham Forest,27,1996,33.3,2,1,0.6,1.4,11,2,994,1352,73.52,55,42,34,33,,,,,,,,,,,,,,,,,,,,,,,,,,,,False,27.0
olabade aluko,0,DF,Leicester City,0,0,0.0,0,0,0.0,0.0,0,0,3,5,60.0,1,1,0,0,,,,,,,,,,,,,,,,,,,,,,,,,,,,False,0.0
oleksandr zinchenko,ua UKR,"DF,MF",Arsenal,27,1996,5.9,0,1,0.6,0.2,10,0,382,451,84.7,6,1,8,5,,,,,,,,,,,,,,,,,,,,,,,,,,,,False,27.0
oliver scarles,eng ENG,"DF,FW",West Ham,18,2005,7.4,0,0,0.1,0.1,3,0,293,372,78.76,21,11,14,11,,,,,,,,,,,,,,,,,,,,,,,,,,,,False,18.0
oliver skipp,eng ENG,MF,Leicester City,23,2000,12.5,0,0,0.4,0.3,5,1,419,502,83.47,21,4,23,11,,,,,,,,,,,,,,,,,,,,,,,,,,,,False,23.0
ollie watkins,eng ENG,FW,Aston Villa,28,1995,28.9,16,8,15.3,3.3,82,36,307,424,72.41,10,7,11,8,,,,,,,,,,,,,,,,,,,,,,,,,,,,False,28.0
omar marmoush,eg EGY,"FW,MF",Manchester City,25,1999,13.1,7,0,5.5,2.8,49,17,252,318,79.25,13,8,15,6,,,,,,,,,,,,,,,,,,,,,,,,,,,,False,25.0
omari hutchinson,eng ENG,"MF,FW",Ipswich Town,20,2003,28.7,3,2,2.9,3.5,45,18,690,885,77.97,32,13,27,11,,,,,,,,,,,,,,,,,,,,,,,,,,,,False,20.0
orel mangala,be BEL,MF,Everton,26,1998,14.0,1,0,1.1,0.6,16,6,437,490,89.18,16,8,8,21,,,,,,,,,,,,,,,,,,,,,,,,,,,,False,26.0
oscar bobb,no NOR,FW,Manchester City,21,2003,0.2,0,0,0.0,0.1,0,0,13,15,86.67,0,0,0,0,,,,,,,,,,,,,,,,,,,,,,,,,,,,False,21.0
pablo sarabia,es ESP,"MF,FW",Wolves,32,1992,9.0,3,2,2.9,1.8,17,8,308,445,69.21,16,8,10,4,,,,,,,,,,,,,,,,,,,,,,,,,,,,False,32.0
pape matar sarr,sn SEN,MF,Tottenham,21,2002,21.3,3,2,3.7,1.6,34,13,889,1029,86.39,49,36,26,30,,,,,,,,,,,,,,,,,,,,,,,,,,,,False,21.0
patrick dorgu,dk DEN,DF,Manchester Utd,19,2004,9.4,0,0,0.4,0.7,10,2,400,494,80.97,31,24,11,4,,,,,,,,,,,,,,,,,,,,,,,,,,,,False,19.0
patson daka,zm ZAM,"FW,MF",Leicester City,25,1998,8.2,1,0,1.3,0.1,15,4,106,147,72.11,19,10,7,1,,,,,,,,,,,,,,,,,,,,,,,,,,,,False,25.0
pau torres,es ESP,DF,Aston Villa,27,1997,22.4,0,0,0.5,0.1,8,2,1217,1369,88.9,21,15,16,10,,,,,,,,,,,,,,,,,,,,,,,,,,,,False,27.0
paul onuachu,ng NGA,FW,Southampton,30,1994,11.7,4,1,3.6,0.5,34,15,160,263,60.84,7,2,7,1,,,,,,,,,,,,,,,,,,,,,,,,,,,,False,30.0
pedro lima,br BRA,DF,Wolves,18,2006,0.8,0,0,0.1,0.1,1,1,28,38,73.68,1,0,0,2,,,,,,,,,,,,,,,,,,,,,,,,,,,,False,18.0
pedro neto,pt POR,FW,Chelsea,24,2000,25.2,4,6,3.5,6.7,59,17,702,895,78.44,23,9,14,9,,,,,,,,,,,,,,,,,,,,,,,,,,,,False,24.0
pedro porro,es ESP,DF,Tottenham,24,1999,29.0,2,6,1.6,5.0,39,8,1385,1892,73.2,66,49,44,36,,,,,,,,,,,,,,,,,,,,,,,,,,,,False,24.0
pervis estupinan,ec ECU,DF,Brighton,26,1998,26.7,1,1,1.2,2.1,28,9,1338,1610,83.11,65,43,20,37,,,,,,,,,,,,,,,,,,,,,,,,,,,,False,26.0
phil foden,eng ENG,"MF,FW",Manchester City,24,2000,19.7,7,2,5.2,4.8,54,16,791,941,84.06,13,5,13,9,,,,,,,,,,,,,,,,,,,,,,,,,,,,False,24.0
philip billing,dk DEN,MF,Bournemouth,28,1996,2.0,0,0,0.6,1.1,5,1,70,102,68.63,14,5,3,5,,,,,,,,,,,,,,,,,,,,,,,,,,,,False,28.0
radu dragusin,ro ROU,DF,Tottenham,22,2002,13.9,0,0,0.1,0.4,5,1,716,840,85.24,10,6,22,15,,,,,,,,,,,,,,,,,,,,,,,,,,,,False,22.0
raheem sterling,eng ENG,"FW,MF",Arsenal,29,1994,5.5,0,2,1.4,0.5,11,0,158,201,78.61,9,4,3,1,,,,,,,,,,,,,,,,,,,,,,,,,,,,False,29.0
ramon sosa,py PAR,"FW,MF",Nott'ham Forest,24,1999,3.3,1,0,1.0,0.5,11,5,66,97,68.04,5,3,9,4,,,,,,,,,,,,,,,,,,,,,,,,,,,,False,24.0
rasmus hjlund,dk DEN,FW,Manchester Utd,21,2003,22.3,4,0,5.3,1.8,32,13,251,336,74.7,3,1,6,2,,,,,,,,,,,,,,,,,,,,,,,,,,,,False,21.0
raul jimenez,mx MEX,FW,Fulham,33,1991,27.7,12,3,12.0,3.3,93,30,458,643,71.23,35,24,21,10,,,,,,,,,,,,,,,,,,,,,,,,,,,,False,33.0
rayan ait-nouri,dz ALG,DF,Wolves,23,2001,34.5,4,7,2.7,5.5,36,10,1449,1721,84.2,89,57,42,26,,,,,,,,,,,,,,,,,,,,,,,,,,,,False,23.0
reece james,eng ENG,"DF,MF",Chelsea,24,1999,11.8,1,1,0.4,0.7,11,3,717,854,83.96,10,9,14,13,,,,,,,,,,,,,,,,,,,,,,,,,,,,False,24.0
reiss nelson,eng ENG,FW,Arsenal,24,1999,0.0,0,0,0.0,0.0,0,0,0,0,0.0,1,0,0,0,,,,,,,,,,,,,,,,,,,,,,,,,,,,False,24.0
remy rees-dottin,eng ENG,FW,Bournemouth,18,2006,0.0,0,0,0.0,0.0,0,0,0,0,0.0,0,0,0,0,,,,,,,,,,,,,,,,,,,,,,,,,,,,False,18.0
renato veiga,pt POR,"DF,MF",Chelsea,21,2003,2.0,0,0,0.1,0.0,3,1,118,139,84.89,9,6,3,1,,,,,,,,,,,,,,,,,,,,,,,,,,,,False,21.0
ricardo pereira,pt POR,DF,Leicester City,30,1993,4.3,0,0,0.1,0.0,2,1,207,248,83.47,13,8,8,4,,,,,,,,,,,,,,,,,,,,,,,,,,,,False,30.0
riccardo calafiori,it ITA,DF,Arsenal,22,2002,10.9,2,1,0.9,0.3,10,6,470,549,85.61,27,19,12,9,,,,,,,,,,,,,,,,,,,,,,,,,,,,False,22.0
richarlison,br BRA,FW,Tottenham,27,1997,5.6,4,1,3.7,0.9,17,7,62,103,60.19,5,3,1,0,,,,,,,,,,,,,,,,,,,,,,,,,,,,False,27.0
rico henry,eng ENG,DF,Brentford,27,1997,1.1,0,0,0.0,0.0,0,0,33,49,67.35,2,2,4,1,,,,,,,,,,,,,,,,,,,,,,,,,,,,False,27.0
rico lewis,eng ENG,"DF,MF",Manchester City,19,2004,21.0,1,2,1.4,0.3,10,2,1201,1312,91.54,30,19,28,13,,,,,,,,,,,,,,,,,,,,,,,,,,,,False,19.0
robert sanchez,es ESP,GK,Chelsea,26,1997,32.0,0,0,0.0,0.1,0,0,871,1249,69.74,0,0,0,2,34.0,1.06,127.0,92.0,76.4,10.0,31.3,5.0,4.0,1.0,0.0,35.7,0.25,1.7,0.05,98.0,424.0,23.1,1160.0,190.0,33.3,33.4,47.0,12.7,57.0,1.78,14.5,True,26.0
robin olsen,se SWE,GK,Aston Villa,34,1990,2.5,0,0,0.0,0.0,0,0,65,101,64.36,1,0,0,0,6.0,2.39,14.0,8.0,64.3,1.0,100.0,1.0,1.0,0.0,0.0,6.3,0.4,0.3,0.12,19.0,54.0,35.2,75.0,1.0,42.7,35.9,3.0,7.5,0.0,0.0,8.6,True,34.0
rodri,es ESP,MF,Manchester City,28,1996,0.8,0,0,0.0,0.0,0,0,64,68,94.12,2,1,1,1,,,,,,,,,,,,,,,,,,,,,,,,,,,,False,28.0
rodrigo bentancur,uy URU,MF,Tottenham,27,1997,18.3,2,0,1.3,0.4,22,5,946,1076,87.92,40,22,25,40,,,,,,,,,,,,,,,,,,,,,,,,,,,,False,27.0
rodrigo gomes,pt POR,"DF,FW",Wolves,21,2003,9.0,2,0,0.7,0.9,7,3,212,309,68.61,23,15,8,7,,,,,,,,,,,,,,,,,,,,,,,,,,,,False,21.0
rodrigo muniz,br BRA,FW,Fulham,23,2001,10.7,8,1,5.8,0.7,39,19,92,142,64.79,10,5,9,5,,,,,,,,,,,,,,,,,,,,,,,,,,,,False,23.0
romain esse,eng ENG,MF,Crystal Palace,19,2005,1.5,1,1,0.3,0.4,1,1,32,42,76.19,9,6,2,1,,,,,,,,,,,,,,,,,,,,,,,,,,,,False,19.0
roman dixon,eng ENG,DF,Everton,19,2004,1.0,0,0,0.0,0.0,0,0,11,19,57.89,5,5,1,1,,,,,,,,,,,,,,,,,,,,,,,,,,,,False,19.0
romeo lavia,be BEL,MF,Chelsea,20,2004,8.9,0,1,0.3,0.7,2,0,389,424,91.75,22,13,6,16,,,,,,,,,,,,,,,,,,,,,,,,,,,,False,20.0
ronnie edwards,eng ENG,DF,Southampton,21,2003,0.1,0,0,0.0,0.0,0,0,5,5,100.0,0,0,1,0,,,,,,,,,,,,,,,,,,,,,,,,,,,,False,21.0
ross barkley,eng ENG,MF,Aston Villa,30,1993,6.5,3,1,1.8,0.6,16,5,337,395,85.32,14,3,9,10,,,,,,,,,,,,,,,,,,,,,,,,,,,,False,30.0
ross stewart,sct SCO,FW,Southampton,28,1996,4.3,1,0,1.1,0.0,9,2,67,95,70.53,6,4,3,1,,,,,,,,,,,,,,,,,,,,,,,,,,,,False,28.0
ruben dias,pt POR,DF,Manchester City,27,1997,25.2,0,0,1.5,0.3,21,7,2167,2317,93.53,17,11,23,20,,,,,,,,,,,,,,,,,,,,,,,,,,,,False,27.0
ryan christie,sct SCO,MF,Bournemouth,29,1995,23.5,2,3,1.8,3.5,33,12,837,1056,79.26,54,33,44,30,,,,,,,,,,,,,,,,,,,,,,,,,,,,False,29.0
ryan fraser,sct SCO,"FW,DF",Southampton,30,1994,3.4,0,0,0.0,0.1,1,1,77,103,74.76,6,2,1,1,,,,,,,,,,,,,,,,,,,,,,,,,,,,False,30.0
ryan gravenberch,nl NED,MF,Liverpool,22,2002,35.1,0,4,1.1,3.1,20,5,1718,1927,89.15,69,35,35,60,,,,,,,,,,,,,,,,,,,,,,,,,,,,False,22.0
ryan manning,ie IRL,"DF,MF",Southampton,28,1996,16.2,0,1,0.3,3.2,8,1,619,803,77.09,28,17,20,17,,,,,,,,,,,,,,,,,,,,,,,,,,,,False,28.0
ryan sessegnon,eng ENG,"FW,DF",Fulham,24,2000,6.4,4,2,1.6,1.1,14,8,189,241,78.42,27,13,13,3,,,,,,,,,,,,,,,,,,,,,,,,,,,,False,24.0
ryan trevitt,eng ENG,MF,Brentford,21,2003,0.0,0,0,0.0,0.0,0,0,4,7,57.14,1,1,0,0,,,,,,,,,,,,,,,,,,,,,,,,,,,,False,21.0
ryan yates,eng ENG,MF,Nott'ham Forest,26,1997,21.3,2,1,2.3,1.2,33,9,618,758,81.53,42,21,38,26,,,,,,,,,,,,,,,,,,,,,,,,,,,,False,26.0
sam johnstone,eng ENG,GK,Wolves,31,1993,7.0,0,0,0.0,0.0,0,0,184,278,66.19,0,0,0,0,17.0,2.43,39.0,23.0,61.5,0.0,0.0,2.0,2.0,0.0,0.0,13.0,0.29,-3.0,-0.43,52.0,129.0,40.3,252.0,28.0,45.6,36.6,8.0,7.7,11.0,1.57,13.4,True,31.0
sam morsy,eg EGY,MF,Ipswich Town,32,1991,30.6,1,1,0.4,1.2,13,3,1249,1445,86.44,68,41,34,29,,,,,,,,,,,,,,,,,,,,,,,,,,,,False,32.0
sammie szmodics,ie IRL,"FW,MF",Ipswich Town,28,1995,11.0,4,0,3.4,0.2,21,12,149,201,74.13,16,10,10,6,,,,,,,,,,,,,,,,,,,,,,,,,,,,False,28.0
samuel amo-ameyaw,eng ENG,"FW,DF",Southampton,18,2006,0.3,0,0,0.0,0.1,1,0,8,9,88.89,1,0,0,0,,,,,,,,,,,,,,,,,,,,,,,,,,,,False,18.0
samuel edozie,eng ENG,"DF,FW",Southampton,21,2003,0.7,0,0,0.0,0.1,0,0,25,33,75.76,3,1,0,0,,,,,,,,,,,,,,,,,,,,,,,,,,,,False,21.0
sander berge,no NOR,MF,Fulham,26,1998,24.7,0,0,0.4,0.6,3,1,1091,1193,91.45,50,30,27,21,,,,,,,,,,,,,,,,,,,,,,,,,,,,False,26.0
sandro tonali,it ITA,MF,Newcastle Utd,24,2000,29.2,4,2,4.4,2.2,35,12,1285,1535,83.71,51,32,34,34,,,,,,,,,,,,,,,,,,,,,,,,,,,,False,24.0
santiago bueno,uy URU,DF,Wolves,25,1998,18.7,0,0,0.4,0.0,6,3,741,842,88.0,41,21,36,15,,,,,,,,,,,,,,,,,,,,,,,,,,,,False,25.0
sasa lukic,rs SRB,MF,Fulham,27,1996,26.0,0,2,1.2,2.7,18,2,1100,1260,87.3,68,39,20,28,,,,,,,,,,,,,,,,,,,,,,,,,,,,False,27.0
savio,br BRA,"FW,MF",Manchester City,20,2004,19.6,1,8,5.0,6.9,55,21,692,856,80.84,23,17,14,6,,,,,,,,,,,,,,,,,,,,,,,,,,,,False,20.0
scott mctominay,sct SCO,MF,Manchester Utd,27,1996,0.2,0,0,0.1,0.0,1,0,10,10,100.0,0,0,0,0,,,,,,,,,,,,,,,,,,,,,,,,,,,,False,27.0
seamus coleman,ie IRL,DF,Everton,35,1988,2.4,0,0,0.6,0.0,1,1,74,98,75.51,3,2,5,1,,,,,,,,,,,,,,,,,,,,,,,,,,,,False,35.0
sean longstaff,eng ENG,MF,Newcastle Utd,26,1997,8.9,0,0,0.6,0.2,6,1,295,349,84.53,27,16,17,7,,,,,,,,,,,,,,,,,,,,,,,,,,,,False,26.0
sepp van den berg,nl NED,DF,Brentford,22,2001,28.7,0,0,2.0,0.8,20,6,1092,1278,85.45,39,24,52,21,,,,,,,,,,,,,,,,,,,,,,,,,,,,False,22.0
sergio reguilon,es ESP,DF,Tottenham,27,1996,2.2,0,0,0.1,0.0,2,0,93,136,68.38,4,3,7,4,,,,,,,,,,,,,,,,,,,,,,,,,,,,False,27.0
shumaira mheuka,eng ENG,MF,Chelsea,16,2007,0.0,0,0,0.1,0.0,1,1,0,0,0.0,0,0,0,0,,,,,,,,,,,,,,,,,,,,,,,,,,,,False,16.0
simon adingra,ci CIV,"FW,MF",Brighton,22,2002,12.2,2,2,2.5,2.5,33,8,290,382,75.92,23,14,12,8,,,,,,,,,,,,,,,,,,,,,,,,,,,,False,22.0
solly march,eng ENG,"FW,MF",Brighton,30,1994,1.9,0,0,0.1,0.3,2,0,60,95,63.16,6,3,3,2,,,,,,,,,,,,,,,,,,,,,,,,,,,,False,30.0
son heung-min,kr KOR,FW,Tottenham,32,1992,23.4,7,9,7.2,8.2,55,24,730,925,78.92,17,9,11,5,,,,,,,,,,,,,,,,,,,,,,,,,,,,False,32.0
stefan ortega,de GER,GK,Manchester City,31,1992,12.2,0,0,0.0,0.0,0,0,373,459,81.26,0,0,0,0,18.0,1.47,50.0,33.0,68.0,3.0,25.0,2.0,2.0,0.0,0.0,16.3,0.31,-0.7,-0.06,40.0,104.0,38.5,409.0,55.0,21.5,26.7,6.0,4.5,12.0,0.98,14.3,True,31.0
stephy mavididi,eng ENG,FW,Leicester City,26,1998,17.9,4,1,1.8,2.6,26,7,460,613,75.04,34,19,26,11,,,,,,,,,,,,,,,,,,,,,,,,,,,,False,26.0
sven botman,nl NED,DF,Newcastle Utd,24,2000,4.6,0,0,0.5,0.5,5,2,220,246,89.43,12,9,5,5,,,,,,,,,,,,,,,,,,,,,,,,,,,,False,24.0
taiwo awoniyi,ng NGA,FW,Nott'ham Forest,26,1997,4.6,1,0,2.1,0.1,10,4,61,96,63.54,6,3,1,0,,,,,,,,,,,,,,,,,,,,,,,,,,,,False,26.0
takehiro tomiyasu,jp JPN,DF,Arsenal,25,1998,0.1,0,0,0.2,0.0,1,0,3,4,75.0,0,0,0,0,,,,,,,,,,,,,,,,,,,,,,,,,,,,False,25.0
tariq lamptey,gh GHA,DF,Brighton,23,2000,9.6,2,2,0.4,0.8,6,2,335,413,81.11,17,11,15,7,,,,,,,,,,,,,,,,,,,,,,,,,,,,False,23.0
taylor harwood-bellis,eng ENG,DF,Southampton,22,2002,31.4,1,0,1.8,1.0,20,8,1892,2164,87.43,28,20,65,30,,,,,,,,,,,,,,,,,,,,,,,,,,,,False,22.0
thiago,br BRA,"FW,MF",Brentford,23,2001,1.9,0,0,0.1,0.1,2,0,40,56,71.43,5,3,3,2,,,,,,,,,,,,,,,,,,,,,,,,,,,,False,23.0
thomas partey,gh GHA,"MF,DF",Arsenal,31,1993,31.1,4,2,2.3,2.1,26,9,1678,1920,87.4,89,53,29,35,,,,,,,,,,,,,,,,,,,,,,,,,,,,False,31.0
tim iroegbunam,eng ENG,MF,Everton,21,2003,6.4,0,1,0.2,0.2,5,0,115,158,72.78,29,14,18,16,,,,,,,,,,,,,,,,,,,,,,,,,,,,False,21.0
timo werner,de GER,"FW,MF",Tottenham,28,1996,5.7,0,3,1.0,2.5,8,3,158,236,66.95,6,4,10,1,,,,,,,,,,,,,,,,,,,,,,,,,,,,False,28.0
timothy castagne,be BEL,DF,Fulham,28,1995,18.3,0,1,0.4,1.2,8,3,780,953,81.85,46,29,15,22,,,,,,,,,,,,,,,,,,,,,,,,,,,,False,28.0
toby collyer,eng ENG,MF,Manchester Utd,20,2004,2.0,0,0,0.2,0.3,1,0,76,92,82.61,12,9,2,2,,,,,,,,,,,,,,,,,,,,,,,,,,,,False,20.0
tom cairney,sct SCO,MF,Fulham,33,1991,7.0,2,0,0.8,1.1,11,4,569,627,90.75,13,5,7,4,,,,,,,,,,,,,,,,,,,,,,,,,,,,False,33.0
tom king,wls WAL,GK,Wolves,29,1995,0.0,0,0,0.0,0.0,0,0,0,1,0.0,0,0,0,0,0.0,0.0,0.0,0.0,0.0,0.0,0.0,0.0,0.0,0.0,0.0,0.0,0.0,0.0,0.0,0.0,0.0,0.0,1.0,1.0,0.0,14.0,0.0,0.0,0.0,0.0,0.0,True,29.0
tomas soucek,cz CZE,MF,West Ham,29,1995,28.5,9,1,6.7,1.0,55,17,715,969,73.79,46,21,41,20,,,,,,,,,,,,,,,,,,,,,,,,,,,,False,29.0
tommy doyle,eng ENG,MF,Wolves,22,2001,5.4,0,1,0.6,0.5,9,2,321,392,81.89,11,6,11,5,,,,,,,,,,,,,,,,,,,,,,,,,,,,False,22.0
tosin adarabioyo,eng ENG,DF,Chelsea,26,1997,15.7,1,1,0.9,0.2,13,2,1079,1184,91.13,17,13,9,11,,,,,,,,,,,,,,,,,,,,,,,,,,,,False,26.0
toti gomes,pt POR,DF,Wolves,25,1999,29.0,0,1,0.7,0.9,7,2,1473,1714,85.94,61,43,29,25,,,,,,,,,,,,,,,,,,,,,,,,,,,,False,25.0
trent alexander-arnold,eng ENG,DF,Liverpool,25,1998,26.3,3,6,1.9,7.3,45,8,1448,1971,73.47,72,50,26,31,,,,,,,,,,,,,,,,,,,,,,,,,,,,False,25.0
trevoh chalobah,eng ENG,DF,Crystal Palace,25,1999,11.8,3,0,1.2,0.4,11,4,349,442,78.96,20,16,19,19,,,,,,,,,,,,,,,,,,,,,,,,,,,,False,25.0
tyler adams,us USA,MF,Bournemouth,25,1999,21.8,0,3,1.6,1.0,9,2,902,1069,84.38,83,50,33,32,,,,,,,,,,,,,,,,,,,,,,,,,,,,False,25.0
tyler dibling,eng ENG,"FW,MF",Southampton,18,2006,20.8,2,0,2.5,1.5,28,9,504,620,81.29,34,20,19,8,,,,,,,,,,,,,,,,,,,,,,,,,,,,False,18.0
tyler fredricson,eng ENG,DF,Manchester Utd,19,2005,1.8,0,0,0.0,0.0,0,0,110,122,90.16,5,3,2,1,,,,,,,,,,,,,,,,,,,,,,,,,,,,False,19.0
tyrell malacia,nl NED,DF,Manchester Utd,24,1999,1.1,0,0,0.0,0.0,0,0,49,55,89.09,2,1,0,1,,,,,,,,,,,,,,,,,,,,,,,,,,,,False,24.0
tyrick mitchell,eng ENG,DF,Crystal Palace,24,1999,34.4,0,5,1.3,6.4,12,3,976,1355,72.03,91,55,68,19,,,,,,,,,,,,,,,,,,,,,,,,,,,,False,24.0
tyrique george,eng ENG,FW,Chelsea,18,2006,2.0,1,1,0.2,0.7,3,1,43,54,79.63,2,0,1,2,,,,,,,,,,,,,,,,,,,,,,,,,,,,False,18.0
tyrone mings,eng ENG,DF,Aston Villa,31,1993,12.4,0,0,0.8,0.2,9,1,596,676,88.17,7,6,13,7,,,,,,,,,,,,,,,,,,,,,,,,,,,,False,31.0
ukasz fabianski,pl POL,GK,West Ham,39,1985,12.9,0,0,0.0,0.0,0,0,332,495,67.07,0,0,0,0,21.0,1.63,71.0,50.0,74.6,2.0,15.4,3.0,3.0,0.0,0.0,22.6,0.29,1.6,0.12,77.0,226.0,34.1,394.0,55.0,41.9,35.5,10.0,4.5,12.0,0.93,13.1,True,39.0
valentino livramento,eng ENG,DF,Newcastle Utd,21,2002,31.6,0,1,0.3,2.6,6,2,1403,1643,85.39,54,36,37,23,,,,,,,,,,,,,,,,,,,,,,,,,,,,False,21.0
victor bernth kristiansen,dk DEN,DF,Leicester City,21,2002,27.6,0,1,0.3,1.4,3,0,1023,1321,77.44,87,51,38,42,,,,,,,,,,,,,,,,,,,,,,,,,,,,False,21.0
victor lindelof,se SWE,DF,Manchester Utd,30,1994,7.8,0,0,0.0,0.1,0,0,362,386,93.78,7,2,6,8,,,,,,,,,,,,,,,,,,,,,,,,,,,,False,30.0
virgil van dijk,nl NED,DF,Liverpool,33,1991,37.0,3,1,2.2,0.7,27,8,2687,2934,91.58,38,20,27,56,,,,,,,,,,,,,,,,,,,,,,,,,,,,False,33.0
vitaliy mykolenko,ua UKR,DF,Everton,25,1999,34.2,1,2,0.5,2.6,14,1,986,1322,74.58,63,38,25,44,,,,,,,,,,,,,,,,,,,,,,,,,,,,False,25.0
vitaly janelt,de GER,MF,Brentford,26,1998,25.0,1,3,0.8,2.2,14,4,872,1057,82.5,38,22,33,27,,,,,,,,,,,,,,,,,,,,,,,,,,,,False,26.0
vitezslav jaros,cz CZE,GK,Liverpool,23,2001,0.1,0,0,0.0,0.0,0,0,6,8,75.0,0,0,0,0,0.0,0.0,1.0,1.0,100.0,1.0,0.0,0.0,0.0,0.0,0.0,0.0,0.03,0.0,0.25,5.0,7.0,71.4,7.0,2.0,85.7,50.9,0.0,0.0,0.0,0.0,11.0,True,23.0
vitor reis,br BRA,DF,Manchester City,18,2006,0.0,0,0,0.0,0.0,0,0,2,2,100.0,0,0,0,0,,,,,,,,,,,,,,,,,,,,,,,,,,,,False,18.0
vladimir coufal,cz CZE,DF,West Ham,31,1992,11.9,0,0,0.3,0.7,7,2,470,598,78.6,22,15,13,8,,,,,,,,,,,,,,,,,,,,,,,,,,,,False,31.0
wataru endo,jp JPN,"MF,DF",Liverpool,31,1993,3.0,0,0,0.0,0.1,0,0,182,194,93.81,12,8,8,6,,,,,,,,,,,,,,,,,,,,,,,,,,,,False,31.0
welington,br BRA,DF,Southampton,23,2001,5.4,0,0,0.0,0.1,3,0,145,186,77.96,21,9,5,7,,,,,,,,,,,,,,,,,,,,,,,,,,,,False,23.0
wes burns,wls WAL,"FW,DF",Ipswich Town,29,1994,10.3,0,1,0.5,1.6,7,1,153,253,60.47,13,11,7,10,,,,,,,,,,,,,,,,,,,,,,,,,,,,False,29.0
wesley fofana,fr FRA,DF,Chelsea,23,2000,13.0,0,0,0.4,0.4,3,0,724,803,90.16,13,12,14,14,,,,,,,,,,,,,,,,,,,,,,,,,,,,False,23.0
wilfred ndidi,ng NGA,MF,Leicester City,27,1996,25.8,0,5,2.0,1.9,22,8,839,1045,80.29,85,51,47,31,,,,,,,,,,,,,,,,,,,,,,,,,,,,False,27.0
will alves,eng ENG,FW,Leicester City,19,2005,0.0,0,0,0.0,0.0,0,0,1,1,100.0,0,0,0,0,,,,,,,,,,,,,,,,,,,,,,,,,,,,False,19.0
will hughes,eng ENG,MF,Crystal Palace,29,1995,23.4,0,3,1.1,3.1,22,1,737,970,75.98,66,36,31,22,,,,,,,,,,,,,,,,,,,,,,,,,,,,False,29.0
will lankshear,eng ENG,"FW,MF",Tottenham,19,2005,0.1,0,0,0.0,0.0,0,0,0,1,0.0,0,0,0,0,,,,,,,,,,,,,,,,,,,,,,,,,,,,False,19.0
william osula,dk DEN,FW,Newcastle Utd,20,2003,1.5,1,0,0.2,0.1,4,1,18,29,62.07,2,0,0,4,,,,,,,,,,,,,,,,,,,,,,,,,,,,False,20.0
william saliba,fr FRA,DF,Arsenal,23,2001,33.8,2,0,2.3,0.9,6,2,2413,2559,94.29,62,37,25,21,,,,,,,,,,,,,,,,,,,,,,,,,,,,False,23.0
william smallbone,ie IRL,MF,Southampton,24,2000,7.7,1,0,0.6,0.7,7,1,270,356,75.84,20,13,8,2,,,,,,,,,,,,,,,,,,,,,,,,,,,,False,24.0
willian,br BRA,"FW,MF",Fulham,35,1988,2.9,0,0,0.3,0.5,7,0,178,208,85.58,4,2,0,1,,,,,,,,,,,,,,,,,,,,,,,,,,,,False,35.0
willy boly,ci CIV,DF,Nott'ham Forest,33,1991,1.7,0,0,0.1,0.0,1,1,55,70,78.57,6,1,4,3,,,,,,,,,,,,,,,,,,,,,,,,,,,,False,33.0
wilson odobert,fr FRA,"FW,MF",Tottenham,19,2004,9.4,1,0,1.6,1.0,13,4,212,274,77.37,14,5,6,4,,,,,,,,,,,,,,,,,,,,,,,,,,,,False,19.0
wout faes,be BEL,DF,Leicester City,26,1998,31.3,1,0,1.5,0.1,12,1,1376,1564,87.98,42,26,48,26,,,,,,,,,,,,,,,,,,,,,,,,,,,,False,26.0
woyo coulibaly,ml MLI,DF,Leicester City,25,1999,1.2,0,0,0.0,0.0,2,1,48,57,84.21,6,4,3,5,,,,,,,,,,,,,,,,,,,,,,,,,,,,False,25.0
yankuba minteh,gm GAM,"FW,MF",Brighton,20,2004,20.4,6,4,4.1,5.0,34,16,348,557,62.48,48,35,22,11,,,,,,,,,,,,,,,,,,,,,,,,,,,,False,20.0
yasin ayari,se SWE,MF,Brighton,20,2003,21.8,2,1,2.4,2.3,28,8,793,973,81.5,59,32,24,20,,,,,,,,,,,,,,,,,,,,,,,,,,,,False,20.0
yehor yarmoliuk,ua UKR,MF,Brentford,20,2004,16.1,0,0,0.6,0.9,9,2,661,760,86.97,49,28,26,13,,,,,,,,,,,,,,,,,,,,,,,,,,,,False,20.0
yerson mosquera,co COL,DF,Wolves,23,2001,4.9,0,0,0.3,0.1,2,0,205,240,85.42,11,7,13,10,,,,,,,,,,,,,,,,,,,,,,,,,,,,False,23.0
yoane wissa,cd COD,FW,Brentford,27,1996,32.4,19,4,18.5,2.6,90,41,450,588,76.53,22,12,29,8,,,,,,,,,,,,,,,,,,,,,,,,,,,,False,27.0
youri tielemans,be BEL,MF,Aston Villa,27,1997,33.6,3,7,3.3,7.0,40,12,1694,2061,82.19,84,58,38,23,,,,,,,,,,,,,,,,,,,,,,,,,,,,False,27.0
youssef chermiti,pt POR,"FW,MF",Everton,20,2004,0.5,0,0,0.1,0.0,3,1,6,11,54.55,0,0,0,0,,,,,,,,,,,,,,,,,,,,,,,,,,,,False,20.0
yukinari sugawara,jp JPN,"DF,MF",Southampton,24,2000,17.3,1,1,0.5,2.2,14,5,713,891,80.02,31,18,21,11,,,,,,,,,,,,,,,,,,,,,,,,,,,,False,24.0
yunus emre konak,tr TUR,"FW,MF",Brentford,18,2006,0.5,0,0,0.2,0.0,1,0,26,36,72.22,4,4,2,0,,,,,,,,,,,,,,,,,,,,,,,,,,,,False,18.0
yves bissouma,ml MLI,MF,Tottenham,27,1996,15.6,2,0,0.6,0.3,11,4,755,852,88.62,49,31,11,18,,,,,,,,,,,,,,,,,,,,,,,,,,,,False,27.0
zain silcott-duberry,ms MSR,FW,Bournemouth,19,2005,0.0,0,0,0.0,0.0,0,0,1,2,50.0,1,1,0,0,,,,,,,,,,,,,,,,,,,,,,,,,,,,False,19.0
