Player,Nation,Pos,Squad,Age,Born,MatchesPlayed,Gls,Ast,xG,xAG,Shots,SoT,PassCmp,PassAtt,PassCmpPct,Tkl,TklW,Blocks,Int,AgeYears
aaron anselmino,ar ARG,DF,Boca Juniors,18,2005,9.7,0,3,0.0,1.8,0,0,455,527,86.34,26,17,18,19,18.0
aaron nicolas molinas,ar ARG,"MF,FW",Defensa y Just,23,2000,17.4,5,4,4.2,2.5,36,21,657,848,77.48,21,11,19,9,23.0
aaron quiros,ar ARG,DF,Banfield,22,2001,5.0,0,0,0.1,0.0,2,1,128,182,70.33,3,2,5,3,22.0
abiel osorio,ar ARG,FW,Defensa y Just,21,2002,10.7,4,0,3.6,0.8,30,11,171,220,77.73,8,6,6,0,21.0
adam bareiro,py PAR,FW,San Lorenzo,27,1996,2.5,0,0,0.6,0.3,3,1,30,43,69.77,1,0,0,0,27.0
adrian balboa,uy URU,FW,Unión,30,1994,23.4,5,2,6.6,1.8,66,19,257,403,63.77,22,16,20,9,30.0
adrian guillermo sanchez,ar ARG,MF,Atlé Tucumán,24,1999,24.9,0,0,0.5,1.2,14,1,933,1193,78.21,77,42,42,29,24.0
adrian martinez,ar ARG,FW,Racing Club,31,1992,15.9,7,3,9.2,2.1,48,19,145,233,62.23,11,7,6,4,31.0
adrian sporle,ar ARG,DF,Independiente,28,1995,12.1,0,0,0.3,0.8,6,4,449,637,70.49,26,18,12,14,28.0
agustin almendra,ar ARG,MF,Racing Club,23,2000,13.5,2,2,1.3,0.9,22,8,486,621,78.26,49,29,20,12,23.0
agustin baldi,ar ARG,DF,Belgrano,21,2002,5.8,0,0,0.1,0.1,3,0,214,280,76.43,7,4,4,4,21.0
agustin bolivar,ar ARG,MF,Gimnasia–LP,28,1996,2.3,0,0,0.0,0.0,2,0,66,82,80.49,10,4,6,3,28.0
agustin bouzat,ar ARG,"MF,DF",Vélez Sarsfield,29,1994,23.8,0,0,0.3,0.7,12,2,758,1069,70.91,73,41,38,45,29.0
agustin cardozo,ar ARG,MF,Tigre,26,1997,23.9,1,1,1.1,0.8,9,2,1171,1339,87.45,39,23,21,15,26.0
agustin fontana,ar ARG,FW,Sarmiento,27,1996,2.5,1,0,1.9,0.3,7,4,26,46,56.52,1,1,1,1,27.0
agustin garcia basso,ar ARG,DF,Racing Club,31,1992,9.3,1,0,0.4,0.1,5,2,462,555,83.24,6,4,11,13,31.0
agustin giay,ar ARG,DF,San Lorenzo,20,2004,3.0,1,0,0.8,0.1,6,1,93,122,76.23,3,2,1,0,20.0
agustin irazoque,ar ARG,DF,Barracas Central,24,1999,0.1,0,0,0.0,0.0,0,0,0,1,0.0,0,0,0,1,24.0
agustin juarez,ar ARG,"FW,MF",Newell's OB,18,2005,0.6,1,0,0.4,0.0,1,1,7,11,63.64,0,0,0,0,18.0
agustin lagos,ar ARG,DF,Atlé Tucumán,22,2001,4.6,0,0,0.1,0.2,6,2,146,214,68.22,27,17,6,9,22.0
agustin martegani,ar ARG,MF,Boca Juniors,23,2000,3.8,0,0,0.0,0.3,2,1,116,151,76.82,10,8,3,5,23.0
agustin modica,ar ARG,FW,Rosario Central,21,2003,6.0,3,0,2.0,0.5,13,7,81,114,71.05,8,4,5,3,21.0
agustin morales,ar ARG,"FW,DF",Cen. Córdoba–SdE,24,1999,0.9,0,0,0.3,0.0,6,0,27,36,75.0,0,0,0,0,24.0
agustin mulet,ar ARG,MF,Ind. Rivadavia,23,2000,3.5,0,0,0.0,0.1,0,0,67,95,70.53,10,8,6,6,23.0
agustin obando,ar ARG,"MF,FW",Banfield,23,2000,2.9,0,0,0.3,0.5,6,2,58,94,61.7,7,5,3,3,23.0
agustin palavecino,ar ARG,MF,River Plate,27,1996,0.3,0,0,0.0,0.0,0,0,32,36,88.89,2,1,0,0,27.0
agustin quiroga,ar ARG,DF,Platense,21,2002,2.8,0,1,0.1,0.6,3,1,57,93,61.29,6,3,7,2,21.0
agustin rodriguez,ar ARG,"FW,MF",Lanús,19,2004,2.1,1,0,1.4,0.2,5,2,37,63,58.73,7,3,2,2,19.0
agustin ruberto,ar ARG,"FW,MF",River Plate,18,2006,1.5,0,0,0.3,0.0,3,0,15,21,71.43,1,1,0,0,18.0
agustin sandez,py PAR,DF,Rosario Central,23,2001,16.5,1,0,0.8,0.5,11,3,573,774,74.03,39,29,22,22,23.0
agustin sant'anna,uy URU,DF,River Plate,26,1997,3.8,0,1,0.1,0.7,4,3,168,229,73.36,10,8,3,3,26.0
agustin toledo,ar ARG,MF,Huracán,23,2000,2.0,0,0,0.0,0.0,1,0,63,80,78.75,9,6,1,3,23.0
agustin urzi,ar ARG,"MF,FW",Racing Club,23,2000,6.8,0,0,1.0,1.9,13,6,143,223,64.13,7,3,7,2,23.0
agustin villalobos,ar ARG,MF,Godoy Cruz,20,2003,0.3,0,0,0.0,0.0,1,1,11,15,73.33,0,0,1,1,20.0
alan aguerre,ar ARG,GK,Lanús,33,1990,10.0,0,0,0.0,0.0,0,0,176,299,58.86,0,0,1,0,33.0
alan barrionuevo,ar ARG,DF,Deportivo Riestra,27,1997,24.0,2,1,0.9,0.8,22,9,289,521,55.47,35,21,33,23,27.0
alan cantero,ar ARG,MF,Barracas Central,25,1998,9.4,1,1,1.2,0.7,17,3,122,172,70.93,9,5,9,0,25.0
alan lescano,ar ARG,"MF,FW",Arg Juniors,22,2001,20.9,5,2,4.5,2.7,39,13,723,894,80.87,33,17,27,21,22.0
alan rodriguez,py PAR,"DF,MF",Rosario Central,23,2000,10.6,1,0,0.2,0.4,8,2,459,646,71.05,16,10,8,17,23.0
alan sonora,us USA,"MF,FW",Huracán,25,1998,3.5,1,0,0.6,0.5,7,3,126,174,72.41,4,3,5,1,25.0
alan sosa,ar ARG,GK,Tigre,27,1996,2.6,0,0,0.0,0.0,0,0,66,79,83.54,0,0,0,0,27.0
alejandro maciel,ar ARG,DF,Banfield,26,1997,15.2,1,0,0.3,0.1,10,1,403,597,67.5,27,19,27,20,26.0
alejandro martinez,ar ARG,FW,Talleres,26,1997,11.1,2,0,1.8,2.2,28,5,216,334,64.67,14,9,13,8,26.0
alejandro rebola,ar ARG,DF,Belgrano,35,1988,16.1,0,0,0.5,0.1,11,2,604,751,80.43,22,11,16,21,35.0
alejo sarco,ar ARG,"FW,MF",Vélez Sarsfield,18,2006,0.9,0,0,0.2,0.0,2,0,13,17,76.47,1,0,0,0,18.0
alex juarez,ar ARG,"MF,FW",Barracas Central,19,2004,2.8,0,0,0.5,0.5,8,3,70,105,66.67,3,3,5,1,19.0
alex luna,ar ARG,"FW,MF",Independiente,19,2004,7.2,1,0,1.4,0.8,17,6,140,204,68.63,15,6,9,5,19.0
alex vigo,ar ARG,DF,Talleres,24,1999,4.1,0,0,0.1,0.2,3,1,175,238,73.53,8,8,8,9,24.0
alexander diaz,ar ARG,"MF,FW",Deportivo Riestra,24,2000,5.7,2,0,1.4,0.8,9,4,63,107,58.88,14,11,6,3,24.0
alexis canelo,ar ARG,"FW,MF",Independiente,31,1992,3.2,1,0,0.4,0.2,4,3,70,105,66.67,7,4,3,0,31.0
alexis cuello,ar ARG,FW,San Lorenzo,23,2000,19.8,4,0,4.3,0.9,41,16,236,394,59.9,32,25,18,4,23.0
alexis dominguez,ar ARG,"FW,MF",Barracas Central,27,1996,8.3,1,2,1.1,0.4,11,2,111,180,61.67,5,2,4,0,27.0
alexis maldonado,ar ARG,DF,Banfield,26,1997,10.6,0,0,0.1,0.1,1,0,252,347,72.62,15,10,11,6,26.0
alexis manyoma,co COL,"FW,MF",Estudiantes–LP,21,2003,11.1,3,6,2.5,3.0,18,7,312,420,74.29,16,6,14,6,21.0
alexis segovia,ar ARG,"MF,FW",Cen. Córdoba–SdE,19,2004,6.1,0,1,0.2,0.7,8,2,152,192,79.17,4,2,3,2,19.0
alexis soto,ar ARG,DF,Defensa y Just,30,1993,16.6,0,2,0.6,2.4,12,3,677,935,72.41,35,22,18,26,30.0
alvaro dionisio,ar ARG,DF,Ind. Rivadavia,25,1998,0.7,0,0,0.4,0.0,2,1,22,26,84.62,0,0,0,1,25.0
alvaro montoro,ar ARG,"MF,FW",Vélez Sarsfield,16,2007,0.9,0,0,0.0,0.0,0,0,29,42,69.05,1,1,2,0,16.0
andres berizovsky,ar ARG,DF,Defensa y Just,19,2004,0.6,0,0,0.0,0.0,0,0,16,18,88.89,2,2,0,2,19.0
andres roa,co COL,FW,Huracán,30,1993,0.2,0,0,0.0,0.0,0,0,2,4,50.0,1,1,0,0,30.0
andres vombergar,si SVN,"FW,MF",San Lorenzo,29,1994,7.0,1,1,1.7,0.5,15,2,98,169,57.99,5,5,6,3,29.0
angelo marchese,ar ARG,DF,Tigre,19,2004,4.2,0,0,0.0,0.0,2,0,166,226,73.45,10,6,5,2,19.0
angelo martino,ar ARG,DF,Newell's OB,25,1998,18.2,0,1,0.5,0.7,19,6,576,849,67.84,38,26,18,28,25.0
anibal leguizamon,ar ARG,DF,Belgrano,32,1992,13.6,1,0,0.3,0.2,7,1,371,486,76.34,22,12,14,18,32.0
antonio napolitano,ar ARG,"DF,MF",Ind. Rivadavia,24,1999,1.3,0,1,0.0,0.2,0,0,33,51,64.71,3,2,2,4,24.0
antony alonso,ar ARG,FW,Deportivo Riestra,25,1998,7.8,3,0,1.9,0.7,10,5,74,151,49.01,11,9,11,2,25.0
ariel gamarra,py PAR,MF,Arg Juniors,20,2003,10.7,0,2,0.2,0.9,6,1,405,512,79.1,30,21,17,16,20.0
ariel rojas,ar ARG,MF,Belgrano,38,1986,0.2,0,0,0.0,0.0,0,0,2,5,40.0,0,0,0,0,38.0
armando mendez,uy URU,DF,Newell's OB,27,1996,15.9,1,1,2.0,1.7,9,2,370,545,67.89,37,30,19,7,27.0
augusto lotti,it ITA,"FW,MF",Lanús,27,1996,2.1,0,0,0.2,0.2,2,0,26,47,55.32,3,1,3,1,27.0
augusto max,ar ARG,MF,Gimnasia–LP,31,1992,6.2,0,0,0.2,0.3,4,2,191,223,85.65,33,23,6,7,31.0
augusto schott,ar ARG,DF,Newell's OB,24,2000,11.1,0,0,1.1,0.4,12,6,357,513,69.59,20,13,10,18,24.0
augusto solari,ar ARG,"FW,MF",Rosario Central,32,1992,3.7,0,0,0.4,0.1,3,1,72,107,67.29,11,6,3,3,32.0
axel atum,ar ARG,"FW,MF",Estudiantes–LP,18,2006,0.1,0,0,0.0,0.0,0,0,2,3,66.67,3,2,0,0,18.0
axel werner,ar ARG,GK,Rosario Central,27,1996,3.0,0,0,0.0,0.0,0,0,52,91,57.14,0,0,0,0,27.0
ayrton portillo,ar ARG,"MF,DF",Defensa y Just,23,2000,3.8,0,0,0.2,1.1,4,1,66,104,63.46,5,2,4,6,23.0
baltasar rodriguez,ar ARG,"MF,FW",Racing Club,20,2003,9.6,0,1,1.4,1.3,19,6,320,416,76.92,33,18,18,3,20.0
bautista barros schelotto,ar ARG,DF,Platense,24,2000,15.3,0,3,0.1,1.2,3,0,289,503,57.46,42,30,20,16,24.0
bautista kociubinski,ar ARG,"MF,DF",Estudiantes–LP,22,2001,3.7,0,0,0.1,0.4,4,0,176,222,79.28,9,6,10,12,22.0
benjamin bosch,ar ARG,"DF,FW",Vélez Sarsfield,18,2005,0.0,0,0,0.0,0.0,0,0,5,5,100.0,0,0,0,0,18.0
benjamin dominguez,ar ARG,FW,Gimnasia–LP,20,2003,10.7,2,1,2.1,1.9,28,14,182,265,68.68,10,7,10,4,20.0
benjamin schamine,ar ARG,MF,Defensa y Just,20,2003,5.4,2,0,1.3,0.2,8,3,161,203,79.31,13,7,16,9,20.0
bernardo benitez,py PAR,"MF,FW",Tigre,21,2002,4.0,0,2,0.6,2.1,6,3,123,179,68.72,3,2,1,2,21.0
blas armoa,py PAR,"FW,MF",Tigre,23,2000,15.2,3,1,3.8,2.1,27,11,186,266,69.92,12,9,6,7,23.0
blas riveros,py PAR,"DF,FW",Talleres,25,1998,8.8,0,2,0.3,1.0,9,3,293,378,77.51,8,4,5,7,25.0
braian aguirre,ar ARG,DF,Lanús,23,2000,6.2,0,0,0.2,0.1,8,1,180,268,67.16,16,8,13,11,23.0
braian galvan,ar ARG,"FW,MF",Banfield,23,2000,9.2,0,1,0.2,0.3,7,2,197,302,65.23,12,10,12,8,23.0
braian rivero,ar ARG,"MF,FW",Platense,27,1996,1.3,0,0,0.2,0.1,2,1,34,45,75.56,3,1,1,1,27.0
braian romero,ar ARG,FW,Vélez Sarsfield,32,1991,24.6,12,4,12.4,2.7,66,31,267,387,68.99,16,7,14,2,32.0
brandon oviedo,ar ARG,DF,Banfield,19,2005,2.7,0,0,0.0,0.0,0,0,61,72,84.72,7,5,3,2,19.0
brian aguirre,ar ARG,"FW,MF",Boca Juniors,20,2003,9.9,2,1,1.7,2.0,16,7,197,309,63.75,15,8,4,2,20.0
brian alexis leizza,ar ARG,DF,Tigre,23,2000,11.2,0,0,0.2,0.0,2,1,436,570,76.49,14,10,14,15,23.0
brian calderara,ar ARG,DF,Newell's OB,25,1998,2.9,0,0,0.1,0.6,2,1,82,123,66.67,2,1,3,0,25.0
brian cuello,ar ARG,"MF,FW",Instituto,26,1997,2.8,0,0,0.3,0.2,5,1,63,93,67.74,5,3,11,4,26.0
brian luciatti,ar ARG,DF,Lanús,30,1993,10.6,0,0,0.3,0.0,4,1,340,410,82.93,12,6,6,15,30.0
brian salvareschi,ar ARG,DF,Godoy Cruz,24,1999,0.5,0,0,0.0,0.0,0,0,14,18,77.78,0,0,0,0,24.0
brian sanchez,ar ARG,MF,Deportivo Riestra,30,1993,12.4,3,2,2.2,1.7,15,3,212,320,66.25,34,23,21,9,30.0
bruno barticciotto,cl CHI,"FW,MF",Talleres,22,2001,11.2,7,2,2.3,1.5,30,11,260,337,77.15,13,8,11,5,22.0
bruno bianchi,ar ARG,DF,Ind. Rivadavia,34,1989,11.1,0,0,0.1,0.0,1,0,282,390,72.31,20,15,12,15,34.0
bruno cabrera,ar ARG,"FW,MF",Lanús,20,2003,1.7,0,0,0.2,0.1,3,1,24,36,66.67,2,2,4,1,20.0
bruno leyes,ar ARG,MF,Godoy Cruz,22,2001,19.6,0,0,0.3,0.4,14,2,682,873,78.12,37,28,16,40,22.0
bruno pitton,ar ARG,DF,Unión,30,1993,14.6,1,0,2.2,2.0,16,7,371,587,63.2,39,23,18,16,30.0
bruno sepulveda,ar ARG,FW,Banfield,31,1992,13.0,6,1,4.7,1.3,29,11,146,214,68.22,7,5,10,3,31.0
bruno zuculini,ar ARG,MF,Racing Club,30,1993,12.1,0,1,0.9,0.5,7,2,415,499,83.17,29,16,19,18,30.0
bryan cabezas,ec ECU,"FW,DF",Sarmiento,26,1997,0.5,0,0,0.0,0.0,0,0,5,12,41.67,1,1,0,0,26.0
bryan reyna,pe PER,"FW,MF",Belgrano,25,1998,9.4,3,4,1.8,2.5,9,4,160,221,72.4,10,7,7,3,25.0
camilo viganoni,ar ARG,FW,Tigre,20,2003,2.5,0,0,0.8,0.3,6,0,25,46,54.35,3,1,3,1,20.0
carlos arce,ar ARG,MF,Barracas Central,33,1990,0.5,0,0,0.0,0.0,0,0,31,37,83.78,0,0,1,1,33.0
carlos izquierdoz,ar ARG,DF,Lanús,35,1988,19.6,0,0,0.5,0.1,7,2,711,878,80.98,36,26,22,32,35.0
carlos quintana,ar ARG,DF,Rosario Central,35,1988,10.6,2,0,0.5,0.9,7,2,211,317,66.56,23,15,13,17,35.0
carlos sanchez,co COL,DF,Barracas Central,37,1986,11.0,0,0,0.3,0.1,4,1,223,292,76.37,6,4,5,5,37.0
carlos villalba,ar ARG,MF,Platense,25,1998,9.1,0,1,0.2,0.6,3,3,220,298,73.83,35,17,18,19,25.0
cesar ibanez,ar ARG,DF,Huracán,24,1999,11.7,0,1,0.1,0.7,3,0,364,565,64.42,42,31,15,23,24.0
cesar perez,cl CHI,"MF,FW",Defensa y Just,21,2002,10.0,0,0,0.7,0.6,15,1,483,577,83.71,20,10,17,10,21.0
christian ordonez,ar ARG,MF,Vélez Sarsfield,19,2004,22.3,0,3,1.2,2.4,16,1,562,724,77.62,53,30,43,17,19.0
claudio aquino,ar ARG,MF,Vélez Sarsfield,32,1991,23.5,9,4,6.8,6.0,70,22,968,1475,65.63,21,14,25,6,32.0
claudio corvalan,ar ARG,DF,Unión,34,1989,22.6,0,1,2.6,0.8,26,4,961,1295,74.21,37,24,14,36,34.0
claudio echeverri,ar ARG,"MF,FW",River Plate,18,2006,12.9,2,3,3.8,3.2,39,11,499,647,77.13,18,13,10,3,18.0
claudio valverde,ar ARG,"MF,DF",Godoy Cruz,21,2002,0.6,0,0,0.0,0.0,0,0,7,13,53.85,1,1,1,1,21.0
cristian colman,py PAR,"FW,DF",Gimnasia–LP,29,1994,0.1,0,0,0.0,0.0,0,0,1,2,50.0,0,0,0,0,29.0
cristian ferreira,ar ARG,MF,San Lorenzo,24,1999,3.4,1,0,0.6,0.2,9,5,126,168,75.0,3,2,1,0,24.0
cristian lema,ar ARG,DF,Boca Juniors,33,1990,9.0,1,0,0.4,0.2,10,3,378,485,77.94,18,12,8,14,33.0
cristian medina,ar ARG,MF,Boca Juniors,21,2002,10.7,1,1,0.8,0.9,9,5,406,478,84.94,29,16,15,13,21.0
cristian nunez,py PAR,MF,Banfield,26,1997,16.9,0,0,0.0,0.1,0,0,532,648,82.1,74,53,24,24,26.0
cristian paz,ar ARG,DF,Deportivo Riestra,28,1995,8.1,0,0,0.4,0.0,2,1,61,124,49.19,19,14,10,5,28.0
cristian tarragona,ar ARG,FW,San Lorenzo,32,1991,5.4,1,1,2.1,0.7,17,7,106,144,73.61,9,5,7,0,32.0
cristian torres,ar ARG,"MF,FW",Godoy Cruz,24,1999,0.7,0,0,0.2,0.0,2,0,8,11,72.73,1,1,1,0,24.0
cristian vega,ar ARG,MF,Cen. Córdoba–SdE,30,1993,4.4,0,0,0.1,0.1,6,2,139,181,76.8,19,11,9,3,30.0
cristopher fiermarin,uy URU,GK,Defensa y Just,26,1998,10.0,0,0,0.0,0.0,0,0,304,382,79.58,1,0,0,0,26.0
damian batallini,ar ARG,"MF,DF",Arg Juniors,27,1996,0.3,0,0,0.1,0.1,2,0,13,17,76.47,0,0,0,0,27.0
damian diaz,ec ECU,MF,Banfield,37,1986,3.3,1,1,0.4,0.8,5,3,99,154,64.29,6,4,3,3,37.0
damian fernandez,ar ARG,DF,Vélez Sarsfield,23,2001,6.3,1,0,0.8,0.0,1,1,234,308,75.97,8,5,3,12,23.0
damian martinez,ar ARG,DF,Rosario Central,34,1990,9.5,1,0,0.2,0.3,5,1,308,417,73.86,14,9,11,9,34.0
damian perez,ar ARG,DF,Independiente,35,1988,14.7,0,0,0.1,0.3,4,1,439,647,67.85,26,18,12,16,35.0
damian puebla,ar ARG,"MF,FW",Instituto,21,2002,23.1,5,4,5.3,2.2,40,11,406,613,66.23,40,26,45,12,21.0
daniel barrea,ar ARG,"MF,FW",Godoy Cruz,22,2001,13.9,3,4,1.9,4.5,32,10,201,300,67.0,13,9,14,9,22.0
daniel herrera,ar ARG,"DF,MF",San Lorenzo,19,2004,3.6,0,0,0.1,0.0,2,1,98,137,71.53,7,3,6,8,19.0
daniel juarez,ar ARG,FW,Barracas Central,22,2001,3.3,0,0,0.6,0.3,6,4,72,107,67.29,5,4,4,0,22.0
daniel zabala,ar ARG,DF,River Plate,21,2003,1.6,0,0,0.0,0.0,0,0,43,65,66.15,5,2,2,2,21.0
dante campisi,ar ARG,GK,Unión,27,1996,1.0,0,0,0.0,0.0,0,0,11,17,64.71,0,0,0,0,27.0
dardo miloc,ar ARG,MF,Barracas Central,33,1990,9.4,0,0,0.1,0.1,4,0,261,353,73.94,27,14,16,19,33.0
dario caceres,py PAR,"DF,MF",Defensa y Just,26,1998,4.5,0,0,0.0,0.2,1,0,179,225,79.56,9,7,6,1,26.0
dario sarmiento,ar ARG,"MF,FW",Tigre,20,2003,2.8,0,0,0.2,0.2,3,0,110,142,77.46,4,3,4,2,20.0
david barbona,ar ARG,"MF,FW",Defensa y Just,28,1995,0.4,0,0,0.0,0.0,1,0,17,21,80.95,1,1,0,0,28.0
david gallardo,ar ARG,"MF,DF",Sarmiento,26,1997,1.4,0,0,0.1,0.0,2,1,15,30,50.0,4,2,4,0,26.0
david gonzalez,ar ARG,"MF,FW",Racing Club,20,2003,0.5,0,0,0.1,0.0,3,0,29,36,80.56,0,0,2,0,20.0
david sotelo,ar ARG,MF,Newell's OB,20,2003,0.3,0,0,0.0,0.0,0,0,14,15,93.33,1,1,0,0,20.0
david zalazar,ar ARG,"FW,MF",Gimnasia–LP,21,2002,11.7,1,0,1.6,1.8,34,10,235,420,55.95,17,11,11,12,21.0
dayro pena,0,"FW,MF",Tigre,0,0,0.5,0,0,0.0,0.1,0,0,11,14,78.57,0,0,0,0,0.0
delfor minervino,ar ARG,DF,Deportivo Riestra,27,1996,1.8,0,0,0.1,0.0,3,1,29,52,55.77,4,2,3,1,27.0
diego azcurra,ar ARG,"FW,MF",Sarmiento,25,1998,0.6,0,0,0.0,0.0,0,0,9,17,52.94,1,0,2,0,25.0
diego calcaterra,ar ARG,MF,Sarmiento,22,2001,1.0,0,0,0.1,0.1,1,0,22,33,66.67,1,1,1,1,22.0
diego herazo,co COL,"FW,MF",San Lorenzo,27,1996,1.5,0,0,0.3,0.5,5,0,13,22,59.09,3,1,0,0,27.0
diego matias rodriguez,ar ARG,GK,Arg Juniors,34,1989,27.0,0,0,0.8,0.0,0,0,586,804,72.89,1,1,0,0,34.0
diego ortegoza,cl CHI,MF,Talleres,26,1997,13.7,0,0,0.5,1.0,18,5,615,730,84.25,40,21,25,11,26.0
diego pavia,ar ARG,DF,Barracas Central,18,2005,0.7,0,0,0.0,0.0,0,0,18,32,56.25,1,0,0,0,18.0
diego tarzia,ar ARG,"FW,MF",Independiente,20,2003,10.1,0,0,1.0,1.3,19,5,157,243,64.61,11,9,16,5,20.0
diego tonetto,ar ARG,MF,Ind. Rivadavia,35,1988,6.9,0,1,0.4,0.1,4,1,169,245,68.98,15,11,12,3,35.0
dylan aquino,ar ARG,"FW,MF",Lanús,18,2005,7.2,1,4,1.9,3.6,29,12,164,230,71.3,15,11,14,4,18.0
dylan gorosito,ar ARG,DF,Boca Juniors,17,2006,0.5,0,0,0.0,0.0,0,0,7,12,58.33,1,1,1,0,17.0
edinson cavani,uy URU,FW,Boca Juniors,36,1987,14.4,4,1,6.4,0.8,28,17,186,251,74.1,8,3,5,1,36.0
eduardo salvio,ar ARG,"FW,MF",Lanús,33,1990,14.6,4,1,3.5,1.3,28,12,398,519,76.69,15,6,13,4,33.0
edwuin cetre,co COL,"FW,MF",Estudiantes–LP,26,1998,12.2,3,1,1.8,1.8,25,11,270,409,66.01,10,7,9,5,26.0
elian irala,ar ARG,MF,San Lorenzo,19,2004,17.5,2,0,0.6,0.2,14,3,562,739,76.05,51,36,25,20,19.0
elias baez,ar ARG,DF,San Lorenzo,19,2004,14.4,0,0,0.2,0.2,7,2,466,684,68.13,40,24,15,27,19.0
elias cabrera,ar ARG,"MF,FW",Cen. Córdoba–SdE,20,2003,10.8,0,0,0.6,1.8,16,5,408,557,73.25,28,17,11,11,20.0
elias gomez,ar ARG,DF,Vélez Sarsfield,29,1994,23.3,1,2,0.9,2.4,12,2,871,1167,74.64,49,25,22,17,29.0
elias lopez,ar ARG,DF,Sarmiento,23,2000,22.6,2,2,1.1,2.1,12,4,492,775,63.48,40,23,21,27,23.0
elias ocampo,ar ARG,"DF,FW",Rosario Central,19,2004,1.7,0,0,0.0,0.2,0,0,35,58,60.34,5,5,3,1,19.0
elias pereyra,ar ARG,DF,Godoy Cruz,24,1999,12.5,0,0,0.1,0.2,3,1,352,500,70.4,33,21,12,17,24.0
emanuel aguilera,ar ARG,DF,Defensa y Just,34,1989,20.4,0,0,0.4,0.0,7,1,828,990,83.64,8,3,19,34,34.0
emanuel coronel,ar ARG,DF,Rosario Central,26,1997,15.9,0,0,0.2,1.2,8,3,540,789,68.44,36,27,18,36,26.0
emanuel dall'aglio,ar ARG,DF,Estudiantes–LP,18,2005,0.3,0,0,0.0,0.0,0,0,0,0,0.0,0,0,0,0,18.0
emanuel insua,ar ARG,DF,Banfield,32,1991,12.0,0,0,0.9,0.3,8,3,332,488,68.03,33,20,10,12,32.0
emanuel mammana,ar ARG,DF,Vélez Sarsfield,27,1996,18.0,0,0,0.2,0.0,5,2,654,819,79.85,34,24,24,30,27.0
emanuel rojas,ar ARG,MF,Banfield,18,2005,0.1,0,0,0.0,0.0,0,0,1,2,50.0,0,0,1,0,18.0
emiliano giannunzio,ar ARG,MF,Unión,42,1982,0.0,0,0,0.0,0.0,0,0,1,3,33.33,0,0,0,0,42.0
emiliano mendez,ar ARG,MF,Sarmiento,34,1989,15.5,1,0,0.4,0.2,8,3,318,460,69.13,48,25,16,16,34.0
emiliano saliadarre,ar ARG,FW,Ind. Rivadavia,21,2002,0.1,0,0,0.0,0.0,0,0,5,7,71.43,0,0,0,1,21.0
emiliano viveros,ar ARG,"MF,FW",Arg Juniors,21,2002,9.0,0,2,0.5,0.5,11,2,308,435,70.8,16,8,7,5,21.0
enrique bologna,ar ARG,GK,Defensa y Just,41,1982,17.0,0,0,0.0,0.0,0,0,387,567,68.25,1,0,0,0,41.0
enzo briones,ar ARG,MF,Godoy Cruz,19,2004,0.3,0,0,0.0,0.0,0,0,3,3,100.0,1,1,0,0,19.0
enzo copetti,ar ARG,"FW,MF",Rosario Central,28,1996,15.8,1,2,3.6,1.5,19,7,247,404,61.14,7,5,11,4,28.0
enzo diaz,ar ARG,DF,River Plate,28,1995,9.3,0,0,0.1,0.4,5,2,561,687,81.66,28,22,18,20,28.0
enzo martin roldan,ar ARG,MF,Unión,23,2000,6.9,0,0,0.5,0.2,8,1,209,272,76.84,12,6,9,5,23.0
enzo martinez,uy URU,DF,Gimnasia–LP,25,1998,8.4,0,0,0.0,0.1,3,1,276,406,67.98,28,23,12,18,25.0
enzo perez,ar ARG,MF,Estudiantes–LP,37,1986,20.6,0,0,0.0,0.6,1,0,1086,1240,87.58,43,23,27,45,37.0
eric meza,ar ARG,DF,Estudiantes–LP,24,1999,18.1,1,2,0.4,2.5,13,3,622,882,70.52,40,27,24,16,24.0
eric ramirez,ve VEN,"FW,DF",Tigre,25,1998,5.1,1,1,0.9,0.3,14,5,55,98,56.12,4,3,0,0,25.0
eric remedi,ar ARG,MF,San Lorenzo,28,1995,17.8,0,0,0.5,0.9,12,3,643,801,80.27,51,34,31,14,28.0
erik godoy,ar ARG,DF,Arg Juniors,30,1993,2.0,0,0,0.0,0.0,0,0,74,88,84.09,4,1,2,2,30.0
eros mancuso,ar ARG,DF,Estudiantes–LP,24,1999,6.5,1,1,0.8,1.0,11,5,291,376,77.39,17,13,8,10,24.0
esequiel barco,ar ARG,MF,River Plate,24,1999,4.1,1,0,1.2,0.8,9,5,217,248,87.5,9,6,5,3,24.0
esteban burgos,ar ARG,DF,Ind. Rivadavia,32,1992,8.5,0,0,0.1,0.0,3,2,241,321,75.08,7,5,13,8,32.0
esteban fernandez,ar ARG,MF,Newell's OB,22,2002,0.4,0,0,0.1,0.1,1,0,23,30,76.67,2,2,0,0,22.0
esteban lucero,ar ARG,DF,Defensa y Just,18,2005,1.5,0,0,0.0,0.0,0,0,55,71,77.46,4,3,2,2,18.0
esteban rolon,ar ARG,MF,Belgrano,28,1995,18.1,1,1,0.6,1.2,9,2,499,678,73.6,37,25,18,16,28.0
ever banega,ar ARG,"MF,FW",Newell's OB,35,1988,16.9,2,2,2.4,2.6,14,3,744,983,75.69,31,21,12,2,35.0
exequiel zeballos,ar ARG,"MF,FW",Boca Juniors,21,2002,11.6,1,2,3.3,1.8,28,11,184,286,64.34,8,5,7,3,21.0
ezequiel bonifacio,ar ARG,DF,Banfield,29,1994,5.1,0,0,0.1,0.0,3,0,147,211,69.67,8,5,4,6,29.0
ezequiel canete,ar ARG,MF,Banfield,24,1999,8.7,1,0,1.4,0.2,6,1,269,349,77.08,23,14,12,19,24.0
ezequiel cannavo,ar ARG,DF,Defensa y Just,21,2002,14.0,1,0,2.4,0.3,13,3,331,475,69.68,29,18,18,21,21.0
ezequiel centurion,ar ARG,GK,Ind. Rivadavia,26,1997,22.0,0,0,0.0,0.0,0,0,288,563,51.15,0,0,0,0,26.0
ezequiel cerutti,ar ARG,FW,San Lorenzo,32,1992,11.6,1,2,0.3,1.4,8,2,232,346,67.05,13,9,10,5,32.0
ezequiel fernandez,ar ARG,MF,Boca Juniors,21,2002,4.4,2,1,0.9,0.3,8,4,296,336,88.1,12,8,8,2,21.0
ezequiel forclaz,ar ARG,"MF,FW",Tigre,20,2003,3.2,1,0,0.2,0.5,4,2,112,156,71.79,5,2,1,4,20.0
ezequiel ham,sy SYR,MF,Ind. Rivadavia,29,1994,14.2,1,2,2.7,1.4,19,3,464,600,77.33,9,6,21,6,29.0
ezequiel munoz,ar ARG,DF,Lanús,33,1990,17.3,1,0,0.6,0.0,8,2,514,623,82.5,22,13,17,36,33.0
ezequiel naya,ar ARG,DF,Estudiantes–LP,22,2001,0.1,0,0,0.1,0.0,1,1,3,5,60.0,0,0,0,0,22.0
fabio alvarez,ar ARG,"MF,FW",Lanús,31,1993,4.5,0,0,0.3,0.2,5,2,155,199,77.89,8,3,10,4,31.0
fabio pereyra,ar ARG,DF,Huracán,34,1990,20.9,0,0,0.7,0.5,14,4,601,800,75.12,29,18,41,28,34.0
fabricio bustos,ar ARG,DF,River Plate,27,1996,13.1,0,0,0.6,2.0,10,2,686,871,78.76,24,15,6,16,27.0
fabricio corbalan,ar ARG,DF,Gimnasia–LP,20,2003,1.8,0,0,0.1,0.1,2,0,61,87,70.11,7,7,2,3,20.0
fabricio iacovich,ar ARG,GK,Estudiantes–LP,22,2002,1.0,0,0,0.0,0.0,0,0,27,36,75.0,0,0,0,0,22.0
fabricio lopez,ar ARG,DF,San Lorenzo,21,2002,3.0,0,0,0.1,0.3,1,0,100,150,66.67,11,9,4,3,21.0
fabricio oviedo,ar ARG,FW,Rosario Central,19,2004,0.5,1,0,0.1,0.0,2,1,10,12,83.33,3,3,1,0,19.0
fabricio perez,ar ARG,"MF,FW",Estudiantes–LP,18,2005,1.7,0,0,0.6,0.0,4,2,28,41,68.29,1,1,4,2,18.0
fabricio tirado,ar ARG,MF,Newell's OB,19,2004,0.7,0,0,0.0,0.0,0,0,14,24,58.33,3,0,0,1,19.0
fabrizio sartori,ar ARG,"FW,MF",Ind. Rivadavia,21,2002,1.2,0,0,0.2,0.0,3,0,7,13,53.85,2,0,0,0,21.0
facundo altamira,0,"MF,FW",Godoy Cruz,0,0,16.7,3,1,3.3,2.1,29,11,206,349,59.03,27,16,14,7,0.0
facundo altamirano,ar ARG,GK,San Lorenzo,27,1996,9.0,0,0,0.0,0.0,0,0,179,253,70.75,1,0,0,0,27.0
facundo ardiles,ar ARG,"DF,FW",Godoy Cruz,25,1998,3.7,0,0,0.0,0.2,1,0,121,166,72.89,9,6,6,5,25.0
facundo baez,ar ARG,"FW,DF",Arg Juniors,19,2004,0.3,0,0,0.0,0.0,1,0,3,14,21.43,1,0,0,0,19.0
facundo bruera,ar ARG,FW,Barracas Central,25,1998,8.5,3,0,3.0,0.5,22,5,104,177,58.76,6,3,8,0,25.0
facundo butti,ar ARG,DF,Godoy Cruz,23,2000,1.1,0,0,0.0,0.0,0,0,19,23,82.61,0,0,0,0,23.0
facundo cambeses,ar ARG,GK,Racing Club,26,1997,6.5,0,0,0.0,0.0,0,0,122,181,67.4,0,0,0,0,26.0
facundo colidio,ar ARG,FW,River Plate,24,2000,15.6,7,1,5.7,3.3,40,20,323,464,69.61,21,14,19,2,24.0
facundo echevarria,ar ARG,"FW,MF",Defensa y Just,21,2002,2.6,0,1,0.2,0.6,7,0,46,71,64.79,4,0,2,3,21.0
facundo ferreyra,ar ARG,FW,Tigre,32,1991,3.6,1,0,1.5,0.2,5,2,43,69,62.32,2,1,3,0,32.0
facundo kruger,ar ARG,FW,Barracas Central,23,2000,0.2,0,0,0.0,0.0,0,0,2,5,40.0,1,1,0,0,23.0
facundo lencioni,ar ARG,"DF,MF",Belgrano,22,2001,3.4,0,1,0.2,0.4,4,0,58,103,56.31,8,6,5,6,22.0
facundo mallo,uy URU,DF,Rosario Central,29,1995,13.2,2,0,1.2,0.1,13,5,351,522,67.24,11,7,14,30,29.0
facundo mater,sy SYR,"DF,MF",Barracas Central,25,1998,10.0,0,0,0.7,0.7,9,1,366,496,73.79,26,18,15,8,25.0
facundo mura,ar ARG,"DF,MF",Racing Club,24,1999,8.3,3,0,0.7,0.6,8,3,281,392,71.68,13,8,10,7,24.0
facundo quignon,ar ARG,MF,Belgrano,30,1993,15.0,1,2,0.8,1.4,5,4,571,674,84.72,48,30,17,19,30.0
facundo rodriguez,ar ARG,DF,Estudiantes–LP,23,2000,13.5,1,0,0.2,0.1,3,2,444,565,78.58,16,11,9,15,23.0
facundo roncaglia,ar ARG,DF,Sarmiento,36,1987,7.5,0,0,0.0,0.2,1,0,184,247,74.49,14,12,12,12,36.0
facundo russo,ar ARG,MF,Platense,23,2000,1.8,0,0,0.1,0.0,2,0,19,41,46.34,3,2,3,0,23.0
facundo sanguinetti,ar ARG,GK,Banfield,22,2001,25.7,0,0,0.0,0.0,0,0,487,720,67.64,0,0,0,0,22.0
facundo suarez,ar ARG,FW,Instituto,29,1994,14.7,3,3,3.6,1.2,37,10,178,332,53.61,11,7,15,1,29.0
favio cabral,ar ARG,FW,Cen. Córdoba–SdE,22,2001,6.2,4,1,3.3,1.1,16,6,79,116,68.1,4,3,9,1,22.0
federico aguirre,ar ARG,FW,Barracas Central,21,2002,3.0,0,0,0.2,0.1,2,1,41,55,74.55,3,2,5,0,21.0
federico andueza,uy URU,DF,Cen. Córdoba–SdE,26,1997,0.7,0,0,0.0,0.0,0,0,19,32,59.38,2,0,1,1,26.0
federico fattori,ar ARG,MF,Huracán,31,1992,19.2,0,1,0.1,0.6,5,1,893,1110,80.45,44,31,36,28,31.0
federico fernandez,ar ARG,DF,Estudiantes–LP,34,1989,8.5,0,0,0.5,0.2,5,0,430,479,89.77,4,3,8,12,34.0
federico gattoni,ar ARG,DF,River Plate,24,1999,4.6,0,0,0.1,0.0,1,0,249,292,85.27,6,2,13,7,24.0
federico girotti,ar ARG,FW,Talleres,24,1999,16.4,3,0,5.1,0.9,38,10,250,370,67.57,7,4,2,3,24.0
federico mancuello,ar ARG,"MF,FW",Independiente,34,1989,9.0,1,1,1.2,0.9,20,5,235,349,67.34,11,7,10,4,34.0
federico medina,ar ARG,FW,Banfield,19,2004,0.1,0,0,0.0,0.0,0,0,4,4,100.0,0,0,1,0,19.0
federico milo,ar ARG,DF,Ind. Rivadavia,32,1992,6.2,0,0,0.1,0.2,4,0,150,267,56.18,22,19,5,15,32.0
federico paradela,ar ARG,MF,Sarmiento,24,1999,0.6,0,0,0.0,0.1,0,0,24,33,72.73,1,1,0,0,24.0
federico rasmussen,ar ARG,DF,Godoy Cruz,31,1992,23.9,0,0,0.0,0.3,1,0,791,948,83.44,38,22,14,37,31.0
federico vera,ar ARG,DF,Independiente,25,1998,12.7,0,0,0.1,0.6,3,2,411,565,72.74,29,19,18,15,25.0
felipe aguilar,co COL,DF,Independiente,31,1993,0.5,0,0,0.0,0.0,0,0,7,8,87.5,0,0,0,1,31.0
felipe loyola,cl CHI,"MF,DF",Independiente,23,2000,18.0,2,2,1.5,1.6,23,7,523,695,75.25,33,18,21,15,23.0
felipe pena,ar ARG,MF,Lanús,22,2001,13.2,2,0,0.6,0.7,13,4,527,677,77.84,28,18,24,19,22.0
felipe sanchez,ar ARG,"DF,FW",Gimnasia–LP,19,2004,0.3,0,0,0.0,0.0,0,0,11,14,78.57,4,2,0,1,19.0
felipe zenobio,ar ARG,GK,Tigre,23,2000,24.4,0,0,0.0,0.0,0,0,582,750,77.6,0,0,0,0,23.0
fernando alarcon,ar ARG,DF,Instituto,29,1994,18.6,2,0,1.1,0.2,19,6,593,815,72.76,28,17,21,21,29.0
fernando benitez,ar ARG,"FW,MF",Cen. Córdoba–SdE,23,2000,6.5,1,2,0.9,1.6,12,3,123,180,68.33,8,5,3,5,23.0
fernando david cardozo,py PAR,"FW,MF",Newell's OB,22,2001,7.5,0,0,1.1,0.1,11,0,168,261,64.37,18,13,15,2,22.0
fernando godoy,ar ARG,MF,Sarmiento,33,1990,2.2,0,0,0.0,0.0,1,0,37,56,66.07,8,6,1,1,33.0
fernando juarez,ar ARG,MF,Platense,25,1998,22.8,0,0,0.2,0.7,6,1,520,755,68.87,64,48,22,42,25.0
fernando martinez,ar ARG,"DF,FW",Cen. Córdoba–SdE,23,2000,2.3,0,0,0.4,0.0,1,1,43,60,71.67,2,1,1,0,23.0
fernando meza,ar ARG,DF,Arg Juniors,33,1990,5.2,1,0,0.8,0.1,2,2,210,253,83.0,2,0,1,8,33.0
fernando romero,py PAR,FW,Ind. Rivadavia,23,2000,7.3,1,0,0.9,0.4,12,3,76,124,61.29,7,5,7,1,23.0
fernando tobio,ar ARG,DF,Huracán,34,1989,16.4,1,0,0.7,0.0,5,4,513,657,78.08,18,13,15,9,34.0
fernando zuqui,ar ARG,MF,Estudiantes–LP,32,1991,3.2,0,0,0.1,0.3,2,1,206,236,87.29,2,1,5,1,32.0
flabian londono,co COL,FW,Tigre,23,2000,0.8,0,0,0.0,0.0,0,0,8,10,80.0,0,0,0,0,23.0
florian monzon,ar ARG,"FW,MF",Tigre,23,2001,10.1,6,2,3.4,2.1,23,13,165,294,56.12,8,6,11,6,23.0
francesco lo celso,ar ARG,"FW,MF",Rosario Central,23,2000,2.7,0,1,0.2,0.3,3,2,91,113,80.53,2,2,4,0,23.0
francis mac allister,ar ARG,MF,Arg Juniors,28,1995,13.1,0,0,0.3,0.2,10,1,558,684,81.58,42,23,19,17,28.0
francisco alvarez,ar ARG,DF,Arg Juniors,23,2000,23.2,2,0,0.7,0.4,22,2,1273,1501,84.81,49,31,19,44,23.0
francisco bonfiglio,es ESP,"FW,MF",Atlé Tucumán,22,2002,1.5,0,0,0.7,0.2,6,1,19,34,55.88,4,2,1,0,22.0
francisco facello,ar ARG,DF,Belgrano,21,2003,4.8,0,0,0.0,0.1,0,0,83,144,57.64,16,11,7,4,21.0
francisco flores,ar ARG,DF,Atlé Tucumán,22,2002,5.1,0,0,0.1,0.0,1,0,108,153,70.59,6,5,7,6,22.0
francisco fydriszewski,ar ARG,FW,San Lorenzo,30,1993,1.1,0,0,0.8,0.1,1,0,14,21,66.67,2,1,0,1,30.0
francisco gerometta,ar ARG,DF,Unión,24,1999,3.7,0,0,0.1,0.6,2,0,58,107,54.21,15,10,2,3,24.0
francisco gonzalez,ar ARG,MF,Belgrano,26,1997,21.8,0,4,2.6,3.6,36,9,642,852,75.35,52,36,36,11,26.0
francisco marco,ar ARG,DF,Defensa y Just,20,2003,0.9,0,0,0.0,0.0,0,0,35,44,79.55,0,0,1,0,20.0
francisco montoro,ar ARG,FW,Vélez Sarsfield,19,2004,0.1,0,0,0.0,0.0,0,0,1,1,100.0,0,0,0,0,19.0
francisco perruzzi,ar ARG,"MF,FW",San Lorenzo,22,2001,1.6,0,0,0.1,0.0,1,1,77,91,84.62,9,5,7,3,22.0
francisco petrasso,ar ARG,DF,Ind. Rivadavia,21,2002,4.8,1,0,0.3,0.0,4,2,98,148,66.22,10,7,4,6,21.0
francisco pizzini,ar ARG,FW,Vélez Sarsfield,30,1993,24.1,4,5,5.8,5.3,51,20,553,802,68.95,21,14,16,14,30.0
franco alfonso,ar ARG,"FW,MF",Huracán,21,2002,2.9,0,0,0.1,0.3,7,0,83,125,66.4,2,1,5,2,21.0
franco aragon,ar ARG,MF,Cen. Córdoba–SdE,29,1994,1.0,0,0,0.0,0.0,1,0,38,45,84.44,1,0,1,1,29.0
franco armani,ar ARG,GK,River Plate,37,1986,22.0,0,0,0.0,0.0,0,0,472,550,85.82,0,0,0,0,37.0
franco baldassarra,ar ARG,"MF,FW",Platense,25,1998,3.5,0,0,0.1,0.5,6,2,73,114,64.04,14,12,4,6,25.0
franco diaz,ar ARG,MF,Newell's OB,23,2000,0.5,0,0,0.0,0.0,1,0,20,30,66.67,0,0,1,1,23.0
franco ibarra,ar ARG,MF,Rosario Central,22,2001,19.8,0,1,0.3,0.3,11,0,623,847,73.55,88,57,44,28,22.0
franco jara,ar ARG,FW,Belgrano,35,1988,17.8,13,1,8.1,1.6,60,28,322,463,69.55,12,6,12,2,35.0
franco mastantuono,ar ARG,"MF,FW",River Plate,16,2007,10.5,1,3,3.6,2.5,42,13,437,586,74.57,22,14,8,1,16.0
franco minerva,ar ARG,"MF,FW",Platense,17,2006,8.6,1,1,0.4,0.9,10,3,98,201,48.76,14,9,12,7,17.0
franco moyano,ar ARG,MF,Talleres,26,1997,3.8,0,0,0.0,0.0,1,0,184,214,85.98,8,5,1,5,26.0
franco nicola,uy URU,"MF,FW",Atlé Tucumán,21,2002,7.3,1,0,1.2,0.9,11,5,152,231,65.8,20,12,6,6,21.0
franco pardo,ar ARG,DF,Unión,26,1997,26.0,2,1,1.3,1.0,15,4,888,1186,74.87,51,36,24,53,26.0
franco paredes,ar ARG,DF,Sarmiento,24,1999,20.5,1,0,1.0,1.8,14,4,413,625,66.08,32,19,24,34,24.0
franco petroli,ar ARG,GK,Godoy Cruz,25,1998,26.0,0,0,0.0,0.0,0,0,687,998,68.84,0,0,0,0,25.0
franco rami,ar ARG,MF,Belgrano,20,2003,0.1,0,0,0.0,0.0,1,0,2,2,100.0,0,0,0,0,20.0
franco romero,ar ARG,MF,Ind. Rivadavia,23,2000,26.9,2,0,1.7,0.3,5,0,776,982,79.02,59,38,46,57,23.0
franco troyansky,ar ARG,"FW,MF",Gimnasia–LP,26,1997,2.1,1,0,0.2,0.0,5,3,41,55,74.55,1,0,1,1,26.0
franco watson,ar ARG,"MF,FW",Huracán,24,2000,1.8,0,0,0.1,0.4,4,1,36,62,58.06,1,0,1,2,24.0
franco zapiola,ar ARG,MF,Platense,22,2001,1.9,0,0,0.1,0.0,3,0,29,46,63.04,5,2,5,1,22.0
frank fabra,co COL,"DF,MF",Boca Juniors,32,1991,2.8,0,0,0.0,0.0,0,0,96,141,68.09,4,1,2,3,32.0
gabriel alanis,ar ARG,"FW,MF",Defensa y Just,29,1994,9.5,2,3,1.9,2.0,24,6,184,270,68.15,15,11,6,5,29.0
gabriel aranda,ar ARG,DF,Banfield,22,2001,5.3,0,0,0.2,0.0,2,1,151,193,78.24,5,1,6,1,22.0
gabriel arias,cl CHI,GK,Racing Club,36,1987,20.5,0,0,0.0,0.0,0,0,434,591,73.43,0,0,1,0,36.0
gabriel avalos,py PAR,FW,Independiente,33,1990,23.5,9,1,6.1,1.1,55,24,277,500,55.4,13,7,10,9,33.0
gabriel carabajal,ar ARG,"MF,FW",Newell's OB,32,1991,3.0,0,1,0.2,0.8,5,0,100,141,70.92,4,3,6,0,32.0
gabriel compagnucci,ar ARG,"DF,MF",Belgrano,32,1991,15.6,0,3,0.5,2.3,9,1,447,654,68.35,29,19,8,10,32.0
gabriel diaz,ar ARG,DF,Sarmiento,23,2000,11.4,0,0,0.3,0.4,7,0,264,448,58.93,26,16,11,14,23.0
gabriel gudino,ar ARG,"MF,FW",Sarmiento,31,1992,10.5,1,0,2.3,0.4,24,6,78,141,55.32,32,15,13,8,31.0
gabriel hachen,ar ARG,"MF,FW",Platense,33,1990,2.5,0,0,0.7,0.0,5,2,70,111,63.06,1,1,0,3,33.0
gabriel hauche,ar ARG,"MF,FW",Sarmiento,37,1986,4.8,0,1,1.0,0.7,9,1,69,119,57.98,12,9,4,3,37.0
gabriel neves,uy URU,"MF,FW",Independiente,26,1997,0.6,0,0,0.0,0.4,0,0,33,41,80.49,2,1,1,0,26.0
gabriel rojas,ar ARG,"DF,MF",Racing Club,26,1997,16.9,1,1,1.0,1.2,17,5,569,799,71.21,29,20,13,13,26.0
galvan vittar,ar ARG,FW,Cen. Córdoba–SdE,19,2004,0.3,0,0,0.0,0.0,0,0,5,12,41.67,1,0,0,0,19.0
gary medel,cl CHI,"DF,MF",Boca Juniors,36,1987,6.2,0,0,0.0,0.1,1,0,396,425,93.18,8,6,6,8,36.0
gaspar duarte,ar ARG,"FW,MF",Rosario Central,21,2003,5.0,0,3,0.0,0.8,2,1,70,113,61.95,1,0,9,1,21.0
gaston benavidez,ar ARG,DF,Talleres,28,1995,22.9,1,4,2.9,2.9,21,5,985,1258,78.3,48,34,32,24,28.0
gaston benedetti,ar ARG,DF,Estudiantes–LP,22,2001,15.7,1,0,1.1,0.4,10,5,697,921,75.68,32,19,22,19,22.0
gaston campi,ar ARG,DF,San Lorenzo,32,1991,23.6,1,1,0.8,0.4,9,2,930,1153,80.66,27,20,19,34,32.0
gaston emanuel moreyra,ar ARG,MF,Godoy Cruz,24,1999,4.2,0,1,0.1,0.5,3,0,124,184,67.39,6,4,7,3,24.0
gaston gil romero,ar ARG,MF,Ind. Rivadavia,30,1993,0.8,1,0,0.2,0.0,1,1,22,31,70.97,5,5,3,1,30.0
gaston gomez,ar ARG,GK,San Lorenzo,27,1996,16.0,0,0,0.0,0.0,0,0,271,431,62.88,1,1,0,0,27.0
gaston lodico,ar ARG,MF,Instituto,25,1998,24.0,1,6,1.9,3.6,32,4,1193,1479,80.66,48,29,24,32,25.0
gaston martirena,uy URU,"DF,MF",Racing Club,24,2000,21.7,3,5,1.0,4.8,29,6,721,1020,70.69,37,27,30,23,24.0
gaston sauro,ar ARG,DF,Sarmiento,33,1990,7.0,0,0,0.2,0.0,4,1,110,142,77.46,5,1,7,16,33.0
gaston suso,ar ARG,DF,Platense,32,1991,27.0,0,0,0.9,0.1,17,2,435,625,69.6,36,25,19,27,32.0
gaston veron,ar ARG,"FW,MF",Arg Juniors,22,2001,10.0,0,0,2.3,0.9,37,6,165,239,69.04,8,5,3,2,22.0
german conti,ar ARG,"DF,MF",Racing Club,29,1994,2.2,0,0,0.0,0.1,0,0,62,81,76.54,6,5,4,1,29.0
german pezzella,ar ARG,DF,River Plate,32,1991,8.9,0,0,0.4,0.5,10,2,449,533,84.24,8,7,8,9,32.0
geronimo heredia,ar ARG,"MF,DF",Belgrano,18,2005,7.5,1,0,1.1,0.1,12,4,190,272,69.85,26,15,9,10,18.0
geronimo montivero,ar ARG,DF,Godoy Cruz,18,2005,0.2,0,0,0.0,0.0,0,0,1,1,100.0,0,0,0,0,18.0
geronimo rivera,ar ARG,"FW,MF",Banfield,20,2003,8.8,1,2,2.8,1.5,21,6,99,177,55.93,15,5,10,4,20.0
gian nardelli,ar ARG,DF,Tigre,23,2000,7.9,0,0,0.0,0.5,0,0,322,418,77.03,7,5,9,10,23.0
gianluca ferrari,ar ARG,DF,Atlé Tucumán,26,1997,11.4,2,1,1.1,1.0,9,2,277,361,76.73,28,22,10,21,26.0
gino peruzzi,ar ARG,DF,Atlé Tucumán,31,1992,2.5,1,1,0.3,0.1,1,1,80,109,73.39,0,0,0,1,31.0
giovani chiaverano,ar ARG,"FW,MF",Newell's OB,18,2005,2.7,0,1,0.4,0.4,9,3,31,68,45.59,2,2,6,1,18.0
giovanni bogado,py PAR,FW,Rosario Central,22,2001,0.4,0,0,0.0,0.0,0,0,17,21,80.95,2,2,0,0,22.0
giuliano cerato,ar ARG,DF,Instituto,25,1998,14.8,0,1,0.5,0.9,12,3,440,755,58.28,29,18,14,20,25.0
gonzalo abrego,ar ARG,MF,Godoy Cruz,24,2000,14.6,3,0,1.9,0.6,27,8,414,558,74.19,34,20,19,7,24.0
gonzalo alvez,ar ARG,"FW,MF",Ind. Rivadavia,20,2003,2.6,0,1,0.1,1.0,3,0,61,81,75.31,8,6,2,5,20.0
gonzalo bravo,ar ARG,"MF,FW",Deportivo Riestra,33,1990,4.0,1,0,1.1,0.8,6,3,59,95,62.11,13,9,1,0,33.0
gonzalo goni,ar ARG,DF,Barracas Central,25,1998,17.2,0,0,0.5,0.2,8,3,463,593,78.08,28,19,29,15,25.0
gonzalo lujan,ar ARG,DF,San Lorenzo,22,2001,14.7,0,0,0.4,0.1,8,1,513,754,68.04,29,17,16,7,22.0
gonzalo marinelli,ar ARG,GK,Ind. Rivadavia,34,1989,5.0,0,0,0.0,0.0,0,0,71,121,58.68,0,0,0,0,34.0
gonzalo maroni,ar ARG,"MF,FW",Tigre,24,1999,19.1,3,4,3.8,2.7,47,12,661,917,72.08,28,21,14,6,24.0
gonzalo morales,ar ARG,"FW,DF",Unión,20,2003,6.6,3,0,2.2,0.1,14,5,53,84,63.1,3,2,2,0,20.0
gonzalo nicolas martinez,ar ARG,"MF,FW",River Plate,30,1993,2.6,1,4,1.4,2.1,11,5,103,150,68.67,9,6,2,2,30.0
gonzalo perez,uy URU,"MF,DF",Lanús,23,2001,14.1,0,0,0.9,0.1,4,2,555,704,78.84,36,23,15,38,23.0
gonzalo requena,ar ARG,DF,Instituto,20,2003,24.9,2,0,0.9,0.0,11,3,602,857,70.25,28,14,29,30,20.0
gonzalo rios,ar ARG,"MF,FW",Ind. Rivadavia,25,1999,7.3,1,0,0.8,0.1,15,5,140,175,80.0,15,12,11,3,25.0
gonzalo trindade,ar ARG,DF,Cen. Córdoba–SdE,19,2004,4.0,0,0,0.0,0.0,0,0,124,161,77.02,23,19,5,5,19.0
gregorio rodriguez,ar ARG,"FW,MF",Instituto,24,2000,13.3,4,1,2.0,2.3,29,10,184,281,65.48,15,8,17,3,24.0
guido carrillo,ar ARG,FW,Estudiantes–LP,32,1991,13.2,7,1,5.8,0.8,34,18,239,361,66.2,6,3,8,2,32.0
guido herrera,ar ARG,GK,Talleres,31,1992,26.0,0,0,0.0,0.0,0,0,570,803,70.98,1,1,2,0,31.0
guido mainero,ar ARG,"FW,MF",Platense,28,1995,18.7,4,1,3.1,1.7,27,12,328,563,58.26,27,16,23,14,28.0
guillermo acosta,ar ARG,MF,Atlé Tucumán,35,1988,23.0,0,2,0.9,2.4,22,3,708,999,70.87,27,15,24,25,35.0
guillermo balzi,ar ARG,MF,Newell's OB,22,2001,0.8,0,0,0.0,0.1,0,0,22,27,81.48,2,0,3,1,22.0
guillermo benitez,ar ARG,DF,Huracán,30,1993,14.0,0,0,0.5,1.2,7,1,330,497,66.4,31,14,23,14,30.0
guillermo burdisso,ar ARG,DF,Huracán,35,1988,3.9,0,0,0.0,0.0,1,0,126,172,73.26,2,1,3,10,35.0
guillermo enrique,ar ARG,DF,Banfield,23,2000,3.4,0,0,0.0,0.2,2,0,65,121,53.72,11,6,9,6,23.0
guillermo matias fernandez,ar ARG,MF,Boca Juniors,32,1991,18.8,0,0,0.1,1.4,4,0,942,1119,84.18,58,41,14,32,32.0
guillermo may,uy URU,FW,Newell's OB,25,1998,1.3,0,0,0.5,0.1,7,2,16,23,69.57,2,2,2,0,25.0
guillermo pereira,ar ARG,MF,Deportivo Riestra,30,1994,6.4,1,0,0.7,0.8,5,5,131,209,62.68,20,11,11,11,30.0
gustavo albarracin,ar ARG,MF,Talleres,17,2006,2.5,1,1,0.2,0.1,2,1,54,72,75.0,4,4,5,2,17.0
gustavo benitez,ar ARG,DF,Deportivo Riestra,37,1986,0.8,0,0,0.0,0.0,0,0,6,9,66.67,1,0,0,0,37.0
gustavo bou,ar ARG,FW,Talleres,33,1990,1.1,0,1,0.0,0.4,1,0,27,40,67.5,1,0,2,1,33.0
gustavo canto,ar ARG,DF,Gimnasia–LP,29,1994,4.2,0,0,0.0,0.0,0,0,132,171,77.19,18,11,3,11,29.0
gustavo fernandez,ar ARG,FW,Deportivo Riestra,33,1990,5.0,0,0,0.2,0.3,5,2,82,138,59.42,5,3,1,3,33.0
gustavo velasquez,py PAR,DF,Newell's OB,32,1991,23.0,0,1,1.0,0.8,18,4,757,1007,75.17,36,22,23,39,32.0
hector david martinez,py PAR,DF,River Plate,26,1998,0.1,0,0,0.0,0.0,0,0,11,15,73.33,0,0,0,0,26.0
hector fertoli,ar ARG,"MF,FW",Huracán,29,1994,10.6,4,0,2.0,1.3,12,4,332,474,70.04,20,10,5,7,29.0
hernan de la fuente,ar ARG,DF,Huracán,27,1997,16.3,1,0,0.6,0.3,12,2,440,611,72.01,36,19,23,22,27.0
hernan galindez,ec ECU,GK,Huracán,36,1987,24.0,0,0,0.0,0.0,0,0,497,803,61.89,1,1,0,0,36.0
ian glavinovich,ar ARG,DF,Newell's OB,22,2001,6.0,0,0,0.0,0.0,0,0,253,309,81.88,8,4,6,12,22.0
ian subiabre,ar ARG,MF,River Plate,17,2007,0.1,0,0,0.0,0.0,1,0,2,3,66.67,1,0,0,1,17.0
ignacio arce,ar ARG,GK,Deportivo Riestra,31,1992,25.0,0,1,0.0,0.1,0,0,415,868,47.81,1,0,1,0,31.0
ignacio chicco,ar ARG,GK,Belgrano,27,1996,7.3,0,0,0.0,0.0,0,0,181,236,76.69,0,0,0,0,27.0
ignacio fernandez,ar ARG,"MF,FW",River Plate,34,1990,7.5,1,3,1.1,0.6,13,5,408,526,77.57,17,12,9,4,34.0
ignacio galvan,ar ARG,DF,Racing Club,21,2002,0.1,0,0,0.0,0.0,1,0,4,7,57.14,0,0,0,0,21.0
ignacio maestro puch,ar ARG,FW,Independiente,20,2003,2.4,1,0,1.7,0.4,6,4,35,55,63.64,5,4,1,0,20.0
ignacio miramon,ar ARG,MF,Boca Juniors,20,2003,8.8,0,0,0.1,1.1,3,0,323,409,78.97,26,16,13,13,20.0
ignacio pussetto,ar ARG,FW,Huracán,28,1995,5.0,5,1,3.3,0.8,17,7,71,112,63.39,7,6,2,0,28.0
ignacio rodriguez,ar ARG,"MF,FW",Banfield,21,2002,18.9,3,1,2.9,2.0,25,6,363,548,66.24,38,20,24,13,21.0
ignacio russo,ar ARG,FW,Instituto,23,2000,12.6,5,1,6.0,1.5,29,14,162,267,60.67,9,6,9,3,23.0
ignacio schor,ar ARG,"FW,MF",Platense,23,2000,5.5,1,0,0.3,0.7,8,1,85,138,61.59,5,3,5,8,23.0
ignacio tapia,ar ARG,MF,Belgrano,19,2004,0.7,0,0,0.2,0.0,2,2,14,17,82.35,2,2,1,0,19.0
ignacio vazquez,ar ARG,DF,Platense,26,1997,24.0,0,0,0.5,1.1,15,4,530,798,66.42,49,36,27,32,26.0
iker muniain,es ESP,"MF,FW",San Lorenzo,31,1992,9.9,3,1,2.6,1.1,6,1,385,447,86.13,16,11,6,2,31.0
iker zufiaurre,ar ARG,MF,Boca Juniors,18,2005,0.1,0,0,0.0,0.0,0,0,0,1,0.0,0,0,0,0,18.0
imanol segovia,ar ARG,DF,Ind. Rivadavia,22,2001,0.1,0,0,0.0,0.0,0,0,6,7,85.71,0,0,0,0,22.0
ivan buhajeruk,ar ARG,FW,Deportivo Riestra,23,2000,0.0,0,0,0.0,0.0,0,0,0,0,0.0,0,0,0,0,23.0
ivan gomez,ar ARG,"MF,FW",Platense,26,1997,7.6,0,0,0.3,0.1,8,0,161,224,71.88,17,9,4,9,26.0
ivan leguizamon,py PAR,"FW,MF",San Lorenzo,21,2002,15.7,3,1,3.3,1.4,30,9,271,475,57.05,30,23,25,9,21.0
ivan marcone,ar ARG,MF,Independiente,33,1990,22.5,0,1,0.9,0.9,10,2,808,1014,79.68,49,36,12,33,33.0
ivan morales bravo,cl CHI,FW,Sarmiento,24,1999,14.5,3,0,3.3,0.5,28,13,169,259,65.25,10,7,5,0,24.0
ivan pillud,ar ARG,DF,Racing Club,37,1986,0.2,0,0,0.0,0.0,0,0,3,7,42.86,0,0,0,0,37.0
ivan tapia,ar ARG,"MF,FW",Barracas Central,25,1998,13.8,0,2,0.5,1.5,16,4,371,522,71.07,12,6,6,4,25.0
ivan villalba,py PAR,DF,Ind. Rivadavia,29,1995,18.6,2,2,1.2,0.8,11,3,428,640,66.88,25,16,19,20,29.0
jabes saralegui,ar ARG,"MF,DF",Boca Juniors,21,2003,4.4,1,0,0.9,0.3,8,3,98,140,70.0,7,4,4,0,21.0
jalil elias,sy SYR,MF,Vélez Sarsfield,27,1996,7.8,0,0,0.4,0.4,4,0,357,459,77.78,20,14,10,9,27.0
jaminton campaz,co COL,"FW,MF",Rosario Central,23,2000,12.2,3,1,1.8,1.3,32,8,328,488,67.21,28,19,14,7,23.0
javier marcelo correa,ar ARG,FW,Estudiantes–LP,31,1992,3.5,1,1,0.9,0.7,13,6,44,66,66.67,1,1,5,0,31.0
javier ruiz,ar ARG,"MF,FW",Barracas Central,19,2004,8.9,2,0,1.1,0.9,24,8,146,209,69.86,19,9,12,3,19.0
javier urzua,cl CHI,"MF,FW",Estudiantes–LP,24,1999,1.0,0,0,0.0,0.0,1,1,44,51,86.27,3,2,1,2,24.0
jeremias gallard,ar ARG,FW,Talleres,19,2004,0.0,0,0,0.0,0.0,0,0,0,0,0.0,0,0,0,0,19.0
jeremias james,ar ARG,DF,Deportivo Riestra,23,2001,1.8,1,0,0.1,0.0,2,1,9,19,47.37,2,0,2,1,23.0
jeremias lazaro,ar ARG,"MF,FW",Instituto,19,2004,2.6,1,1,0.5,1.4,7,2,59,77,76.62,2,1,0,2,19.0
jeremias ledesma,ar ARG,GK,River Plate,30,1993,4.0,0,0,0.0,0.0,0,0,106,128,82.81,0,0,0,0,30.0
jeremias lucco,ar ARG,"FW,MF",Belgrano,18,2005,3.2,1,0,0.3,0.1,4,3,73,107,68.22,9,5,6,0,18.0
jeremias merlo,0,"FW,MF",Gimnasia–LP,0,0,0.6,0,0,0.1,0.0,1,0,4,7,57.14,0,0,0,1,0.0
jeremias perez tica,ar ARG,"FW,DF",Newell's OB,20,2003,0.5,0,1,0.0,0.8,1,1,18,25,72.0,1,1,1,0,20.0
jeronimo cacciabue,ar ARG,MF,Newell's OB,26,1998,4.2,1,0,0.4,0.1,4,4,88,117,75.21,7,7,6,3,26.0
jeronimo domina,ar ARG,"FW,MF",Unión,18,2005,5.6,4,0,1.0,0.1,21,9,87,141,61.7,4,2,2,0,18.0
jeronimo pourtau,ar ARG,GK,Sarmiento,24,2000,3.0,0,0,0.0,0.0,0,0,17,72,23.61,0,0,0,0,24.0
jesus soraire,ar ARG,MF,Banfield,35,1988,10.6,1,0,0.7,0.6,11,3,293,411,71.29,32,24,13,6,35.0
jhohan romana,co COL,DF,San Lorenzo,25,1998,24.4,0,0,0.6,0.0,14,2,924,1145,80.7,47,32,33,42,25.0
jhonatan candia,uy URU,"FW,MF",Barracas Central,28,1995,10.0,1,0,2.0,0.8,21,6,183,256,71.48,5,3,8,2,28.0
jhonny quinonez,ec ECU,MF,Independiente,25,1998,1.3,0,0,0.0,0.0,2,0,56,73,76.71,6,3,0,1,25.0
joaquin borja,ar ARG,MF,Deportivo Riestra,22,2002,0.5,0,0,0.0,0.0,0,0,4,8,50.0,3,1,0,2,22.0
joaquin burgos,ar ARG,FW,Estudiantes–LP,19,2004,6.3,2,0,2.6,0.6,20,5,131,196,66.84,5,5,5,4,19.0
joaquin garcia,ar ARG,DF,Vélez Sarsfield,22,2001,21.7,0,0,0.3,1.0,10,2,972,1200,81.0,77,51,16,20,22.0
joaquin gho,ar ARG,"FW,MF",Sarmiento,20,2003,20.4,3,3,2.8,2.3,32,9,332,582,57.04,38,20,21,10,20.0
joaquin laso,ar ARG,DF,Independiente,33,1990,22.6,1,0,0.8,0.3,16,4,861,1095,78.63,26,18,20,35,33.0
joaquin mosqueira,ar ARG,MF,Unión,19,2004,19.8,1,1,0.5,0.2,12,4,530,676,78.4,31,25,18,26,19.0
joaquin pereyra,ar ARG,MF,Atlé Tucumán,25,1998,8.2,0,4,0.7,2.2,21,6,259,397,65.24,23,9,22,4,25.0
joaquin ruiz,ar ARG,FW,Boca Juniors,17,2006,0.2,0,0,0.0,0.0,0,0,3,4,75.0,0,0,1,0,17.0
joel sonora,us USA,DF,Ind. Rivadavia,27,1996,0.2,0,0,0.0,0.0,1,0,17,19,89.47,0,0,0,0,27.0
johan carbonero,co COL,"FW,MF",Racing Club,24,1999,12.0,2,1,2.9,1.4,33,15,278,349,79.66,6,4,12,2,24.0
jonas acevedo,ar ARG,"MF,FW",Instituto,26,1997,16.6,1,1,1.0,1.7,25,5,474,669,70.85,27,20,15,8,26.0
jonatan goitia,ar ARG,"MF,DF",Deportivo Riestra,29,1994,17.3,0,0,0.5,1.0,18,2,216,441,48.98,56,34,34,20,29.0
jonathan bay,ar ARG,DF,Instituto,30,1993,9.3,0,0,0.2,0.6,5,1,238,397,59.95,6,3,9,13,30.0
jonathan david gomez,ar ARG,"MF,FW",Rosario Central,34,1989,13.7,0,0,1.1,0.7,11,3,407,497,81.89,26,17,16,13,34.0
jonathan de irastorza,ar ARG,DF,Independiente,18,2005,0.1,0,0,0.0,0.0,0,0,7,9,77.78,0,0,0,0,18.0
jonathan galvan,ar ARG,DF,Arg Juniors,31,1992,17.1,2,1,0.8,1.2,14,3,817,1043,78.33,36,24,24,21,31.0
jonathan goya,ar ARG,MF,Deportivo Riestra,34,1989,5.9,0,0,0.0,0.0,0,0,89,149,59.73,15,8,9,8,34.0
jonathan herrera,ar ARG,FW,Deportivo Riestra,32,1991,24.5,9,0,8.8,1.7,47,26,219,366,59.84,7,6,12,7,32.0
jonathan torres,ar ARG,"FW,MF",Lanús,27,1996,10.0,4,1,2.2,1.3,22,10,143,254,56.3,10,7,8,1,27.0
jorge broun,ar ARG,GK,Rosario Central,37,1986,24.0,0,0,0.0,0.0,0,0,456,653,69.83,0,0,0,0,37.0
jorge figal,ar ARG,DF,Boca Juniors,29,1994,12.8,0,0,0.3,0.0,7,1,643,772,83.29,21,13,19,10,29.0
jorge sanguina,py PAR,FW,Ind. Rivadavia,24,1999,2.2,0,0,0.7,0.1,8,2,31,50,62.0,0,0,2,0,24.0
jorman campuzano,co COL,DF,Boca Juniors,27,1996,0.1,0,0,0.0,0.0,0,0,1,1,100.0,0,0,0,0,27.0
jose dominguez,py PAR,DF,Lanús,27,1996,0.5,0,0,0.0,0.0,0,0,1,1,100.0,0,0,0,1,27.0
jose florentin,py PAR,MF,Cen. Córdoba–SdE,27,1996,12.3,2,2,1.1,1.7,16,5,413,517,79.88,25,15,28,27,27.0
jose gomez,ar ARG,DF,Cen. Córdoba–SdE,23,2000,1.5,0,0,0.0,0.0,0,0,61,79,77.22,3,2,1,1,23.0
jose herrera,ar ARG,"FW,MF",Arg Juniors,20,2003,13.4,2,2,1.6,1.4,35,7,245,391,62.66,18,15,14,3,20.0
jose mauri,it ITA,MF,Sarmiento,27,1996,0.8,0,0,0.0,0.0,1,0,11,18,61.11,1,1,2,0,27.0
jose mendez,ar ARG,"FW,MF",Deportivo Riestra,30,1993,0.5,0,0,0.0,0.0,0,0,12,13,92.31,1,1,0,0,30.0
jose sosa,ar ARG,"FW,MF",Estudiantes–LP,38,1985,12.8,3,2,2.2,1.4,17,4,595,786,75.7,27,14,16,6,38.0
josue reinatti,ar ARG,GK,Newell's OB,20,2003,3.0,0,0,0.0,0.0,0,0,55,103,53.4,0,0,0,0,20.0
juan alvarez,ar ARG,"FW,DF",Banfield,27,1996,11.4,0,3,0.7,2.9,17,5,164,288,56.94,7,4,14,6,27.0
juan andrada,ar ARG,MF,Sarmiento,29,1995,2.7,0,0,0.0,0.6,0,0,46,66,69.7,13,7,7,3,29.0
juan barinaga,ar ARG,"DF,MF",Belgrano,23,2000,7.5,1,0,0.4,0.6,3,2,192,315,60.95,16,10,8,2,23.0
juan bautista cejas,ar ARG,"FW,MF",Godoy Cruz,25,1998,4.3,0,1,0.2,0.6,5,0,102,158,64.56,3,3,4,2,25.0
juan bisanz,ar ARG,"FW,MF",Banfield,22,2001,8.3,0,1,0.8,1.3,17,4,96,156,61.54,17,10,9,6,22.0
juan caceres,py PAR,DF,Lanús,23,2000,13.0,0,0,0.2,0.8,12,2,554,768,72.14,47,35,16,13,23.0
juan camilo portilla,co COL,MF,Talleres,25,1998,15.6,0,1,0.6,0.6,25,4,805,951,84.65,38,25,24,30,25.0
juan cardozo,py PAR,MF,Arg Juniors,19,2004,2.0,0,0,0.0,0.0,0,0,121,142,85.21,2,1,7,3,19.0
juan cavallaro,ar ARG,"FW,MF",Ind. Rivadavia,29,1994,2.8,0,0,0.3,0.1,3,1,43,58,74.14,2,2,1,1,29.0
juan cortazzo,ar ARG,DF,Gimnasia–LP,18,2005,3.5,0,0,0.1,0.0,2,1,80,126,63.49,8,5,5,3,18.0
juan cozzani,ar ARG,GK,Platense,25,1998,26.0,0,0,0.0,0.0,0,0,328,695,47.19,3,3,0,0,25.0
juan cruz komar,ar ARG,DF,Rosario Central,27,1996,4.1,0,1,0.2,0.5,2,1,149,198,75.25,4,3,2,12,27.0
juan espinola,py PAR,GK,Belgrano,29,1994,14.7,0,1,0.0,0.4,0,0,299,482,62.03,1,1,0,0,29.0
juan esquivel,ar ARG,FW,Tigre,23,2000,0.5,0,0,0.1,0.0,3,0,7,15,46.67,2,1,0,0,23.0
juan fedorco,ar ARG,DF,Independiente,23,2000,10.5,0,0,0.1,0.1,2,1,321,432,74.31,15,11,15,15,23.0
juan franco arrellaga,py PAR,DF,Instituto,31,1992,12.2,1,0,0.5,0.1,8,3,250,425,58.82,24,21,16,9,31.0
juan gimenez,ar ARG,DF,Rosario Central,17,2006,15.4,1,1,0.2,0.3,5,1,522,646,80.8,36,25,26,25,17.0
juan guasone,it ITA,DF,Sarmiento,22,2001,2.5,0,0,0.0,0.3,0,0,30,45,66.67,2,0,3,7,22.0
juan hernandez,uy URU,DF,Sarmiento,26,1997,2.8,0,0,0.1,0.1,2,0,43,65,66.15,2,1,5,6,26.0
juan ignacio mendez,ar ARG,MF,Newell's OB,26,1997,6.5,0,0,0.1,0.3,3,0,222,285,77.89,22,16,7,5,26.0
juan ignacio ramirez,uy URU,FW,Newell's OB,26,1997,18.7,3,0,8.4,1.7,39,10,134,234,57.26,12,8,9,1,26.0
juan infante,ar ARG,DF,Atlé Tucumán,28,1996,23.9,0,2,0.7,1.9,15,3,616,879,70.08,51,34,28,34,28.0
juan iribarren,ar ARG,DF,Banfield,21,2003,3.7,0,0,0.0,0.1,2,1,91,154,59.09,11,8,6,5,21.0
juan luduena,ar ARG,DF,Unión,20,2003,1.8,0,0,0.0,0.0,0,0,78,99,78.79,2,0,2,4,20.0
juan manuel elordi,ar ARG,"DF,MF",Racing Club,29,1994,3.6,0,0,0.1,0.1,2,1,113,172,65.7,9,5,2,5,29.0
juan manuel garcia,ar ARG,FW,Newell's OB,31,1992,9.5,3,1,4.4,1.1,26,7,108,183,59.02,10,3,0,2,31.0
juan manuel insaurralde,ar ARG,DF,Sarmiento,39,1984,24.0,0,0,1.1,0.1,21,6,476,671,70.94,16,12,35,23,39.0
juan meli,ar ARG,"DF,MF",Cen. Córdoba–SdE,23,2000,13.6,2,1,0.4,0.4,3,2,333,511,65.17,34,24,18,18,23.0
juan miritello,ar ARG,FW,Defensa y Just,24,1999,13.5,4,3,4.2,2.2,27,10,226,320,70.62,5,2,10,0,24.0
juan moran,ar ARG,DF,Godoy Cruz,17,2006,5.4,0,0,0.1,0.1,2,0,168,240,70.0,23,16,9,12,17.0
juan nardoni,ar ARG,MF,Racing Club,21,2002,17.0,1,0,0.8,0.3,14,2,543,671,80.92,32,23,14,15,21.0
juan pablo goicochea,pe PER,FW,Platense,19,2005,0.1,0,0,0.0,0.0,0,0,2,3,66.67,0,0,0,0,19.0
juan perez,co COL,MF,Godoy Cruz,19,2004,5.4,1,2,0.3,0.6,6,3,108,150,72.0,7,5,3,0,19.0
juan pignani,ar ARG,DF,Platense,22,2001,2.1,0,0,0.1,0.0,2,0,24,39,61.54,2,1,2,2,22.0
juan pintado,uy URU,"DF,MF",Gimnasia–LP,29,1994,25.7,0,5,0.4,2.2,11,3,956,1357,70.45,73,53,35,24,29.0
juan portillo,ar ARG,"DF,MF",Talleres,23,2000,20.9,0,2,0.7,0.8,12,1,875,1032,84.79,68,43,21,23,23.0
juan quintana,uy URU,"DF,MF",Banfield,24,2000,0.2,0,0,0.0,0.0,0,0,1,4,25.0,0,0,0,0,24.0
juan quintero,co COL,"MF,FW",Racing Club,31,1993,6.7,2,3,1.6,1.1,22,4,293,407,71.99,4,4,0,1,31.0
juan rodriguez,ar ARG,DF,Talleres,29,1994,13.0,2,0,1.1,0.1,11,6,648,761,85.15,24,15,18,23,29.0
juan saborido,ar ARG,DF,Platense,25,1998,11.8,0,0,0.2,0.9,8,0,307,510,60.2,27,18,21,15,25.0
juan velazquez,ar ARG,"DF,MF",Belgrano,19,2004,20.1,0,3,0.4,2.4,11,3,519,776,66.88,37,23,26,29,19.0
julian ceballos,ar ARG,MF,Boca Juniors,19,2004,0.5,0,0,0.0,0.0,0,0,23,29,79.31,1,1,1,1,19.0
julian eseiza,ar ARG,FW,Godoy Cruz,21,2002,0.4,0,0,0.0,0.0,0,0,5,9,55.56,0,0,0,1,21.0
julian fernandez,ar ARG,MF,Newell's OB,28,1995,3.3,0,0,0.1,0.0,2,1,83,110,75.45,11,5,7,7,28.0
julian lopez,ar ARG,MF,Defensa y Just,24,2000,6.3,0,0,0.3,0.1,7,1,245,323,75.85,11,7,13,5,24.0
julio soler,ar ARG,DF,Lanús,18,2005,18.0,0,0,0.2,1.0,9,1,732,920,79.57,34,24,33,32,18.0
justo giani,ar ARG,"MF,FW",Atlé Tucumán,24,1999,2.5,0,0,0.3,0.3,4,0,67,96,69.79,4,2,2,2,24.0
kevin coronel,ar ARG,DF,Arg Juniors,19,2004,9.2,0,1,0.2,0.3,6,1,400,512,78.12,32,14,12,14,19.0
kevin facundo gutierrez,ar ARG,MF,Defensa y Just,26,1997,22.3,0,0,0.6,0.4,23,4,1062,1301,81.63,40,23,25,23,26.0
kevin lomonaco,ar ARG,DF,Tigre,22,2002,4.9,0,0,0.1,0.0,1,0,230,258,89.15,4,2,2,4,22.0
kevin lopez,ar ARG,"MF,FW",Defensa y Just,22,2001,10.9,0,0,0.5,2.2,17,3,473,591,80.03,23,11,13,12,22.0
kevin mantilla,co COL,DF,Talleres,20,2003,5.0,0,0,0.0,0.2,0,0,215,251,85.66,11,8,5,8,20.0
kevin ortiz,ar ARG,MF,Rosario Central,23,2000,12.7,1,0,0.6,0.1,11,3,349,492,70.93,27,19,32,19,23.0
kevin silva,ar ARG,DF,Rosario Central,20,2003,0.3,0,0,0.0,0.0,0,0,3,5,60.0,0,0,0,1,20.0
kevin vazquez,ar ARG,MF,Cen. Córdoba–SdE,22,2001,23.2,2,0,1.3,0.8,35,9,1178,1399,84.2,47,29,31,24,22.0
kevin zenon,ar ARG,"MF,FW",Boca Juniors,22,2001,15.3,2,1,2.0,3.3,27,12,424,609,69.62,14,8,17,6,22.0
laurtaro giaccone,ar ARG,"FW,MF",Rosario Central,22,2001,10.1,1,2,1.4,2.3,14,3,231,314,73.57,18,11,17,6,22.0
lautaro acosta,ar ARG,"MF,FW",Lanús,35,1988,8.3,0,0,0.7,0.2,4,2,157,218,72.02,14,9,8,6,35.0
lautaro blanco,ar ARG,DF,Boca Juniors,24,1999,18.0,0,1,0.1,2.9,3,1,754,1125,67.02,49,33,16,14,24.0
lautaro bursich,ar ARG,GK,Cen. Córdoba–SdE,21,2002,1.0,0,0,0.0,0.0,0,0,16,27,59.26,0,0,0,0,21.0
lautaro cardozo,ar ARG,DF,Banfield,22,2002,2.0,0,0,0.0,0.0,1,0,52,80,65.0,6,4,1,1,22.0
lautaro carrera,ar ARG,DF,Instituto,20,2003,4.9,0,0,0.0,0.0,0,0,151,192,78.65,14,6,6,8,20.0
lautaro chavez,ar ARG,FW,Gimnasia–LP,23,2001,0.0,0,0,0.0,0.0,0,0,1,1,100.0,0,0,0,0,23.0
lautaro di lollo,ar ARG,DF,Boca Juniors,19,2004,10.3,0,0,0.0,0.0,1,0,470,567,82.89,32,24,17,7,19.0
lautaro garzon,ar ARG,GK,Vélez Sarsfield,20,2003,0.4,0,0,0.0,0.0,0,0,8,9,88.89,0,0,0,0,20.0
lautaro godoy,py PAR,MF,Atlé Tucumán,20,2003,0.4,0,0,0.0,0.0,1,0,13,20,65.0,3,2,0,1,20.0
lautaro gomez,ar ARG,FW,Banfield,20,2003,0.7,0,0,0.0,0.0,0,0,4,4,100.0,4,1,1,0,20.0
lautaro millan,cl CHI,MF,Independiente,18,2005,5.6,0,1,1.9,0.3,7,4,150,203,73.89,17,12,8,1,18.0
lautaro morales,ar ARG,GK,Talleres,24,1999,1.0,0,0,0.0,0.0,0,0,19,24,79.17,0,0,0,0,24.0
lautaro rios,ar ARG,MF,Ind. Rivadavia,23,2000,13.1,1,2,1.9,1.2,23,4,244,340,71.76,33,23,29,9,23.0
lautaro rivero,ar ARG,DF,Cen. Córdoba–SdE,20,2003,6.7,0,0,0.2,0.2,5,3,346,416,83.17,15,11,7,7,20.0
lautaro vargas,ar ARG,DF,Unión,18,2005,20.0,0,2,0.4,1.6,16,2,501,754,66.45,62,41,26,21,18.0
lautaro villegas,ar ARG,MF,Banfield,20,2003,1.7,0,0,0.4,0.9,4,1,54,63,85.71,3,1,0,0,20.0
leandro brey,ar ARG,GK,Boca Juniors,21,2002,11.1,0,0,0.0,0.1,0,0,213,303,70.3,0,0,0,0,21.0
leandro contin,ar ARG,FW,Tigre,28,1995,4.8,1,0,1.3,0.7,9,1,65,89,73.03,2,1,2,0,28.0
leandro diaz,ar ARG,"FW,MF",Lanús,31,1992,4.3,1,0,1.3,0.0,13,3,49,88,55.68,3,2,0,0,31.0
leandro garate,ar ARG,"FW,MF",Banfield,30,1993,6.9,2,0,2.8,0.1,14,5,86,147,58.5,5,5,3,1,30.0
leandro gonzalez pirez,ar ARG,DF,River Plate,31,1992,16.2,1,0,0.6,0.3,15,5,801,935,85.67,21,14,16,35,31.0
leandro mamut,ar ARG,MF,Gimnasia–LP,20,2003,5.0,1,0,0.4,0.2,9,4,112,163,68.71,11,9,8,6,20.0
leandro olima,0,MF,Atlé Tucumán,0,0,0.0,0,0,0.0,0.0,0,0,0,0,0.0,0,0,0,0,0.0
lenny lobato,br BRA,"FW,MF",Vélez Sarsfield,22,2001,0.2,0,0,0.0,0.0,1,0,2,5,40.0,0,0,0,0,22.0
leonardo heredia,ar ARG,"FW,MF",Arg Juniors,28,1996,4.9,0,0,1.1,0.1,13,4,59,86,68.6,3,2,2,1,28.0
leonardo jara,ar ARG,DF,Lanús,32,1991,2.7,0,0,0.0,0.1,2,0,111,143,77.62,14,9,7,5,32.0
leonardo landriel,ar ARG,MF,Deportivo Riestra,27,1996,1.5,0,1,0.0,0.3,0,0,20,37,54.05,3,1,3,3,27.0
leonardo marchi,ar ARG,DF,Cen. Córdoba–SdE,27,1996,2.0,0,0,0.0,0.1,0,0,49,82,59.76,2,1,2,2,27.0
leonardo morales,ar ARG,DF,Gimnasia–LP,32,1991,21.3,0,0,0.3,0.2,5,0,623,841,74.08,39,30,28,45,32.0
leonardo sigali,ar ARG,DF,Racing Club,36,1987,5.7,1,0,0.1,0.1,1,1,212,261,81.23,9,7,5,8,36.0
leonel cardozo,ar ARG,DF,Lanús,20,2004,1.0,0,0,0.0,0.0,0,0,38,52,73.08,2,2,0,3,20.0
leonel miranda,ar ARG,MF,Tigre,30,1994,1.9,0,0,0.0,0.0,1,0,127,161,78.88,0,0,1,1,30.0
leonel picco,ar ARG,MF,Platense,24,1999,20.1,0,0,0.7,0.0,15,4,402,554,72.56,97,52,43,58,24.0
leonel roldan,ar ARG,MF,Vélez Sarsfield,19,2004,1.6,0,0,0.0,0.0,1,0,46,59,77.97,2,1,4,1,19.0
leonel vangioni,ar ARG,DF,Newell's OB,36,1987,7.2,0,0,0.1,0.3,2,0,246,324,75.93,21,14,8,3,36.0
lionel verde,ar ARG,MF,Unión,19,2004,3.7,1,0,0.6,0.1,9,3,63,89,70.79,9,7,4,0,19.0
lisandro lopez,ar ARG,"FW,MF",Sarmiento,40,1983,5.4,1,0,3.1,0.8,9,3,96,153,62.75,4,3,6,4,40.0
lisandro montenegro,ar ARG,"MF,DF",Platense,20,2003,0.7,0,0,0.2,0.1,1,0,22,33,66.67,2,1,1,1,20.0
lisandro pinero,ar ARG,FW,Banfield,16,2007,0.5,0,0,0.0,0.0,1,0,8,12,66.67,2,1,1,1,16.0
lorenzo scipioni,ar ARG,MF,Tigre,19,2004,5.8,0,1,0.1,0.5,6,0,199,269,73.98,36,22,11,9,19.0
luca langoni,ar ARG,FW,Boca Juniors,21,2002,1.9,0,0,0.4,0.1,5,3,30,44,68.18,0,0,1,2,21.0
luca martinez,mx MEX,FW,Rosario Central,23,2001,2.0,2,0,1.4,0.1,8,5,23,46,50.0,1,1,1,0,23.0
luca raffin,py PAR,DF,Rosario Central,18,2006,0.7,0,0,0.0,0.0,0,0,11,16,68.75,2,1,1,1,18.0
luca regiardo,ar ARG,MF,Newell's OB,17,2006,1.0,0,0,0.0,0.3,0,0,20,25,80.0,1,1,3,2,17.0
lucas abascia,ar ARG,DF,Cen. Córdoba–SdE,28,1995,16.8,0,0,0.7,0.2,11,4,737,978,75.36,38,27,18,26,28.0
lucas acosta,ar ARG,GK,Sarmiento,28,1995,23.0,0,0,0.0,0.0,0,0,344,656,52.44,1,1,0,0,28.0
lucas ambrogio,ar ARG,"FW,MF",Atlé Tucumán,24,1999,0.3,0,0,0.0,0.0,1,1,6,13,46.15,1,1,0,0,24.0
lucas arce,ar ARG,DF,Godoy Cruz,26,1997,22.5,0,2,0.3,2.7,14,2,868,1257,69.05,43,27,35,20,26.0
lucas banos,ar ARG,DF,Newell's OB,18,2005,0.3,0,0,0.0,0.0,0,0,20,24,83.33,2,0,0,1,18.0
lucas bernabeu,ar ARG,DF,Belgrano,20,2004,0.2,0,0,0.0,0.0,0,0,18,23,78.26,0,0,0,2,20.0
lucas besozzi,ar ARG,"FW,MF",Newell's OB,21,2003,4.9,0,0,0.2,0.3,5,1,84,132,63.64,4,1,3,2,21.0
lucas brochero,ar ARG,"DF,FW",Barracas Central,25,1999,11.2,0,0,0.4,0.6,9,2,201,355,56.62,16,10,10,11,25.0
lucas bustos,ar ARG,MF,Belgrano,18,2005,0.9,0,0,0.0,0.0,0,0,38,53,71.7,1,0,1,3,18.0
lucas carrizo,ar ARG,DF,Huracán,26,1997,17.5,0,1,0.4,0.5,17,3,727,1033,70.38,52,34,23,26,26.0
lucas castro,ar ARG,MF,Gimnasia–LP,34,1989,16.3,2,1,1.9,1.4,22,7,534,755,70.73,35,25,21,11,34.0
lucas faggioli,ar ARG,DF,Barracas Central,26,1997,1.1,0,0,0.0,0.0,0,0,20,28,71.43,7,2,4,0,26.0
lucas ferreira,uy URU,DF,Defensa y Just,23,2000,10.4,0,1,0.1,0.1,2,0,384,481,79.83,23,11,17,11,23.0
lucas gamba,ar ARG,"FW,MF",Unión,36,1987,5.6,1,0,0.4,1.0,7,3,112,166,67.47,12,9,11,3,36.0
lucas gomez,ar ARG,MF,Arg Juniors,19,2004,6.1,0,0,0.2,0.0,7,1,188,218,86.24,12,9,6,3,19.0
lucas gonzalez,ar ARG,"MF,FW",Independiente,23,2000,8.6,0,2,0.5,0.4,14,3,183,255,71.76,15,8,10,3,23.0
lucas hoyos,ar ARG,GK,Newell's OB,34,1989,10.8,0,0,0.0,0.0,0,0,236,346,68.21,1,1,0,0,34.0
lucas irusta,ar ARG,DF,Lanús,21,2003,0.5,0,0,0.0,0.0,0,0,7,10,70.0,1,1,0,0,21.0
lucas janson,ar ARG,"FW,MF",Boca Juniors,29,1994,2.9,0,0,1.0,0.2,7,5,51,69,73.91,7,4,2,0,29.0
lucas menossi,ar ARG,MF,Belgrano,31,1992,5.7,0,0,0.1,0.6,4,0,157,216,72.69,15,7,8,6,31.0
lucas mihovilcevich,ar ARG,DF,Newell's OB,20,2004,0.3,0,0,0.0,0.0,0,0,2,5,40.0,0,0,2,0,20.0
lucas ocampo,uy URU,"MF,FW",Platense,26,1997,8.4,0,2,0.6,1.0,11,4,133,244,54.51,24,11,18,2,26.0
lucas rodriguez,ar ARG,DF,Instituto,30,1993,17.3,0,4,1.1,1.5,18,5,537,810,66.3,32,23,29,13,30.0
lucas souto,ar ARG,DF,Huracán,25,1998,11.2,0,0,0.1,0.1,3,0,291,432,67.36,17,12,10,12,25.0
lucas suarez,ar ARG,DF,Talleres,28,1995,10.1,0,0,0.4,0.0,6,0,422,508,83.07,12,9,8,10,28.0
lucas varaldo,ar ARG,FW,Cen. Córdoba–SdE,21,2002,14.5,3,2,2.8,1.4,26,7,255,360,70.83,7,3,14,1,21.0
luciano abecasis,ar ARG,DF,Ind. Rivadavia,33,1990,10.4,0,1,0.2,0.7,7,0,282,412,68.45,27,18,16,4,33.0
luciano boggio,it ITA,MF,Lanús,24,1999,7.4,0,0,0.3,1.1,9,3,278,347,80.12,7,4,10,7,24.0
luciano cingolani,ar ARG,MF,Godoy Cruz,22,2001,0.4,0,0,0.0,0.0,0,0,6,11,54.55,1,1,0,0,22.0
luciano ferreyra,ar ARG,MF,Platense,21,2002,0.1,0,0,0.0,0.0,0,0,1,1,100.0,0,0,0,0,21.0
luciano gimenez,ar ARG,"FW,MF",Estudiantes–LP,23,2000,7.5,0,3,1.7,0.9,19,4,114,201,56.72,11,9,5,3,23.0
luciano gomez,ar ARG,DF,Ind. Rivadavia,27,1996,4.4,0,0,0.2,0.3,3,2,141,188,75.0,8,4,4,5,27.0
luciano gondou,ar ARG,FW,Arg Juniors,22,2001,5.9,1,0,1.2,0.1,15,7,93,140,66.43,3,2,3,1,22.0
luciano lollo,ar ARG,DF,Estudiantes–LP,36,1987,18.7,0,0,0.4,0.1,10,2,899,1089,82.55,18,12,12,21,36.0
luciano ramon herrera,ar ARG,"FW,MF",Defensa y Just,27,1996,16.6,1,2,2.6,2.5,33,11,276,397,69.52,24,19,25,5,27.0
luciano recalde,ar ARG,DF,Banfield,28,1995,4.1,0,0,0.1,0.0,1,0,84,135,62.22,4,2,6,9,28.0
luciano vietto,ar ARG,"FW,MF",Racing Club,30,1993,3.8,3,0,1.0,0.3,10,4,79,118,66.95,8,6,3,1,30.0
luis advincula,pe PER,DF,Boca Juniors,33,1990,16.0,0,2,0.8,0.7,18,3,622,761,81.73,15,11,5,12,33.0
luis angulo,co COL,"MF,FW",Platense,19,2004,0.7,0,0,0.0,0.3,0,0,13,16,81.25,4,3,3,0,19.0
luis ingolotti,ar ARG,GK,Cen. Córdoba–SdE,24,2000,26.0,0,0,0.0,0.0,0,0,445,698,63.75,0,0,0,0,24.0
luis miguel rodriguez,ar ARG,"FW,MF",Atlé Tucumán,39,1985,6.6,2,2,2.1,2.2,20,5,142,228,62.28,6,4,6,4,39.0
luis sanchez,co COL,"MF,FW",Cen. Córdoba–SdE,23,2000,2.4,0,0,0.5,0.0,8,0,86,117,73.5,3,1,4,0,23.0
luis sequeira,ar ARG,MF,Ind. Rivadavia,21,2003,11.1,1,1,0.9,1.5,20,8,374,505,74.06,26,17,9,4,21.0
maher carrizo,ar ARG,"FW,MF",Vélez Sarsfield,17,2006,2.0,0,0,0.6,0.6,8,1,39,52,75.0,2,1,2,0,17.0
malcom braida,ar ARG,DF,San Lorenzo,26,1997,12.4,0,0,0.8,1.1,16,4,419,600,69.83,37,24,16,16,26.0
manuel agustin duarte,ar ARG,"MF,FW",Barracas Central,22,2001,5.7,1,1,0.9,0.9,15,5,138,190,72.63,7,7,5,2,22.0
manuel garcia,ar ARG,MF,Sarmiento,24,1999,19.5,2,1,1.4,1.0,17,5,320,510,62.75,49,28,27,17,24.0
manuel guillen,ar ARG,"DF,FW",Godoy Cruz,22,2001,0.3,0,0,0.1,0.0,2,0,3,6,50.0,3,3,0,0,22.0
manuel lanzini,ar ARG,"MF,FW",River Plate,30,1993,9.3,1,0,2.0,1.4,22,4,568,666,85.29,15,8,11,4,30.0
manuel monaco,ar ARG,"MF,FW",Sarmiento,21,2002,3.5,0,0,1.0,0.2,6,2,56,86,65.12,4,3,3,0,21.0
manuel palavecino,ar ARG,"MF,FW",Cen. Córdoba–SdE,21,2003,1.4,1,0,0.2,0.1,3,1,32,50,64.0,3,2,2,1,21.0
manuel panaro miramon,ar ARG,"FW,DF",Gimnasia–LP,21,2002,2.7,0,0,0.1,0.0,3,1,36,63,57.14,2,1,2,0,21.0
manuel roffo,ar ARG,GK,Instituto,23,2000,27.0,0,0,0.0,0.0,0,0,506,741,68.29,0,0,0,0,23.0
manuel tucker,ar ARG,MF,Platense,19,2004,0.1,0,0,0.0,0.0,0,0,5,9,55.56,1,1,1,0,19.0
marcelino moreno,ar ARG,"MF,FW",Lanús,29,1994,22.4,5,10,4.9,6.5,50,18,663,930,71.29,26,12,13,7,29.0
marcelo barovero,ar ARG,GK,Banfield,39,1984,1.3,0,0,0.0,0.0,0,0,36,48,75.0,0,0,0,1,39.0
marcelo estigarribia,ar ARG,FW,Atlé Tucumán,28,1995,16.8,6,3,5.7,2.5,41,17,247,464,53.23,16,8,27,8,28.0
marcelo mino,ar ARG,GK,Barracas Central,26,1997,10.0,0,0,0.0,0.0,0,0,186,313,59.42,0,0,0,0,26.0
marcelo perez,py PAR,FW,Huracán,22,2001,0.4,0,0,0.3,0.0,4,1,3,5,60.0,0,0,0,0,22.0
marcelo saracchi,uy URU,"DF,MF",Boca Juniors,25,1998,8.9,1,1,1.0,1.2,8,1,365,478,76.36,17,14,12,18,25.0
marco di cesare,ar ARG,DF,Racing Club,22,2002,11.4,0,0,0.1,0.0,6,1,453,563,80.46,19,14,29,10,22.0
marco iacobellis,ar ARG,"FW,MF",Barracas Central,23,2000,9.0,1,0,1.5,0.4,16,4,209,313,66.77,25,12,8,6,23.0
marco pellegrino,ar ARG,DF,Independiente,21,2002,4.9,0,0,0.1,0.0,1,1,121,179,67.6,5,4,5,4,21.0
marco ruben,ar ARG,FW,Rosario Central,37,1986,10.6,1,1,3.1,0.4,22,7,82,134,61.19,12,4,8,3,37.0
marcos acuna,ar ARG,DF,River Plate,32,1991,8.6,0,0,0.2,1.9,5,0,512,643,79.63,16,14,12,6,32.0
marcos echeverria,ar ARG,FW,Banfield,20,2003,3.5,0,0,0.7,0.0,3,0,42,75,56.0,6,2,4,1,20.0
marcos ignacio ledesma,ar ARG,GK,Gimnasia–LP,27,1996,18.0,0,0,0.0,0.0,0,0,346,527,65.65,3,3,0,1,27.0
marcos montiel,uy URU,MF,Godoy Cruz,28,1995,0.3,0,0,0.0,0.0,0,0,2,5,40.0,0,0,0,1,28.0
marcos portillo,ar ARG,MF,Talleres,24,2000,6.9,2,3,0.8,1.3,20,5,265,358,74.02,22,18,10,5,24.0
marcos rojo,ar ARG,DF,Boca Juniors,33,1990,10.8,0,0,0.1,0.1,1,0,656,760,86.32,15,9,16,8,33.0
mariano gerez,ar ARG,MF,Lanús,18,2006,0.5,0,0,0.0,0.0,0,0,16,18,88.89,0,0,0,1,18.0
mariano santiago,ar ARG,MF,Godoy Cruz,22,2001,1.5,0,0,0.0,0.4,1,0,39,45,86.67,1,0,1,1,22.0
mariano troilo,ar ARG,DF,Belgrano,20,2003,17.4,1,0,1.2,0.0,20,7,610,747,81.66,26,12,21,30,20.0
mario sanabria,ar ARG,MF,Deportivo Riestra,21,2002,2.6,0,0,0.4,0.1,4,2,21,55,38.18,6,3,1,2,21.0
martin barrios,uy URU,MF,Racing Club,25,1999,4.7,0,0,0.3,0.1,10,0,194,236,82.2,10,7,8,4,25.0
martin fernandez,uy URU,MF,Gimnasia–LP,22,2001,11.9,0,0,0.7,0.1,11,5,415,524,79.2,19,14,5,10,22.0
martin garay,ar ARG,"DF,MF",Tigre,24,1999,21.7,1,0,0.6,1.8,13,5,910,1262,72.11,49,26,28,20,24.0
martin lazarte,ar ARG,MF,Banfield,18,2005,0.5,0,0,0.0,0.0,0,0,7,10,70.0,2,2,0,1,18.0
martin luciano,ar ARG,DF,Godoy Cruz,20,2003,6.0,0,0,0.1,0.2,3,0,170,244,69.67,17,17,7,11,20.0
martin ortega,ar ARG,DF,Tigre,24,1999,15.8,1,2,0.7,0.9,15,6,563,797,70.64,42,25,23,20,24.0
martin pino,ar ARG,FW,Godoy Cruz,25,1998,5.1,1,0,2.3,0.2,15,4,52,80,65.0,2,2,5,0,25.0
mateo bajamich,ar ARG,"FW,MF",Atlé Tucumán,24,1999,20.4,3,0,5.5,1.4,43,16,363,548,66.24,21,14,16,5,24.0
mateo clemente,ar ARG,GK,San Lorenzo,21,2002,1.0,0,0,0.0,0.0,0,0,11,12,91.67,0,0,0,0,21.0
mateo coronel,ar ARG,FW,Atlé Tucumán,25,1998,16.0,5,1,6.6,2.9,48,17,304,436,69.72,10,4,12,4,25.0
mateo del blanco,ar ARG,DF,Unión,20,2003,11.6,0,3,0.2,2.0,9,1,411,573,71.73,23,14,15,11,20.0
mateo diaz chaves,ar ARG,MF,Arg Juniors,20,2003,0.8,0,0,0.2,0.1,2,1,16,21,76.19,1,0,1,1,20.0
mateo mendia,ar ARG,DF,Boca Juniors,19,2004,2.0,0,0,0.0,0.0,1,1,78,93,83.87,2,1,4,7,19.0
mateo mendoza,ar ARG,DF,Godoy Cruz,19,2004,9.0,3,0,1.0,0.0,7,4,317,398,79.65,29,19,10,16,19.0
mateo pellegrino,ar ARG,FW,Platense,22,2001,21.8,10,1,10.1,1.4,53,17,230,431,53.36,7,4,9,0,22.0
mateo perez,ar ARG,DF,Banfield,23,2000,1.9,0,0,0.1,0.0,1,1,43,62,69.35,3,1,3,0,23.0
mateo sanabria,ar ARG,MF,Lanús,19,2004,1.8,1,1,0.2,0.2,2,1,24,32,75.0,3,2,0,2,19.0
mateo silvetti,ar ARG,"MF,FW",Newell's OB,18,2006,13.5,4,1,2.3,1.7,32,17,165,302,54.64,15,8,16,6,18.0
mathias de ritis,uy URU,DF,Banfield,21,2003,13.5,1,0,0.5,0.8,14,4,370,608,60.86,39,29,13,29,21.0
matias abaldo,uy URU,FW,Gimnasia–LP,19,2004,11.4,3,2,1.9,2.5,25,10,227,356,63.76,4,4,10,4,19.0
matias acevedo,ar ARG,MF,Racing Club,15,2008,0.2,0,0,0.0,0.0,0,0,5,6,83.33,0,0,3,0,15.0
matias catalan,cl CHI,DF,Talleres,31,1992,8.0,1,0,0.2,0.0,3,1,351,427,82.2,12,8,13,10,31.0
matias contrera,ar ARG,FW,Estudiantes–LP,18,2005,0.1,0,0,0.0,0.0,0,0,2,4,50.0,0,0,0,0,18.0
matias de los santos,uy URU,DF,Atlé Tucumán,31,1992,10.1,0,0,0.2,0.0,3,0,228,327,69.72,16,13,7,14,31.0
matias diaz,ar ARG,MF,Cen. Córdoba–SdE,19,2004,0.7,0,0,0.2,0.0,3,0,18,24,75.0,3,2,0,0,19.0
matias espindola,ar ARG,"MF,DF",Tigre,20,2003,0.2,0,0,0.0,0.0,0,0,7,12,58.33,1,1,0,0,20.0
matias esquivel,ar ARG,"MF,FW",Talleres,24,1999,4.2,0,0,0.4,0.3,9,2,220,289,76.12,8,3,7,4,24.0
matias galarza,py PAR,"MF,FW",Talleres,21,2002,13.6,3,1,2.5,0.5,27,13,300,409,73.35,34,19,16,7,21.0
matias gimenez,ar ARG,MF,Independiente,24,1999,0.3,0,0,0.0,0.0,0,0,2,6,33.33,0,0,0,0,24.0
matias godoy,ar ARG,"FW,MF",Cen. Córdoba–SdE,22,2002,15.9,1,3,2.1,2.9,22,7,315,424,74.29,20,13,4,4,22.0
matias gomez,ar ARG,FW,Huracán,20,2003,0.0,0,0,0.0,0.0,0,0,0,0,0.0,0,0,0,0,20.0
matias gonzalez,ar ARG,MF,Banfield,21,2002,10.0,0,2,0.7,0.9,19,5,242,374,64.71,27,19,8,1,21.0
matias kranevitter,ar ARG,MF,River Plate,30,1993,7.4,0,0,0.0,0.2,1,0,378,443,85.33,20,13,7,5,30.0
matias mansilla,ar ARG,GK,Estudiantes–LP,27,1996,26.0,0,0,0.0,0.0,0,0,505,676,74.7,0,0,0,1,27.0
matias marin,cl CHI,"MF,FW",Belgrano,24,1999,1.8,0,1,0.2,0.2,3,1,49,80,61.25,2,1,4,0,24.0
matias miranda,ar ARG,MF,Gimnasia–LP,23,2000,0.8,0,0,0.0,0.1,0,0,29,43,67.44,6,5,3,0,23.0
matias moreno,ar ARG,DF,Belgrano,20,2003,5.7,0,0,0.1,0.0,3,1,195,254,76.77,13,9,12,11,20.0
matias orihuela,ar ARG,"DF,MF",Atlé Tucumán,31,1992,3.8,0,0,0.1,0.3,2,0,73,106,68.87,11,6,4,4,31.0
matias pellegrini,ar ARG,FW,Vélez Sarsfield,23,2000,4.3,1,0,0.8,0.4,5,1,130,186,69.89,12,7,7,5,23.0
matias perello,ar ARG,"FW,MF",Arg Juniors,22,2001,2.8,0,0,0.7,0.8,10,5,37,69,53.62,7,5,3,2,22.0
matias ramirez,ar ARG,FW,Gimnasia–LP,24,1999,0.0,0,0,0.0,0.1,0,0,5,10,50.0,1,1,1,0,24.0
matias reali,ar ARG,"FW,MF",San Lorenzo,26,1997,7.5,0,0,0.6,0.6,8,3,120,219,54.79,9,4,5,5,26.0
matias rosales,ar ARG,"DF,MF",Sarmiento,18,2005,2.9,0,0,0.0,0.2,0,0,25,58,43.1,12,7,5,1,18.0
matias ruiz diaz,ar ARG,DF,Ind. Rivadavia,27,1996,7.8,0,0,0.4,0.3,5,0,166,283,58.66,16,10,10,4,27.0
matias sosa,ar ARG,"FW,MF",Defensa y Just,22,2001,2.1,1,0,0.6,0.0,6,2,45,70,64.29,7,6,7,1,22.0
matias suarez,ar ARG,"FW,DF",Belgrano,35,1988,7.2,2,0,1.7,1.0,18,9,146,192,76.04,5,2,5,0,35.0
matko miljevic,us USA,"MF,FW",Newell's OB,22,2001,12.8,2,1,1.3,1.8,38,8,407,555,73.33,9,7,8,4,22.0
mauricio asenjo,ar ARG,FW,Ind. Rivadavia,29,1994,7.6,0,0,1.0,0.3,12,4,87,170,51.18,7,5,6,0,29.0
mauricio cardillo,ar ARG,"MF,DF",Ind. Rivadavia,20,2003,7.2,0,1,1.3,0.1,8,3,107,193,55.44,10,6,11,9,20.0
mauricio isla,cl CHI,DF,Independiente,35,1988,3.0,0,1,0.0,0.1,0,0,108,138,78.26,4,3,4,6,35.0
mauricio martinez,ar ARG,"MF,DF",Rosario Central,30,1993,15.1,0,0,0.8,0.1,19,3,613,741,82.73,30,17,8,15,30.0
mauricio roldan,ar ARG,FW,Banfield,18,2005,4.9,0,1,0.7,0.6,12,4,58,91,63.74,6,3,3,1,18.0
mauro luna diale,ar ARG,MF,Unión,24,1999,4.0,0,1,0.2,0.9,7,3,141,192,73.44,4,3,5,5,24.0
mauro maidana,ar ARG,DF,Ind. Rivadavia,33,1990,1.8,0,0,0.0,0.1,0,0,36,53,67.92,1,1,0,0,33.0
mauro mendez,uy URU,"FW,MF",Estudiantes–LP,25,1999,1.2,1,0,0.6,0.0,4,2,20,29,68.97,0,0,1,0,25.0
mauro pitton,ar ARG,MF,Unión,29,1994,24.9,2,2,1.5,1.9,28,3,826,1116,74.01,57,28,30,27,29.0
maxi gonzalez,ar ARG,MF,Lanús,19,2004,0.8,0,0,0.0,0.0,1,0,12,20,60.0,1,1,1,1,19.0
maximiliano brito,uy URU,FW,Deportivo Riestra,32,1991,0.7,0,0,0.2,0.0,2,0,8,14,57.14,0,0,2,1,32.0
maximiliano lovera,ar ARG,"FW,MF",Rosario Central,24,1999,9.8,0,2,1.0,1.6,7,1,286,409,69.93,8,6,8,14,24.0
maximiliano meza,ar ARG,"MF,FW",River Plate,31,1992,11.1,4,1,2.9,1.1,23,9,451,573,78.71,38,25,19,7,31.0
maximiliano puig,ar ARG,"MF,DF",Barracas Central,23,2000,3.8,0,0,0.3,0.2,5,1,71,101,70.3,9,6,3,6,23.0
maximiliano rodriguez,ar ARG,"DF,MF",Deportivo Riestra,35,1988,3.6,0,1,0.0,0.5,1,0,38,78,48.72,8,4,3,0,35.0
maximiliano romero,ar ARG,FW,Arg Juniors,25,1999,15.0,4,1,2.8,1.4,19,9,125,192,65.1,7,5,3,3,25.0
maximiliano salas,ar ARG,"FW,MF",Racing Club,26,1997,17.9,4,1,5.1,2.2,46,13,248,399,62.16,24,14,13,3,26.0
maximiliano urruti,ar ARG,FW,Platense,32,1991,0.3,0,0,0.0,0.0,0,0,5,7,71.43,0,0,1,0,32.0
maximiliano zalazar,ar ARG,"FW,MF",Barracas Central,22,2001,11.0,1,0,1.6,0.2,27,7,135,234,57.69,11,6,13,6,22.0
maximo oses,ar ARG,"FW,MF",Belgrano,18,2005,0.6,0,0,0.0,0.1,1,1,13,25,52.0,1,1,0,0,18.0
michael santos,uy URU,"FW,MF",Vélez Sarsfield,30,1993,3.2,3,0,2.2,0.1,10,6,32,63,50.79,1,0,2,1,30.0
miguel angel torren,ar ARG,DF,Unión,35,1988,8.6,0,0,0.0,0.1,0,0,288,345,83.48,7,5,4,7,35.0
miguel barbieri,ar ARG,DF,Rosario Central,30,1993,7.3,0,0,0.1,0.4,3,0,224,305,73.44,8,4,11,19,30.0
miguel borja,co COL,FW,River Plate,31,1993,14.8,11,1,13.0,1.1,60,23,202,313,64.54,16,12,10,1,31.0
miguel brizuela,ar ARG,DF,Instituto,27,1997,5.9,0,0,0.0,0.1,1,0,162,226,71.68,6,4,9,4,27.0
miguel merentiel,uy URU,FW,Boca Juniors,27,1996,19.0,7,3,8.1,3.7,45,16,300,443,67.72,5,3,5,5,27.0
miguel navarro,ve VEN,DF,Talleres,24,1999,18.5,1,3,0.3,0.8,9,1,804,992,81.05,26,18,22,27,24.0
milton casco,ar ARG,DF,River Plate,35,1988,13.7,0,1,0.1,1.1,4,0,754,934,80.73,14,8,9,17,35.0
milton celiz,ar ARG,MF,Deportivo Riestra,31,1992,19.3,0,0,2.6,1.1,28,6,289,515,56.12,51,35,35,21,31.0
milton delgado,ar ARG,MF,Boca Juniors,18,2005,4.1,0,0,0.0,0.0,1,0,140,165,84.85,20,12,5,4,18.0
milton gimenez,ar ARG,FW,Banfield,27,1996,4.9,4,0,4.7,0.0,13,6,53,82,64.63,5,2,3,0,27.0
misael jaime,ar ARG,"FW,MF",Newell's OB,20,2004,0.9,0,1,0.0,0.1,0,0,16,28,57.14,3,2,0,1,20.0
moises brandan,ar ARG,DF,Atlé Tucumán,23,2000,12.8,0,1,0.4,1.1,11,2,303,504,60.12,37,29,19,16,23.0
nahuel banegas,ar ARG,DF,Tigre,27,1996,15.1,1,0,2.0,0.2,33,13,568,804,70.65,31,16,26,21,27.0
nahuel barrios,ar ARG,"MF,FW",San Lorenzo,25,1998,7.8,0,0,0.4,0.2,14,3,281,345,81.45,17,13,5,2,25.0
nahuel bustos,ar ARG,MF,San Lorenzo,25,1998,9.0,1,1,1.9,1.3,35,8,196,287,68.29,8,5,5,3,25.0
nahuel gallardo,ar ARG,DF,Ind. Rivadavia,25,1998,0.2,0,0,0.0,0.0,0,0,7,11,63.64,3,1,0,0,25.0
nahuel genez,ar ARG,DF,Tigre,20,2003,0.5,0,0,0.0,0.0,0,0,27,35,77.14,0,0,1,1,20.0
nahuel losada,ar ARG,GK,Lanús,30,1993,17.0,0,0,0.0,0.0,0,0,396,547,72.39,0,0,0,0,30.0
nahuel manganelli,ar ARG,GK,Deportivo Riestra,22,2001,2.0,0,0,0.0,0.0,0,0,21,57,36.84,1,1,0,0,22.0
nazareno colombo,ar ARG,DF,Racing Club,24,1999,16.9,1,0,0.5,0.3,11,2,690,900,76.67,32,21,16,18,24.0
nehuen benedetti,ar ARG,MF,Estudiantes–LP,18,2005,0.9,0,0,0.0,0.1,0,0,38,51,74.51,1,1,0,0,18.0
nehuen paz,ar ARG,DF,Tigre,30,1993,19.8,1,0,0.4,0.0,9,2,721,902,79.93,22,18,29,21,30.0
nelson insfran,ar ARG,GK,Gimnasia–LP,28,1995,9.0,0,0,0.0,0.0,0,0,199,269,73.98,0,0,0,0,28.0
nery dominguez,ar ARG,"DF,MF",Lanús,33,1990,11.0,0,0,0.0,0.1,3,0,470,584,80.48,17,9,12,17,33.0
nestor breitenbruch,ar ARG,DF,Atlé Tucumán,28,1995,10.4,1,0,0.7,0.1,8,3,320,449,71.27,27,18,13,7,28.0
nicolas benegas,ar ARG,FW,Deportivo Riestra,27,1996,10.5,3,3,2.1,2.1,29,6,108,228,47.37,10,7,10,6,27.0
nicolas blandi,ar ARG,FW,Defensa y Just,34,1990,0.5,0,0,0.0,0.0,0,0,6,9,66.67,0,0,0,0,34.0
nicolas capraro,ar ARG,DF,Barracas Central,25,1998,23.4,0,0,0.6,0.2,10,2,653,867,75.32,37,21,25,26,25.0
nicolas caro,ar ARG,DF,Deportivo Riestra,28,1995,20.1,1,0,1.1,0.3,12,4,192,333,57.66,12,7,9,24,28.0
nicolas castro,ar ARG,MF,Atlé Tucumán,33,1990,4.0,0,0,0.1,0.8,5,1,104,159,65.41,22,13,9,3,33.0
nicolas colazo,ar ARG,"DF,MF",Gimnasia–LP,33,1990,16.1,1,1,0.3,1.2,7,1,507,736,68.89,36,23,22,20,33.0
nicolas cordero,ar ARG,"FW,MF",Arg Juniors,24,1999,2.1,0,0,1.1,0.6,8,0,38,68,55.88,3,1,2,0,24.0
nicolas demartini,ar ARG,DF,Barracas Central,24,1999,15.6,1,0,0.7,0.1,6,4,360,475,75.79,33,21,30,26,24.0
nicolas dematei,ar ARG,DF,Deportivo Riestra,36,1987,2.5,0,0,0.2,0.0,3,0,25,56,44.64,1,0,2,3,36.0
nicolas dubersarsky,ar ARG,MF,Instituto,19,2004,20.1,0,1,0.1,0.2,4,0,551,683,80.67,50,34,38,20,19.0
nicolas fernandez,ar ARG,"FW,MF",Belgrano,27,1996,12.2,5,3,3.1,1.9,34,11,205,292,70.21,4,2,4,2,27.0
nicolas fonseca,uy URU,MF,River Plate,25,1998,6.2,0,0,0.1,0.1,4,1,363,432,84.03,24,17,8,16,25.0
nicolas gaitan,ar ARG,"MF,FW",Sarmiento,35,1988,14.3,1,2,1.4,2.6,15,1,330,563,58.61,24,14,14,9,35.0
nicolas garayalde,ar ARG,MF,Gimnasia–LP,24,1999,14.2,0,0,0.4,0.5,11,2,472,633,74.57,67,47,21,18,24.0
nicolas hernandez,co COL,DF,Banfield,26,1998,14.5,0,0,0.0,0.2,1,0,416,518,80.31,14,10,18,14,26.0
nicolas meriano,ar ARG,DF,Belgrano,23,2000,5.3,0,0,0.4,0.2,7,1,234,326,71.78,14,6,5,12,23.0
nicolas morgantini,ar ARG,DF,Lanús,29,1994,11.8,0,1,0.5,1.0,8,1,337,465,72.47,20,14,15,13,29.0
nicolas oroz,ar ARG,"MF,FW",Arg Juniors,29,1994,16.6,2,0,0.9,1.6,23,7,565,776,72.81,33,17,26,18,29.0
nicolas orsini,ar ARG,FW,Unión,29,1994,17.1,4,2,6.3,2.1,45,16,225,367,61.31,15,9,10,4,29.0
nicolas palavecino,ar ARG,"FW,MF",Defensa y Just,20,2003,7.2,0,1,1.5,0.7,14,3,157,209,75.12,20,10,15,3,20.0
nicolas paz,ar ARG,DF,Unión,21,2002,16.4,0,0,0.4,0.0,7,0,507,707,71.71,33,26,18,23,21.0
nicolas quagliata,uy URU,"FW,MF",Cen. Córdoba–SdE,24,1999,1.3,0,0,0.4,0.2,3,2,57,79,72.15,3,2,1,4,24.0
nicolas romero,ar ARG,DF,Atlé Tucumán,20,2003,23.7,0,0,0.9,0.2,17,6,531,849,62.54,30,17,47,24,20.0
nicolas sanchez,ar ARG,FW,Gimnasia–LP,19,2004,0.1,0,0,0.0,0.0,0,0,1,1,100.0,0,0,0,0,19.0
nicolas sansotre,ar ARG,DF,Deportivo Riestra,30,1993,24.9,0,2,0.2,0.6,5,1,353,581,60.76,33,23,26,32,30.0
nicolas servetto,ar ARG,"FW,DF",Atlé Tucumán,27,1996,0.3,0,0,0.1,0.0,1,0,8,11,72.73,0,0,0,0,27.0
nicolas sumavil,ar ARG,GK,Platense,24,1999,1.0,0,0,0.0,0.0,0,0,5,17,29.41,0,0,0,0,24.0
nicolas tolosa,ar ARG,DF,Barracas Central,22,2001,2.0,0,0,0.0,0.0,1,0,69,95,72.63,3,1,1,2,22.0
nicolas tripichio,ar ARG,"DF,MF",San Lorenzo,28,1996,7.6,0,1,0.0,0.6,2,1,261,345,75.65,18,10,7,6,28.0
nicolas vallejo,ar ARG,"MF,FW",Independiente,20,2004,1.9,0,0,0.1,0.0,5,0,44,59,74.58,2,2,3,0,20.0
norberto briasco,am ARM,"MF,FW",Boca Juniors,27,1996,0.5,0,0,0.0,0.0,0,0,5,9,55.56,0,0,1,0,27.0
octavio ontivero,ar ARG,DF,Lanús,18,2006,2.3,0,0,0.0,0.0,0,0,82,109,75.23,7,5,4,1,18.0
orlando gill,py PAR,GK,San Lorenzo,23,2000,1.0,0,0,0.0,0.0,0,0,20,28,71.43,0,0,0,0,23.0
oscar arias,ar ARG,DF,San Lorenzo,19,2005,6.1,0,0,0.2,0.1,3,1,211,296,71.28,19,10,8,12,19.0
oscar garrido,ar ARG,"DF,MF",Cen. Córdoba–SdE,26,1997,3.6,0,0,0.0,0.2,0,0,127,150,84.67,5,2,1,1,26.0
oscar salomon,ar ARG,"DF,FW",Platense,24,1999,1.2,0,0,0.0,0.0,0,0,12,23,52.17,2,0,2,1,24.0
pablo altamirano,ar ARG,MF,Newell's OB,19,2005,1.6,0,0,0.0,0.1,2,2,67,81,82.72,0,0,2,2,19.0
pablo chavarria,ar ARG,FW,Belgrano,36,1988,6.7,2,0,3.2,0.7,13,7,105,166,63.25,6,3,7,0,36.0
pablo de blasis,ar ARG,"MF,FW",Gimnasia–LP,35,1988,14.2,2,0,3.9,1.4,14,5,530,733,72.31,28,17,16,11,35.0
pablo monje,ar ARG,MF,Deportivo Riestra,26,1997,22.3,0,2,0.2,1.3,7,1,348,624,55.77,50,33,34,33,26.0
pablo piatti,ar ARG,"FW,MF",Estudiantes–LP,34,1989,10.4,2,1,1.8,1.8,22,10,247,375,65.87,26,19,17,6,34.0
pablo siles,uy URU,MF,Huracán,26,1997,3.0,0,1,0.0,0.6,0,0,93,118,78.81,7,7,9,5,26.0
pablo solari,ar ARG,FW,River Plate,22,2001,16.5,6,1,5.1,4.1,49,21,321,500,64.2,18,11,22,6,22.0
patricio pernicone,ar ARG,DF,Vélez Sarsfield,22,2001,6.2,0,0,0.0,0.0,1,0,212,252,84.13,5,3,10,4,22.0
patricio tanda,ar ARG,"MF,DF",Unión,21,2002,2.7,0,0,0.0,0.5,3,0,133,161,82.61,3,1,3,2,21.0
paulo diaz,cl CHI,DF,River Plate,29,1994,20.3,2,0,1.1,1.0,21,6,1387,1590,87.23,25,17,13,41,29.0
pedro ramirez,ar ARG,"DF,MF",Deportivo Riestra,23,2000,20.4,0,1,1.3,1.9,19,6,314,579,54.23,51,38,36,19,23.0
pedro velurtas,ar ARG,DF,Barracas Central,22,2001,5.6,0,0,0.1,0.1,4,1,180,255,70.59,11,5,9,10,22.0
pier barrios,ar ARG,DF,Godoy Cruz,33,1990,21.0,0,0,0.2,0.1,6,3,629,835,75.33,25,18,21,23,33.0
rafael barrios,ar ARG,"DF,MF",Cen. Córdoba–SdE,30,1993,17.3,1,1,2.0,1.1,16,3,665,937,70.97,46,30,30,12,30.0
rafael ferrario,ar ARG,GK,Barracas Central,23,2000,8.0,0,0,0.0,0.0,0,0,116,221,52.49,0,0,0,0,23.0
rafael marcelo delgado,ar ARG,DF,Belgrano,34,1990,14.7,0,1,0.0,0.6,0,0,461,625,73.76,29,20,23,21,34.0
rafael profini,ar ARG,"DF,FW",Unión,20,2003,0.1,0,0,0.0,0.0,0,0,7,10,70.0,0,0,1,0,20.0
ramiro carrera,ar ARG,"FW,MF",Lanús,30,1993,12.7,1,1,2.4,1.0,38,6,306,447,68.46,26,13,18,10,30.0
ramiro degregorio,ar ARG,MF,Racing Club,20,2003,0.2,0,0,0.0,0.0,0,0,3,4,75.0,0,0,1,0,20.0
ramiro di luciano,ar ARG,DF,Banfield,20,2004,11.8,0,1,0.2,1.4,5,0,248,415,59.76,28,19,23,12,20.0
ramiro funes mori,ar ARG,DF,River Plate,32,1991,1.7,0,0,0.0,0.0,0,0,88,104,84.62,2,2,2,1,32.0
ramiro hernandes,ar ARG,"MF,DF",Belgrano,19,2004,1.8,1,0,0.1,0.0,1,1,45,68,66.18,6,2,3,3,19.0
ramiro macagno,ar ARG,GK,Newell's OB,26,1997,13.2,0,0,0.0,0.0,0,0,274,401,68.33,1,1,0,1,26.0
ramiro ruiz,ar ARG,"FW,MF",Talleres,23,2000,4.6,0,0,1.4,0.6,10,3,49,77,63.64,3,1,4,5,23.0
ramon abila,ar ARG,FW,Huracán,34,1989,8.2,0,0,2.2,0.7,15,2,97,162,59.88,2,1,3,0,34.0
ramon arias,uy URU,DF,Tigre,31,1992,7.4,0,1,0.2,0.0,4,3,294,357,82.35,8,7,4,12,31.0
ramon cansinos,ar ARG,"MF,FW",Cen. Córdoba–SdE,21,2002,2.2,0,0,0.0,0.0,2,0,39,59,66.1,1,1,1,0,21.0
ramon sosa,py PAR,FW,Talleres,24,1999,2.2,2,1,0.1,0.2,3,2,37,58,63.79,2,0,1,0,24.0
randall rodriguez,uy URU,GK,Vélez Sarsfield,20,2003,1.0,0,0,0.0,0.0,0,0,31,39,79.49,0,0,0,0,20.0
raul loaiza,co COL,MF,Lanús,29,1994,9.4,0,0,0.4,0.1,6,2,294,351,83.76,18,9,17,12,29.0
renzo tesuri,ar ARG,"MF,DF",Atlé Tucumán,27,1996,23.4,6,3,5.9,2.5,30,9,486,730,66.58,50,34,38,15,27.0
roberto nicolas fernandez,uy URU,MF,Godoy Cruz,25,1998,14.1,2,2,1.5,1.2,18,5,444,630,70.48,25,15,22,19,25.0
roberto ramirez,ar ARG,GK,Godoy Cruz,27,1996,1.0,0,0,0.0,0.0,0,0,31,39,79.49,0,0,0,0,27.0
rodrigo aliendro,ar ARG,MF,River Plate,32,1991,5.7,0,0,0.9,0.9,9,2,269,333,80.78,14,11,13,7,32.0
rodrigo atencio,ar ARG,"MF,FW",Cen. Córdoba–SdE,21,2002,20.2,4,1,3.8,1.4,44,12,709,910,77.91,27,17,12,7,21.0
rodrigo bogarin,py PAR,"MF,FW",Defensa y Just,26,1997,10.0,1,0,0.7,0.9,21,7,377,510,73.92,24,19,6,4,26.0
rodrigo cabral,ar ARG,FW,Huracán,23,2000,15.4,2,1,1.5,0.7,27,11,277,436,63.53,37,22,28,11,23.0
rodrigo castillo,ar ARG,FW,Gimnasia–LP,24,1999,25.9,6,2,8.6,2.3,65,19,497,710,70.0,19,12,33,7,24.0
rodrigo cavallera,ar ARG,"FW,DF",Deportivo Riestra,24,2000,0.6,0,0,0.0,0.0,1,1,5,9,55.56,1,0,0,0,24.0
rodrigo echeverria,cl CHI,MF,Huracán,28,1995,23.9,3,1,2.0,1.5,22,10,792,1023,77.42,58,46,34,28,28.0
rodrigo fernandez,uy URU,MF,Newell's OB,28,1996,16.4,0,0,0.3,0.3,12,1,570,753,75.7,52,40,27,18,28.0
rodrigo gallo,ar ARG,"DF,MF",Gimnasia–LP,23,2000,5.4,0,0,0.2,0.1,4,0,192,283,67.84,12,9,6,6,23.0
rodrigo herrera,ar ARG,MF,Barracas Central,23,2000,17.3,0,2,0.4,0.2,7,1,453,622,72.83,72,43,25,24,23.0
rodrigo inaki melo,ar ARG,MF,Atlé Tucumán,28,1995,2.0,0,0,0.0,0.0,0,0,57,82,69.51,8,4,5,7,28.0
rodrigo insua,ar ARG,"DF,MF",Barracas Central,26,1997,24.9,3,1,1.7,3.1,22,5,713,1113,64.06,45,34,33,32,26.0
rodrigo marquez,ar ARG,FW,Platense,21,2002,0.1,0,0,0.0,0.0,0,0,2,3,66.67,0,0,0,0,21.0
rodrigo perez,uy URU,MF,Instituto,27,1996,0.6,0,0,0.3,0.2,1,1,19,28,67.86,2,2,2,0,27.0
rodrigo pineiro,uy URU,"FW,MF",Vélez Sarsfield,24,1999,0.8,0,0,0.7,0.0,2,2,22,35,62.86,0,0,1,0,24.0
rodrigo rey,ar ARG,GK,Independiente,32,1991,27.0,0,0,0.0,0.0,0,0,582,823,70.72,2,2,0,0,32.0
rodrigo saravia,uy URU,MF,Gimnasia–LP,23,2000,5.0,0,0,0.2,0.0,6,0,140,186,75.27,15,11,9,3,23.0
rodrigo sayavedra,ar ARG,"DF,MF",Deportivo Riestra,28,1995,7.4,0,0,0.1,0.1,3,1,131,278,47.12,22,11,8,16,28.0
rodrigo villagra,ar ARG,MF,River Plate,22,2001,11.1,0,1,0.1,0.2,5,2,459,528,86.93,25,14,14,13,22.0
roger martinez,co COL,"FW,MF",Racing Club,29,1994,9.6,5,0,3.2,1.0,29,11,130,194,67.01,10,4,2,0,29.0
roman gomez,ar ARG,DF,Estudiantes–LP,19,2004,2.0,0,0,0.0,0.0,1,0,57,86,66.28,5,3,1,5,19.0
roman vega,ar ARG,DF,Arg Juniors,20,2004,20.4,0,0,0.2,1.6,14,2,725,1031,70.32,54,32,21,20,20.0
ronaldo martinez,py PAR,"FW,MF",Platense,27,1996,10.4,3,0,1.9,0.5,24,8,115,263,43.73,4,1,5,3,27.0
ruben botta,ar ARG,"MF,FW",Talleres,34,1990,15.9,2,5,2.4,2.1,21,8,524,709,73.91,20,12,9,10,34.0
ruben martinez,ar ARG,MF,Independiente,19,2004,15.7,0,0,1.0,0.3,13,4,370,516,71.71,45,25,23,20,19.0
salomon rodriguez,uy URU,FW,Godoy Cruz,23,2000,18.4,8,1,11.1,0.8,49,20,189,310,60.97,14,10,18,1,23.0
samuel beltran,ar ARG,MF,Rosario Central,19,2004,0.7,0,0,0.0,0.0,1,0,19,28,67.86,4,2,1,2,19.0
santi ramos mingo,ar ARG,DF,Defensa y Just,22,2001,22.0,1,1,1.9,0.2,18,6,831,1015,81.87,29,16,24,33,22.0
santiago arzamendia,py PAR,DF,Estudiantes–LP,25,1998,9.3,0,0,0.2,1.9,9,2,302,424,71.23,23,11,9,13,25.0
santiago ascacibar,ar ARG,MF,Estudiantes–LP,26,1997,21.4,4,1,2.9,1.6,39,12,1009,1235,81.7,75,45,31,24,26.0
santiago caseres,ar ARG,MF,Vélez Sarsfield,26,1997,0.3,0,0,0.1,0.0,1,1,26,28,92.86,0,0,0,0,26.0
santiago coronel,ar ARG,"MF,FW",Barracas Central,23,2000,4.2,0,1,0.2,1.5,11,0,268,358,74.86,8,6,3,2,23.0
santiago dalmasso,ar ARG,MF,Boca Juniors,19,2004,0.1,0,0,0.0,0.0,0,0,7,7,100.0,0,0,0,0,19.0
santiago esquivel,ar ARG,MF,Banfield,20,2004,3.2,0,0,0.1,0.0,1,0,86,107,80.37,8,5,3,5,20.0
santiago flores,ar ARG,DF,Estudiantes–LP,22,2001,3.0,0,1,0.0,0.2,1,0,123,157,78.34,6,3,2,3,22.0
santiago godoy,ar ARG,FW,Defensa y Just,22,2001,0.5,0,0,0.0,0.2,0,0,6,7,85.71,0,0,0,0,22.0
santiago gonzalez,ar ARG,MF,Tigre,20,2003,16.1,1,1,0.8,1.1,11,2,445,561,79.32,62,33,40,32,20.0
santiago hidalgo,ar ARG,"FW,MF",Independiente,18,2005,8.1,1,2,3.4,1.4,30,14,116,170,68.24,21,15,14,1,18.0
santiago laquidain,ar ARG,DF,Cen. Córdoba–SdE,22,2001,5.7,0,1,0.0,0.2,1,0,293,348,84.2,16,11,6,5,22.0
santiago lencina,ar ARG,FW,River Plate,18,2005,0.1,0,0,0.0,0.0,0,0,8,11,72.73,1,0,0,0,18.0
santiago longo,ar ARG,MF,Belgrano,25,1998,6.7,0,0,0.6,0.4,1,0,298,346,86.13,10,6,12,5,25.0
santiago lopez,ar ARG,FW,Independiente,17,2006,10.6,1,0,1.2,0.8,12,5,164,254,64.57,27,19,10,4,17.0
santiago martinez,ar ARG,MF,Godoy Cruz,20,2004,0.2,0,0,0.0,0.0,0,0,0,0,0.0,0,0,0,0,20.0
santiago montiel,ar ARG,"FW,MF",Independiente,23,2000,11.0,4,4,2.1,2.0,26,8,252,367,68.66,18,12,8,4,23.0
santiago morales,0,DF,Sarmiento,0,0,0.5,0,0,0.0,0.0,0,0,9,16,56.25,1,1,0,1,0.0
santiago quiros,ar ARG,DF,Racing Club,20,2003,11.6,1,0,0.9,0.2,5,1,524,663,79.03,17,14,9,18,20.0
santiago rodriguez,ar ARG,"FW,MF",Arg Juniors,26,1997,5.8,0,0,0.6,0.7,16,3,135,210,64.29,5,4,2,1,26.0
santiago salle,ar ARG,DF,Independiente,19,2004,7.3,0,1,0.2,0.7,4,0,221,307,71.99,6,4,7,13,19.0
santiago segovia,ar ARG,"MF,FW",Rosario Central,16,2007,1.5,1,0,0.4,0.0,2,1,44,57,77.19,4,4,2,0,16.0
santiago simon,ar ARG,"MF,DF",River Plate,21,2002,19.2,0,1,0.6,1.0,19,4,992,1263,78.54,55,36,26,17,21.0
santiago solari,ar ARG,"FW,MF",Racing Club,26,1998,9.2,2,2,2.0,1.5,19,4,185,292,63.36,11,9,6,3,26.0
santiago sosa,ar ARG,MF,San Lorenzo,19,2005,9.8,0,0,0.2,0.2,6,0,221,282,78.37,12,7,7,16,19.0
santiago toloza,ar ARG,MF,Independiente,21,2002,1.5,0,0,0.2,0.1,8,0,49,62,79.03,0,0,2,1,21.0
santino andino,ar ARG,"MF,FW",Godoy Cruz,18,2005,11.7,2,2,1.2,1.3,16,5,121,206,58.74,28,15,16,7,18.0
santino primante,ar ARG,"FW,MF",Gimnasia–LP,19,2004,3.7,0,1,0.4,0.4,6,3,36,56,64.29,4,2,2,1,19.0
sasha marcich,ar ARG,DF,Platense,25,1998,24.3,1,1,1.5,1.2,23,7,582,1012,57.51,80,54,27,42,25.0
saul salcedo,py PAR,DF,Newell's OB,26,1997,19.9,1,0,0.9,0.1,15,3,727,868,83.76,22,13,27,25,26.0
sebastian blanco,ar ARG,MF,San Lorenzo,35,1988,1.7,1,0,0.2,0.1,4,1,41,68,60.29,1,1,1,1,35.0
sebastian boselli,uy URU,DF,Estudiantes–LP,20,2003,8.9,1,0,0.5,0.1,7,3,308,391,78.77,17,8,16,13,20.0
sebastian medina,ar ARG,"FW,DF",Tigre,23,2000,5.5,1,0,0.7,0.3,6,1,90,160,56.25,12,6,9,2,23.0
sebastian meza,ar ARG,GK,Huracán,23,2000,3.0,0,0,0.0,0.5,0,0,68,97,70.1,0,0,0,0,23.0
sebastian moyano,ar ARG,GK,Barracas Central,33,1990,9.0,0,0,0.0,0.0,0,0,230,299,76.92,0,0,0,0,33.0
sebastian palacios,ar ARG,"FW,MF",Talleres,32,1992,5.8,2,1,1.6,0.6,11,3,103,154,66.88,9,2,5,2,32.0
sebastian prieto,ar ARG,DF,Arg Juniors,30,1993,7.0,0,0,0.3,0.3,12,2,301,413,72.88,13,11,15,9,30.0
sebastian ramirez,ar ARG,FW,Huracán,23,2000,4.7,0,1,1.4,0.3,10,1,56,84,66.67,10,3,4,0,23.0
sebastian valdez,ar ARG,DF,Cen. Córdoba–SdE,28,1995,22.7,0,0,0.4,0.2,7,2,910,1120,81.25,39,20,19,22,28.0
sebastian villa,co COL,FW,Ind. Rivadavia,27,1996,21.6,4,6,3.4,4.4,49,18,399,674,59.2,12,8,10,5,27.0
sergio quiroga,ar ARG,MF,Sarmiento,29,1994,2.1,0,1,0.0,0.1,1,0,25,44,56.82,6,4,4,4,29.0
sergio romero,ar ARG,GK,Boca Juniors,36,1987,15.9,0,0,0.0,0.0,0,0,345,478,72.18,0,0,0,0,36.0
sheyko studer,ar ARG,DF,Ind. Rivadavia,21,2002,13.8,2,0,0.6,0.0,6,3,329,459,71.68,19,12,22,23,21.0
silvio romero,ar ARG,"FW,MF",Instituto,35,1988,2.6,1,0,0.8,0.1,6,4,24,41,58.54,1,0,1,0,35.0
silvio ulariaga,ar ARG,FW,Godoy Cruz,21,2002,4.1,2,0,2.2,0.2,9,3,47,66,71.21,0,0,0,0,21.0
simon rivero,ar ARG,MF,Unión,20,2003,18.4,1,1,1.4,1.6,27,8,395,583,67.75,37,21,28,5,20.0
siro rosane,ar ARG,MF,Barracas Central,23,2000,18.2,0,0,0.6,0.5,21,5,593,738,80.35,68,35,19,24,23.0
stefano moreyra,ar ARG,MF,Instituto,22,2001,6.3,0,0,0.1,0.2,5,0,173,250,69.2,16,12,11,21,22.0
thiago cardozo,uy URU,GK,Unión,27,1996,26.0,0,0,0.0,0.3,0,0,452,713,63.39,1,1,0,0,27.0
thiago fernandez,ar ARG,FW,Vélez Sarsfield,19,2004,21.3,5,5,5.1,4.9,43,13,422,649,65.02,28,13,14,9,19.0
thiago nuss,ar ARG,FW,Cen. Córdoba–SdE,22,2001,0.8,0,0,0.2,0.0,3,0,7,13,53.85,2,0,0,0,22.0
thiago ponce,ar ARG,FW,Rosario Central,19,2005,0.1,0,0,0.0,0.0,0,0,1,2,50.0,0,0,0,1,19.0
thiago santamaria,ar ARG,DF,Arg Juniors,20,2003,12.9,0,0,0.2,0.5,9,1,502,703,71.41,32,21,15,14,20.0
thomas galdames,cl CHI,DF,Godoy Cruz,25,1998,3.0,0,0,0.2,0.3,4,1,97,130,74.62,7,3,4,1,25.0
thyago ayala,ar ARG,GK,Sarmiento,22,2001,1.0,0,0,0.0,0.0,0,0,9,25,36.0,0,0,0,0,22.0
tiago banega,ar ARG,"MF,DF",Unión,24,1999,0.2,0,0,0.0,0.0,0,0,6,10,60.0,0,0,0,1,24.0
tiago ferreyra,ar ARG,"FW,DF",Defensa y Just,21,2002,0.0,0,0,0.0,0.0,0,0,1,2,50.0,0,0,0,0,21.0
tiago palacios,uy URU,"FW,MF",Estudiantes–LP,22,2001,19.4,3,3,4.2,2.1,55,15,584,779,74.97,36,27,32,13,22.0
tobias cervera,sy SYR,FW,Platense,21,2002,1.6,0,0,0.3,0.1,1,1,20,27,74.07,6,4,5,3,21.0
tobias medina,ar ARG,"MF,FW",San Lorenzo,19,2004,0.6,0,0,0.0,0.1,0,0,37,44,84.09,1,0,0,0,19.0
tobias ostchega,ar ARG,DF,Ind. Rivadavia,25,1998,20.7,0,0,1.2,1.7,13,3,571,841,67.9,39,26,20,36,25.0
tobias palacio,ar ARG,DF,Arg Juniors,17,2006,11.6,0,0,0.6,0.2,5,1,546,659,82.85,16,6,18,14,17.0
tobias rubio,ar ARG,MF,Racing Club,19,2004,0.1,0,0,0.0,0.0,0,0,5,5,100.0,1,1,0,0,19.0
tomas badaloni,ar ARG,FW,Godoy Cruz,23,2000,0.4,0,0,0.3,0.0,5,1,4,5,80.0,0,0,2,1,23.0
tomas belmonte,ar ARG,MF,Boca Juniors,25,1998,13.5,0,0,1.0,0.0,8,2,580,671,86.44,38,23,15,15,25.0
tomas castro,ar ARG,"MF,DF",Atlé Tucumán,22,2001,2.7,1,0,0.5,0.3,2,2,72,128,56.25,9,5,5,4,22.0
tomas cavanagh,ar ARG,"FW,DF",Tigre,23,2001,3.3,0,0,0.3,0.2,4,1,125,174,71.84,11,6,3,4,23.0
tomas conechny,ar ARG,FW,Godoy Cruz,25,1998,2.4,0,0,0.3,0.7,10,2,50,72,69.44,1,0,4,0,25.0
tomas durso,ar ARG,GK,Atlé Tucumán,24,1999,27.0,0,0,0.0,0.1,0,0,357,699,51.07,1,1,0,0,24.0
tomas fernandez,ar ARG,DF,Tigre,20,2004,3.3,0,0,0.0,0.0,0,0,166,187,88.77,8,4,2,7,20.0
tomas galvan,ar ARG,"FW,MF",Tigre,23,2000,25.0,2,4,3.3,3.1,25,8,842,995,84.62,48,34,22,22,23.0
tomas guiacobini,ar ARG,MF,Sarmiento,19,2004,8.1,0,1,0.2,0.2,3,0,232,302,76.82,11,4,14,12,19.0
tomas guidara,ar ARG,DF,Vélez Sarsfield,27,1996,3.9,0,0,0.0,0.0,0,0,113,172,65.7,12,9,5,5,27.0
tomas jacob,ar ARG,DF,Newell's OB,19,2004,7.1,0,0,0.1,0.0,4,2,229,286,80.07,17,10,9,12,19.0
tomas marchiori,ar ARG,GK,Vélez Sarsfield,28,1995,25.6,0,0,0.0,0.0,0,0,548,772,70.98,0,0,0,0,28.0
tomas molina,ar ARG,FW,Cen. Córdoba–SdE,28,1995,4.0,3,1,2.3,0.9,5,2,54,69,78.26,1,1,1,1,28.0
tomas o'connor,ar ARG,MF,Rosario Central,19,2004,4.0,1,0,0.6,0.1,1,1,168,209,80.38,16,11,2,4,19.0
tomas palacios,ar ARG,DF,Ind. Rivadavia,20,2003,8.5,0,0,0.2,0.0,6,1,172,268,64.18,22,15,6,13,20.0
tomas perez,ar ARG,MF,Newell's OB,18,2005,13.3,1,0,0.7,0.2,10,3,410,491,83.5,28,13,18,21,18.0
tomas porra,ar ARG,MF,San Lorenzo,20,2004,0.4,0,0,0.2,0.0,1,0,12,14,85.71,0,0,1,2,20.0
tomas pozzo,ar ARG,MF,Godoy Cruz,23,2000,1.9,0,0,0.1,0.1,3,1,101,129,78.29,4,2,1,1,23.0
tomas villoldo,ar ARG,"DF,MF",Deportivo Riestra,28,1995,1.6,0,0,0.0,0.0,0,0,18,47,38.3,2,1,0,2,28.0
valentin burgoa,ar ARG,"FW,MF",Sarmiento,24,2000,11.7,0,2,1.1,1.2,26,6,225,333,67.57,22,16,9,8,24.0
valentin depietri,ar ARG,FW,Talleres,23,2000,8.5,1,0,1.2,1.6,15,4,186,257,72.37,11,8,6,1,23.0
valentin fascendini,ar ARG,DF,Unión,20,2003,2.1,0,0,0.1,0.0,3,0,55,75,73.33,14,9,5,4,20.0
valentin gomez,ar ARG,DF,Vélez Sarsfield,20,2003,21.6,0,0,0.7,0.2,12,2,833,1060,78.58,35,23,42,32,20.0
valentin moreno,ar ARG,DF,Tigre,20,2003,4.1,0,0,0.1,0.0,1,0,89,126,70.63,13,7,7,5,20.0
valentin rodriguez,uy URU,"MF,DF",Gimnasia–LP,22,2001,5.9,0,0,0.2,0.0,7,1,124,176,70.45,10,5,7,4,22.0
valentino acuna,ar ARG,MF,Newell's OB,18,2006,1.8,0,0,0.0,0.0,0,0,49,61,80.33,5,3,3,0,18.0
vicente poggi,uy URU,MF,Godoy Cruz,21,2002,18.8,3,2,2.4,1.4,19,7,556,713,77.98,75,52,31,18,21.0
vicente taborda,ar ARG,MF,Platense,22,2001,8.5,0,0,0.8,0.3,11,2,245,360,68.06,17,12,13,3,22.0
victor cabrera,ar ARG,DF,Instituto,30,1993,2.2,0,0,0.0,0.0,0,0,54,82,65.85,1,0,1,0,30.0
victor malcorra,ar ARG,"MF,FW",Rosario Central,36,1987,16.7,3,5,3.5,3.3,30,6,498,761,65.44,6,3,17,1,36.0
victorio ramis,ar ARG,FW,Ind. Rivadavia,29,1994,8.5,4,1,2.4,0.9,16,7,126,192,65.62,11,6,3,5,29.0
walter acuna,ar ARG,"FW,MF",Deportivo Riestra,31,1992,1.3,0,0,0.2,0.1,3,2,17,40,42.5,5,1,1,1,31.0
walter bou,ar ARG,FW,Lanús,30,1993,16.6,7,3,5.8,2.6,43,22,330,463,71.27,11,4,16,13,30.0
walter mazzantti,ar ARG,FW,Huracán,27,1996,22.8,3,4,4.3,2.7,30,11,314,457,68.71,45,26,39,14,27.0
walter molas,ar ARG,DF,Boca Juniors,19,2004,0.0,0,0,0.0,0.0,0,0,1,1,100.0,0,0,0,0,19.0
walter montoya,ar ARG,MF,Cen. Córdoba–SdE,30,1993,4.0,0,0,0.1,0.0,3,0,163,191,85.34,3,2,3,4,30.0
walter rodriguez,py PAR,"MF,DF",Deportivo Riestra,28,1995,0.4,0,0,0.0,0.0,0,0,3,7,42.86,2,0,0,1,28.0
william alarcon,cl CHI,MF,Huracán,23,2000,20.1,3,3,1.6,1.2,28,5,697,867,80.39,23,17,12,12,23.0
yair ezequiel arismendi,ar ARG,DF,Sarmiento,25,1998,16.5,0,0,0.4,1.7,13,3,287,535,53.64,38,26,26,25,25.0
yaison murillo,co COL,DF,Deportivo Riestra,30,1993,2.2,0,0,0.2,0.0,1,0,24,55,43.64,2,0,2,0,30.0
yonatan rodriguez,uy URU,MF,Banfield,30,1993,7.9,0,0,0.2,0.5,7,2,199,263,75.67,22,14,7,6,30.0
yonathan cabral,ar ARG,DF,Gimnasia–LP,31,1992,24.5,0,0,0.7,0.3,7,1,656,923,71.07,61,43,37,58,31.0
yonatthan rak,uy URU,DF,Cen. Córdoba–SdE,30,1993,11.1,0,1,0.3,0.5,6,4,395,498,79.32,17,12,11,28,30.0
yuri casermeiro,ar ARG,"MF,DF",Cen. Córdoba–SdE,21,2002,0.1,0,0,0.0,0.0,1,0,3,4,75.0,0,0,0,0,21.0
yvo calleros,uy URU,MF,Banfield,25,1998,1.4,0,0,0.4,0.0,1,1,30,41,73.17,8,1,6,0,25.0
zaid romero,ar ARG,DF,Estudiantes–LP,24,1999,2.5,1,0,0.7,0.0,2,1,150,173,86.71,1,1,2,1,24.0
