player_name,club_name,market_value_eur,player_id,dob,age
Alisson,Liverpool FC,20000000,105470,1992-10-02,32
Caoimhín Kelleher,Liverpool FC,20000000,340918,1998-11-23,26
Vitezslav Jaros,Liverpool FC,4000000,486604,2001-07-23,23
Harvey Davies,Liverpool FC,500000,706815,2003-09-03,21
Ibrahima Konaté,Liverpool FC,60000000,357119,1999-05-25,26
Virgil van Dijk,Liverpool FC,23000000,139208,1991-07-08,33
Joe Gomez,Liverpool FC,20000000,256178,1997-05-23,28
Jarell Quansah,Liverpool FC,20000000,632349,2003-01-29,22
Amara Nallo,Liverpool FC,1000000,1108049,2006-11-18,18
Konstantinos Tsimikas,Liverpool FC,18000000,338070,1996-05-12,29
Andrew Robertson,Liverpool FC,18000000,234803,1994-03-11,31
James Norris,Liverpool FC,150000,618495,2003-04-04,22
Trent Alexander-Arnold,Liverpool FC,75000000,314353,1998-10-07,26
Conor Bradley,Liverpool FC,30000000,624258,2003-07-09,21
Ryan Gravenberch,Liverpool FC,75000000,478573,2002-05-16,23
Wataru Endo,Liverpool FC,8000000,146310,1993-02-09,32
Tyler Morton,Liverpool FC,7000000,618494,2002-10-31,22
Alexis Mac Allister,Liverpool FC,100000000,534033,1998-12-24,26
Curtis Jones,Liverpool FC,45000000,433188,2001-01-30,24
Trey Nyoni,Liverpool FC,4500000,1045123,2007-06-30,18
James McConnell,Liverpool FC,2000000,845289,2004-09-13,20
Dominik Szoboszlai,Liverpool FC,80000000,451276,2000-10-25,24
Harvey Elliott,Liverpool FC,30000000,565822,2003-04-04,22
Luis Díaz,Liverpool FC,70000000,480692,1997-01-13,28
Cody Gakpo,Liverpool FC,70000000,434675,1999-05-07,26
Diogo Jota,Liverpool FC,40000000,340950,1996-12-04,28
Mohamed Salah,Liverpool FC,50000000,148455,1992-06-15,33
Federico Chiesa,Liverpool FC,14000000,341092,1997-10-25,27
Darwin Núñez,Liverpool FC,45000000,546543,1999-06-24,26
Jayden Danns,Liverpool FC,800000,939290,2006-01-16,19
Ederson,Manchester City,20000000,238223,1993-08-17,31
Stefan Ortega,Manchester City,8000000,85941,1992-11-06,32
Marcus Bettinelli,Manchester City,600000,116648,1992-05-24,33
Scott Carson,Manchester City,100000,14555,1985-09-03,39
Josko Gvardiol,Manchester City,75000000,475959,2002-01-23,23
Rúben Dias,Manchester City,65000000,258004,1997-05-14,28
Abdukodir Khusanov,Manchester City,35000000,763079,2004-02-29,21
Vitor Reis,Manchester City,30000000,1005575,2006-01-12,19
Manuel Akanji,Manchester City,28000000,284730,1995-07-19,29
John Stones,Manchester City,25000000,186590,1994-05-28,31
Nathan Aké,Manchester City,25000000,177476,1995-02-18,30
Jahmai Simpson-Pusey,Manchester City,5000000,942497,2005-11-04,19
Max Alleyne,Manchester City,500000,843595,2005-07-21,19
Rayan Aït-Nouri,Manchester City,35000000,578391,2001-06-06,24
Nico O'Reilly,Manchester City,18000000,743413,2005-03-21,20
Josh Wilson-Esbrand,Manchester City,4000000,576121,2002-12-26,22
Rico Lewis,Manchester City,40000000,701057,2004-11-21,20
Matheus Nunes,Manchester City,35000000,601883,1998-08-27,26
Kyle Walker,Manchester City,4000000,95424,1990-05-28,35
Issa Kaboré,Manchester City,4000000,649452,2001-05-12,24
Rodri,Manchester City,110000000,357565,1996-06-22,29
Nico González,Manchester City,40000000,466805,2002-01-03,23
Kalvin Phillips,Manchester City,12000000,351749,1995-12-02,29
Jacob Wright,Manchester City,800000,983702,2005-09-21,19
Tijjani Reijnders,Manchester City,60000000,460939,1998-07-29,26
Mateo Kovacic,Manchester City,20000000,51471,1994-05-06,31
İlkay Gündoğan,Manchester City,5000000,53622,1990-10-24,34
Bernardo Silva,Manchester City,38000000,241641,1994-08-10,30
Kevin De Bruyne,Manchester City,20000000,88755,1991-06-28,34
James McAtee,Manchester City,20000000,583199,2002-10-18,22
Claudio Echeverri,Manchester City,18000000,994536,2006-01-02,19
Jérémy Doku,Manchester City,50000000,486049,2002-05-27,23
Savinho,Manchester City,50000000,743591,2004-04-10,21
Jack Grealish,Manchester City,28000000,203460,1995-09-10,29
Phil Foden,Manchester City,100000000,406635,2000-05-28,25
Rayan Cherki,Manchester City,45000000,607223,2003-08-17,21
Oscar Bobb,Manchester City,25000000,661207,2003-07-12,21
Erling Haaland,Manchester City,180000000,418560,2000-07-21,24
Omar Marmoush,Manchester City,75000000,445939,1999-02-07,26
Divin Mubama,Manchester City,4000000,670848,2004-10-25,20
Robert Sánchez,Chelsea FC,20000000,403151,1997-11-18,27
Filip Jørgensen,Chelsea FC,18000000,585323,2002-04-16,23
Mike Penders,Chelsea FC,12000000,834397,2005-07-31,19
Gabriel Slonina,Chelsea FC,3500000,656316,2004-05-15,21
Lucas Bergström,Chelsea FC,700000,490606,2002-09-05,22
Marcus Bettinelli,Chelsea FC,600000,116648,1992-05-24,33
Levi Colwill,Chelsea FC,55000000,614258,2003-02-26,22
Renato Veiga,Chelsea FC,25000000,805714,2003-07-29,21
Trevoh Chalobah,Chelsea FC,25000000,346314,1999-07-05,25
Wesley Fofana,Chelsea FC,25000000,475411,2000-12-17,24
Axel Disasi,Chelsea FC,22000000,386047,1998-03-11,27
Benoît Badiashile,Chelsea FC,22000000,463603,2001-03-26,24
Tosin Adarabioyo,Chelsea FC,20000000,258878,1997-09-24,27
Mamadou Sarr,Chelsea FC,20000000,910905,2005-08-29,19
Aarón Anselmino,Chelsea FC,8000000,1145504,2005-04-29,20
Josh Acheampong,Chelsea FC,8000000,1004708,2006-05-05,19
Harrison Murray-Campbell,Chelsea FC,500000,985691,2006-08-04,18
Marc Cucurella,Chelsea FC,35000000,284857,1998-07-22,26
Ben Chilwell,Chelsea FC,15000000,316125,1996-12-21,28
Ishé Samuels-Smith,Chelsea FC,700000,922698,2006-06-05,19
Malo Gusto,Chelsea FC,35000000,620322,2003-05-19,22
Reece James,Chelsea FC,30000000,472423,1999-12-08,25
Genesis Antwi,Chelsea FC,350000,1045121,2007-05-11,18
Moisés Caicedo,Chelsea FC,90000000,687626,2001-11-02,23
Roméo Lavia,Chelsea FC,40000000,628451,2004-01-06,21
Dário Essugo,Chelsea FC,20000000,670717,2005-03-14,20
Sam Rak-Sakyi,Chelsea FC,800000,906214,2005-03-27,20
Enzo Fernández,Chelsea FC,75000000,648195,2001-01-17,24
Andrey Santos,Chelsea FC,35000000,743600,2004-05-03,21
Kiernan Dewsbury-Hall,Chelsea FC,20000000,475188,1998-09-06,26
Carney Chukwuemeka,Chelsea FC,18000000,659459,2003-10-20,21
Cesare Casadei,Chelsea FC,15000000,622380,2003-01-10,22
Mathis Amougou,Chelsea FC,10000000,1010854,2006-01-18,19
Cole Palmer,Chelsea FC,120000000,568177,2002-05-06,23
Harvey Vale,Chelsea FC,1500000,581675,2003-09-11,21
Omari Kellyman,Chelsea FC,1500000,926135,2005-09-15,19
Jadon Sancho,Chelsea FC,28000000,401173,2000-03-25,25
Tyrique George,Chelsea FC,10000000,936874,2006-02-04,19
Pedro Neto,Chelsea FC,50000000,487465,2000-03-09,25
Noni Madueke,Chelsea FC,40000000,503987,2002-03-10,23
João Félix,Chelsea FC,20000000,462250,1999-11-10,25
João Pedro,Chelsea FC,50000000,626724,2001-09-26,23
Nicolas Jackson,Chelsea FC,50000000,776890,2001-06-20,24
Liam Delap,Chelsea FC,40000000,610849,2003-02-08,22
Christopher Nkunku,Chelsea FC,35000000,344381,1997-11-14,27
Deivid Washington,Chelsea FC,8000000,1082850,2005-06-05,20
Marc Guiu,Chelsea FC,8000000,938158,2006-01-04,19
David Datro Fofana,Chelsea FC,6000000,787232,2002-12-22,22
Shumaira Mheuka,Chelsea FC,800000,982097,2007-10-20,17
David Raya,Arsenal FC,40000000,262749,1995-09-15,29
Aaron Ramsdale,Arsenal FC,16000000,427568,1998-05-14,27
Neto,Arsenal FC,1500000,111819,1989-07-19,35
Jack Porter,Arsenal FC,400000,1131973,2008-07-15,16
Alexéi Rojas,Arsenal FC,250000,940915,2005-09-28,19
William Saliba,Arsenal FC,80000000,495666,2001-03-24,24
Gabriel Magalhães,Arsenal FC,75000000,435338,1997-12-19,27
Jakub Kiwior,Arsenal FC,28000000,425918,2000-02-15,25
Takehiro Tomiyasu,Arsenal FC,18000000,331560,1998-11-05,26
Ayden Heaven,Arsenal FC,5000000,1078163,2006-09-22,18
Zane Monlouis,Arsenal FC,400000,586981,2003-10-16,21
Maldini Kacurri,Arsenal FC,300000,903189,2005-10-04,19
Myles Lewis-Skelly,Arsenal FC,45000000,890721,2006-09-26,18
Riccardo Calafiori,Arsenal FC,35000000,502821,2002-05-19,23
Oleksandr Zinchenko,Arsenal FC,20000000,203853,1996-12-15,28
Kieran Tierney,Arsenal FC,9000000,300716,1997-06-05,28
Jurriën Timber,Arsenal FC,55000000,420243,2001-06-17,24
Ben White,Arsenal FC,45000000,335721,1997-10-08,27
Thomas Partey,Arsenal FC,14000000,230784,1993-06-13,32
Jorginho,Arsenal FC,6000000,102017,1991-12-20,33
Jack Henry-Francis,Arsenal FC,200000,796024,2003-09-23,21
Declan Rice,Arsenal FC,120000000,357662,1999-01-14,26
Mikel Merino,Arsenal FC,35000000,338424,1996-06-22,29
Salah-Eddine Oulad M'Hand,Arsenal FC,400000,559330,2003-08-20,21
Martin Ødegaard,Arsenal FC,85000000,316264,1998-12-17,26
Ethan Nwaneri,Arsenal FC,55000000,890719,2007-03-21,18
Gabriel Martinelli,Arsenal FC,55000000,655488,2001-06-18,24
Leandro Trossard,Arsenal FC,22000000,144028,1994-12-04,30
Reiss Nelson,Arsenal FC,16000000,340325,1999-12-10,25
Bukayo Saka,Arsenal FC,150000000,433177,2001-09-05,23
Raheem Sterling,Arsenal FC,10000000,134425,1994-12-08,30
Kai Havertz,Arsenal FC,65000000,309400,1999-06-11,26
Gabriel Jesus,Arsenal FC,32000000,363205,1997-04-03,28
Eddie Nketiah,Arsenal FC,18000000,340324,1999-05-30,26
Nathan Butler-Oyedeji,Arsenal FC,1000000,638964,2003-01-04,22
André Onana,Manchester United,25000000,234509,1996-04-02,29
Altay Bayındır,Manchester United,8000000,336077,1998-04-14,27
Tom Heaton,Manchester United,200000,34130,1986-04-15,39
Leny Yoro,Manchester United,55000000,923831,2005-11-13,19
Lisandro Martínez,Manchester United,40000000,480762,1998-01-18,27
Matthijs de Ligt,Manchester United,38000000,326031,1999-08-12,25
Harry Maguire,Manchester United,13000000,177907,1993-03-05,32
Victor Lindelöf,Manchester United,8000000,184573,1994-07-17,30
Ayden Heaven,Manchester United,5000000,1078163,2006-09-22,18
Tyler Fredricson,Manchester United,3000000,911424,2005-02-23,20
Jonny Evans,Manchester United,1000000,42412,1988-01-03,37
Patrick Dorgu,Manchester United,25000000,926952,2004-10-26,20
Luke Shaw,Manchester United,12000000,183288,1995-07-12,29
Tyrell Malacia,Manchester United,8000000,339340,1999-08-17,25
Harry Amass,Manchester United,5000000,1011738,2007-03-16,18
Diogo Dalot,Manchester United,30000000,357147,1999-03-18,26
Noussair Mazraoui,Manchester United,25000000,340456,1997-11-14,27
Manuel Ugarte,Manchester United,45000000,476701,2001-04-11,24
Casemiro,Manchester United,10000000,16306,1992-02-23,33
Toby Collyer,Manchester United,5000000,654253,2004-01-03,21
Scott McTominay,Manchester United,50000000,315969,1996-12-08,28
Kobbie Mainoo,Manchester United,50000000,820374,2005-04-19,20
Daniel Gore,Manchester United,800000,747153,2004-09-26,20
Bruno Fernandes,Manchester United,50000000,240306,1994-09-08,30
Mason Mount,Manchester United,28000000,346483,1999-01-10,26
Christian Eriksen,Manchester United,4000000,69633,1992-02-14,33
Marcus Rashford,Manchester United,50000000,258923,1997-10-31,27
Alejandro Garnacho,Manchester United,45000000,811779,2004-07-01,20
Jadon Sancho,Manchester United,28000000,401173,2000-03-25,25
Amad Diallo,Manchester United,45000000,536835,2002-07-11,22
Antony,Manchester United,35000000,602105,2000-02-24,25
Facundo Pellistri,Manchester United,8000000,676318,2001-12-20,23
Rasmus Højlund,Manchester United,35000000,610442,2003-02-04,22
Joshua Zirkzee,Manchester United,30000000,435648,2001-05-22,24
Chido Obi,Manchester United,5000000,1042886,2007-11-29,17
Guglielmo Vicario,Tottenham Hotspur,32000000,286047,1996-10-07,28
Antonín Kinský,Tottenham Hotspur,15000000,725912,2003-03-13,22
Fraser Forster,Tottenham Hotspur,1000000,52570,1988-03-17,37
Brandon Austin,Tottenham Hotspur,600000,428016,1999-01-08,26
Alfie Whiteman,Tottenham Hotspur,500000,282823,1998-10-02,26
Cristian Romero,Tottenham Hotspur,50000000,355915,1998-04-27,27
Micky van de Ven,Tottenham Hotspur,50000000,557459,2001-04-19,24
Kevin Danso,Tottenham Hotspur,25000000,263236,1998-09-19,26
Radu Drăgușin,Tottenham Hotspur,25000000,568559,2002-02-03,23
Ben Davies,Tottenham Hotspur,6000000,192765,1993-04-24,32
Alfie Dorrington,Tottenham Hotspur,700000,796300,2005-04-20,20
Destiny Udogie,Tottenham Hotspur,40000000,556385,2002-11-28,22
Djed Spence,Tottenham Hotspur,20000000,483348,2000-08-09,24
Sergio Reguilón,Tottenham Hotspur,6000000,282429,1996-12-16,28
Archie Gray,Tottenham Hotspur,38000000,922693,2006-03-12,19
Pedro Porro,Tottenham Hotspur,38000000,553875,1999-09-13,25
Yves Bissouma,Tottenham Hotspur,25000000,410425,1996-08-30,28
Lucas Bergvall,Tottenham Hotspur,38000000,866246,2006-02-02,19
Pape Matar Sarr,Tottenham Hotspur,32000000,568693,2002-09-14,22
Rodrigo Bentancur,Tottenham Hotspur,30000000,354362,1997-06-25,28
Callum Olusesi,Tottenham Hotspur,500000,985546,2007-03-11,18
Dejan Kulusevski,Tottenham Hotspur,50000000,431755,2000-04-25,25
James Maddison,Tottenham Hotspur,42000000,294057,1996-11-23,28
Alfie Devine,Tottenham Hotspur,3500000,728734,2004-08-01,20
Heung-min Son,Tottenham Hotspur,20000000,91845,1992-07-08,32
Wilson Odobert,Tottenham Hotspur,20000000,743498,2004-11-28,20
Mikey Moore,Tottenham Hotspur,18000000,1011147,2007-08-11,17
Timo Werner,Tottenham Hotspur,7000000,170527,1996-03-06,29
Brennan Johnson,Tottenham Hotspur,40000000,470607,2001-05-23,24
Min-hyeok Yang,Tottenham Hotspur,3500000,1004327,2006-04-16,19
Dominic Solanke,Tottenham Hotspur,40000000,258889,1997-09-14,27
Mathys Tel,Tottenham Hotspur,35000000,801734,2005-04-27,20
Richarlison,Tottenham Hotspur,20000000,378710,1997-05-10,28
Will Lankshear,Tottenham Hotspur,3000000,879768,2005-04-20,20
Dane Scarlett,Tottenham Hotspur,2000000,670883,2004-03-24,21
Emiliano Martínez,Aston Villa,20000000,111873,1992-09-02,32
Joe Gauci,Aston Villa,1500000,591844,2000-07-04,24
Robin Olsen,Aston Villa,1000000,75458,1990-01-08,35
Oliwier Zych,Aston Villa,800000,555074,2004-06-28,21
Ezri Konsa,Aston Villa,35000000,413403,1997-10-23,27
Pau Torres,Aston Villa,32000000,399776,1997-01-16,28
Axel Disasi,Aston Villa,22000000,386047,1998-03-11,27
Diego Carlos,Aston Villa,9500000,329145,1993-03-15,32
Tyrone Mings,Aston Villa,5000000,253677,1993-03-13,32
Kortney Hause,Aston Villa,1000000,233124,1995-07-16,29
Sil Swinkels,Aston Villa,150000,646710,2004-01-06,21
Ian Maatsen,Aston Villa,28000000,485585,2002-03-10,23
Lucas Digne,Aston Villa,10000000,126664,1993-07-20,31
Matty Cash,Aston Villa,25000000,425334,1997-08-07,27
Kosta Nedeljkovic,Aston Villa,10000000,848682,2005-12-16,19
Andrés García,Aston Villa,7000000,1063329,2003-02-07,22
Amadou Onana,Aston Villa,50000000,485706,2001-08-16,23
Boubacar Kamara,Aston Villa,40000000,394327,1999-11-23,25
Lamare Bogarde,Aston Villa,6000000,645686,2004-01-05,21
Youri Tielemans,Aston Villa,38000000,249565,1997-05-07,28
Jacob Ramsey,Aston Villa,32000000,503749,2001-05-28,24
John McGinn,Aston Villa,16000000,193116,1994-10-18,30
Ross Barkley,Aston Villa,6000000,131978,1993-12-05,31
Morgan Rogers,Aston Villa,55000000,503743,2002-07-26,22
Marco Asensio,Aston Villa,20000000,296622,1996-01-21,29
Emiliano Buendía,Aston Villa,15000000,321247,1996-12-25,28
Jamaldeen Jimoh-Aloba,Aston Villa,300000,954105,2006-10-02,18
Marcus Rashford,Aston Villa,50000000,258923,1997-10-31,27
Jaden Philogene,Aston Villa,16000000,665390,2002-02-08,23
Kadan Young,Aston Villa,300000,887433,2006-01-19,19
Leon Bailey,Aston Villa,28000000,387626,1997-08-09,27
Donyell Malen,Aston Villa,25000000,326029,1999-01-19,26
Ollie Watkins,Aston Villa,40000000,324358,1995-12-30,29
Jhon Durán,Aston Villa,35000000,649317,2003-12-13,21
Nick Pope,Newcastle United,8000000,192080,1992-04-19,33
Odysseas Vlachodimos,Newcastle United,5000000,124419,1994-04-26,31
Martin Dúbravka,Newcastle United,1000000,74960,1989-01-15,36
Mark Gillespie,Newcastle United,200000,142389,1992-03-27,33
John Ruddy,Newcastle United,150000,29712,1986-10-24,38
Sven Botman,Newcastle United,42000000,361093,2000-01-12,25
Lloyd Kelly,Newcastle United,16000000,480116,1998-10-06,26
Fabian Schär,Newcastle United,7000000,135343,1991-12-20,33
Dan Burn,Newcastle United,6000000,134270,1992-05-09,33
Jamaal Lascelles,Newcastle United,4000000,183318,1993-11-11,31
Lewis Hall,Newcastle United,32000000,670858,2004-09-08,20
Matt Targett,Newcastle United,5000000,250478,1995-09-18,29
Jamal Lewis,Newcastle United,2500000,346018,1998-01-25,27
Alex Murphy,Newcastle United,300000,900601,2004-06-25,21
Tino Livramento,Newcastle United,40000000,503981,2002-11-12,22
Kieran Trippier,Newcastle United,4000000,95810,1990-09-19,34
Emil Krafth,Newcastle United,2000000,184528,1994-08-02,30
Harrison Ashby,Newcastle United,1400000,559130,2001-11-14,23
Sandro Tonali,Newcastle United,60000000,397033,2000-05-08,25
Isaac Hayden,Newcastle United,700000,206225,1995-03-22,30
Bruno Guimarães,Newcastle United,80000000,520624,1997-11-16,27
Joelinton,Newcastle United,35000000,333241,1996-08-14,28
Joe Willock,Newcastle United,22000000,340329,1999-08-20,25
Lewis Miley,Newcastle United,22000000,922769,2006-05-01,19
Sean Longstaff,Newcastle United,20000000,346707,1997-10-30,27
Joe White,Newcastle United,275000,614811,2002-10-01,22
Anthony Gordon,Newcastle United,65000000,503733,2001-02-24,24
Harvey Barnes,Newcastle United,35000000,398065,1997-12-09,27
Jacob Murphy,Newcastle United,16000000,199527,1995-02-24,30
Miguel Almirón,Newcastle United,10000000,272999,1994-02-10,31
Alexander Isak,Newcastle United,120000000,349066,1999-09-21,25
Callum Wilson,Newcastle United,8000000,123682,1992-02-27,33
William Osula,Newcastle United,7000000,609556,2003-08-04,21
Bart Verbruggen,Brighton & Hove Albion,30000000,565093,2002-08-18,22
Carl Rushworth,Brighton & Hove Albion,3000000,646353,2001-07-02,23
Jason Steele,Brighton & Hove Albion,1500000,73564,1990-08-18,34
Tom McGill,Brighton & Hove Albion,600000,406556,2000-03-25,25
Killian Cahill,Brighton & Hove Albion,150000,745716,2003-11-03,21
Jan Paul van Hecke,Brighton & Hove Albion,32000000,576314,2000-06-08,25
Igor Julio,Brighton & Hove Albion,20000000,380350,1998-02-07,27
Adam Webster,Brighton & Hove Albion,11000000,212847,1995-01-04,30
Eiran Cashin,Brighton & Hove Albion,8000000,581330,2001-11-09,23
Lewis Dunk,Brighton & Hove Albion,6000000,148153,1991-11-21,33
Ruairi McConville,Brighton & Hove Albion,1800000,701021,2005-05-01,20
Ed Turns,Brighton & Hove Albion,350000,580809,2002-10-18,22
Pervis Estupiñán,Brighton & Hove Albion,30000000,349599,1998-01-21,27
Ferdi Kadıoğlu,Brighton & Hove Albion,25000000,369316,1999-10-07,25
Jacob Slater,Brighton & Hove Albion,200000,854930,2004-10-05,20
Imari Samuels,Brighton & Hove Albion,100000,565846,2003-02-05,22
Tariq Lamptey,Brighton & Hove Albion,11000000,504148,2000-09-30,24
Joël Veltman,Brighton & Hove Albion,4000000,111195,1992-01-15,33
Odeluga Offiah,Brighton & Hove Albion,600000,567597,2002-10-26,22
Charlie Tasker,Brighton & Hove Albion,200000,921662,2006-02-24,19
Carlos Baleba,Brighton & Hove Albion,40000000,973085,2004-01-03,21
Mats Wieffer,Brighton & Hove Albion,25000000,415381,1999-11-16,25
Jack Hinshelwood,Brighton & Hove Albion,24000000,867688,2005-04-11,20
Billy Gilmour,Brighton & Hove Albion,20000000,423744,2001-06-11,24
Yasin Ayari,Brighton & Hove Albion,22000000,667287,2003-10-06,21
Matt O'Riley,Brighton & Hove Albion,22000000,406634,2000-11-21,24
Malick Yalcouyé,Brighton & Hove Albion,17000000,1178758,2005-11-18,19
Diego Gómez,Brighton & Hove Albion,14000000,996897,2003-03-27,22
Jakub Moder,Brighton & Hove Albion,12000000,384461,1999-04-07,26
Valentín Barco,Brighton & Hove Albion,12000000,849410,2004-07-23,20
James Milner,Brighton & Hove Albion,1000000,3333,1986-01-04,39
Jensen Weir,Brighton & Hove Albion,350000,520651,2002-01-31,23
Julio Enciso,Brighton & Hove Albion,22000000,660867,2004-01-23,21
Kaoru Mitoma,Brighton & Hove Albion,40000000,504849,1997-05-20,28
Simon Adingra,Brighton & Hove Albion,28000000,658536,2002-01-01,23
Jeremy Sarmiento,Brighton & Hove Albion,7000000,568005,2002-06-16,23
Cameron Peupion,Brighton & Hove Albion,225000,703626,2002-09-23,22
Yankuba Minteh,Brighton & Hove Albion,30000000,1012534,2004-07-22,20
Brajan Gruda,Brighton & Hove Albion,25000000,700106,2004-05-31,21
Solly March,Brighton & Hove Albion,6000000,209212,1994-07-20,30
Amario Cozier-Duberry,Brighton & Hove Albion,2000000,878150,2005-05-29,20
João Pedro,Brighton & Hove Albion,50000000,626724,2001-09-26,23
Georginio Rutter,Brighton & Hove Albion,32000000,538977,2002-04-20,23
Evan Ferguson,Brighton & Hove Albion,25000000,648046,2004-10-19,20
Danny Welbeck,Brighton & Hove Albion,5000000,67063,1990-11-26,34
Mark O'Mahony,Brighton & Hove Albion,500000,943549,2005-01-14,20
Dean Henderson,Crystal Palace,20000000,258919,1997-03-12,28
Sam Johnstone,Crystal Palace,6000000,110864,1993-03-25,32
Matt Turner,Crystal Palace,2500000,425306,1994-06-24,31
Joe Whitworth,Crystal Palace,1700000,670840,2004-02-29,21
Remi Matthews,Crystal Palace,400000,196722,1994-02-10,31
Marc Guéhi,Crystal Palace,45000000,392757,2000-07-13,24
Joachim Andersen,Crystal Palace,27000000,260827,1996-05-31,29
Trevoh Chalobah,Crystal Palace,25000000,346314,1999-07-05,25
Maxence Lacroix,Crystal Palace,25000000,434224,2000-04-06,25
Chadi Riad,Crystal Palace,15000000,689637,2003-06-17,22
Chris Richards,Crystal Palace,14000000,578539,2000-03-28,25
Rob Holding,Crystal Palace,3500000,253341,1995-09-20,29
Tyrick Mitchell,Crystal Palace,25000000,730893,1999-09-01,25
Ben Chilwell,Crystal Palace,15000000,316125,1996-12-21,28
Daniel Muñoz,Crystal Palace,25000000,493003,1996-05-26,29
Nathaniel Clyne,Crystal Palace,1000000,85177,1991-04-05,34
Caleb Kporha,Crystal Palace,1000000,1047261,2006-07-15,18
Joel Ward,Crystal Palace,500000,92572,1989-10-29,35
Adam Wharton,Crystal Palace,45000000,744149,2004-02-06,21
Cheick Doucouré,Crystal Palace,25000000,543387,2000-01-08,25
Jefferson Lerma,Crystal Palace,10000000,262980,1994-10-25,30
David Ozoh,Crystal Palace,700000,865993,2005-05-06,20
Kaden Rodney,Crystal Palace,200000,860078,2004-10-07,20
Will Hughes,Crystal Palace,7000000,207014,1995-04-17,30
Naouirou Ahamada,Crystal Palace,3500000,538971,2002-03-29,23
Jeffrey Schlupp,Crystal Palace,3000000,157506,1992-12-23,32
Eberechi Eze,Crystal Palace,55000000,479999,1998-06-29,27
Daichi Kamada,Crystal Palace,12000000,356141,1996-08-05,28
Matheus França,Crystal Palace,10000000,743597,2004-04-01,21
Justin Devenny,Crystal Palace,6000000,747009,2003-10-11,21
Asher Agbinone,Crystal Palace,75000,1047256,2005-09-28,19
Ismaïla Sarr,Crystal Palace,25000000,410225,1998-02-25,27
Romain Esse,Crystal Palace,12000000,967319,2005-05-13,20
Malcolm Ebiowei,Crystal Palace,1200000,512354,2003-09-04,21
Franco Umeh-Chibueze,Crystal Palace,75000,943560,2005-01-26,20
Jean-Philippe Mateta,Crystal Palace,30000000,420002,1997-06-28,28
Eddie Nketiah,Crystal Palace,18000000,340324,1999-05-30,26
Odsonne Édouard,Crystal Palace,8000000,344152,1998-01-16,27
Jordan Ayew,Crystal Palace,2500000,108354,1991-09-11,33
Kepa Arrizabalaga,AFC Bournemouth,10000000,192279,1994-10-03,30
Mark Travers,AFC Bournemouth,4000000,357658,1999-05-18,26
Neto,AFC Bournemouth,1500000,111819,1989-07-19,35
Callan McKenna,AFC Bournemouth,600000,983248,2006-12-22,18
Will Dennis,AFC Bournemouth,350000,582078,2000-07-10,24
Dean Huijsen,AFC Bournemouth,60000000,890290,2005-04-14,20
Ilya Zabarnyi,AFC Bournemouth,42000000,659089,2002-09-01,22
Marcos Senesi,AFC Bournemouth,22000000,469781,1997-05-10,28
Chris Mepham,AFC Bournemouth,6000000,480987,1997-11-05,27
James Hill,AFC Bournemouth,3000000,611793,2002-01-10,23
Matai Akinmboni,AFC Bournemouth,1000000,994604,2006-10-17,18
Milos Kerkez,AFC Bournemouth,45000000,730861,2003-11-07,21
Julio Soler,AFC Bournemouth,8000000,1009658,2005-02-16,20
Archie Harris,AFC Bournemouth,100000,963879,2004-12-27,20
Julián Araujo,AFC Bournemouth,10000000,513970,2001-08-13,23
Max Aarons,AFC Bournemouth,6000000,471690,2000-01-04,25
Adam Smith,AFC Bournemouth,750000,61841,1991-04-29,34
Tyler Adams,AFC Bournemouth,18000000,332705,1999-02-14,26
Ben Winterburn,AFC Bournemouth,500000,854721,2004-09-04,20
Alex Scott,AFC Bournemouth,20000000,855256,2003-08-21,21
Lewis Cook,AFC Bournemouth,15000000,249089,1997-02-03,28
Philip Billing,AFC Bournemouth,10000000,320411,1996-06-11,29
Ryan Christie,AFC Bournemouth,10000000,188077,1995-02-22,30
Marcus Tavernier,AFC Bournemouth,18000000,399434,1999-03-22,26
Justin Kluivert,AFC Bournemouth,35000000,330659,1999-05-05,26
Dango Ouattara,AFC Bournemouth,28000000,823231,2002-02-11,23
Hamed Traoré,AFC Bournemouth,20000000,391065,2000-02-16,25
Luis Sinisterra,AFC Bournemouth,15000000,512385,1999-06-17,26
Jaidon Anthony,AFC Bournemouth,9000000,684210,1999-12-01,25
Zain Silcott-Duberry,AFC Bournemouth,200000,777308,2005-07-09,19
Antoine Semenyo,AFC Bournemouth,40000000,583255,2000-01-07,25
David Brooks,AFC Bournemouth,10000000,277033,1997-07-08,27
Dominic Sadi,AFC Bournemouth,150000,936901,2003-09-02,21
Evanilson,AFC Bournemouth,35000000,711337,1999-10-06,25
Enes Ünal,AFC Bournemouth,10000000,251106,1997-05-10,28
Daniel Jebbison,AFC Bournemouth,4000000,746740,2003-07-11,21
Remy Rees-Dottin,AFC Bournemouth,300000,1089802,2006-03-06,19
Daniel Adu-Adjei,AFC Bournemouth,150000,963878,2005-06-21,20
Matz Sels,Nottingham Forest,7000000,127202,1992-02-26,33
Carlos Miguel,Nottingham Forest,4000000,641458,1998-10-09,26
Matt Turner,Nottingham Forest,2500000,425306,1994-06-24,31
Wayne Hennessey,Nottingham Forest,150000,45494,1987-01-24,38
Murillo,Nottingham Forest,55000000,1005649,2002-07-04,22
Nikola Milenković,Nottingham Forest,35000000,413507,1997-10-12,27
Morato,Nottingham Forest,14000000,673492,2001-06-30,24
Andrew Omobamidele,Nottingham Forest,8000000,621993,2002-06-23,23
Willy Boly,Nottingham Forest,1500000,142310,1991-02-03,34
Tyler Bindon,Nottingham Forest,1200000,1007720,2005-01-27,20
Zach Abbott,Nottingham Forest,300000,933017,2006-05-13,19
Neco Williams,Nottingham Forest,20000000,503680,2001-04-13,24
Álex Moreno,Nottingham Forest,7000000,193098,1993-06-08,32
Harry Toffolo,Nottingham Forest,3000000,198516,1995-08-19,29
Ola Aina,Nottingham Forest,22000000,236490,1996-10-08,28
Eric da Silva Moreira,Nottingham Forest,1000000,897481,2006-05-03,19
Danilo,Nottingham Forest,28000000,808509,2001-04-29,24
Ibrahim Sangaré,Nottingham Forest,24000000,375885,1997-12-02,27
Ben Perry,Nottingham Forest,150000,925105,2004-12-01,20
Elliot Anderson,Nottingham Forest,32000000,567576,2002-11-06,22
Nicolás Domínguez,Nottingham Forest,18000000,497291,1998-06-28,27
Ryan Yates,Nottingham Forest,12000000,425902,1997-11-21,27
James Ward-Prowse,Nottingham Forest,8000000,181579,1994-11-01,30
Lewis O'Brien,Nottingham Forest,4000000,560694,1998-10-14,26
Morgan Gibbs-White,Nottingham Forest,50000000,429014,2000-01-27,25
Callum Hudson-Odoi,Nottingham Forest,25000000,392768,2000-11-07,24
Ramón Sosa,Nottingham Forest,12000000,745191,1999-08-31,25
Anthony Elanga,Nottingham Forest,42000000,583189,2002-04-27,23
Jota Silva,Nottingham Forest,15000000,663244,1999-08-01,25
Josh Bowler,Nottingham Forest,1000000,506470,1999-03-05,26
Taiwo Awoniyi,Nottingham Forest,16000000,295313,1997-08-12,27
Chris Wood,Nottingham Forest,10000000,108725,1991-12-07,33
Emmanuel Dennis,Nottingham Forest,2500000,448854,1997-11-15,27
José Sá,Wolverhampton Wanderers,7000000,249994,1993-01-17,32
Sam Johnstone,Wolverhampton Wanderers,6000000,110864,1993-03-25,32
Daniel Bentley,Wolverhampton Wanderers,1500000,136401,1993-07-13,31
Tom King,Wolverhampton Wanderers,200000,215810,1995-03-09,30
Toti,Wolverhampton Wanderers,28000000,606718,1999-01-16,26
Emmanuel Agbadou,Wolverhampton Wanderers,20000000,683895,1997-06-17,28
Santiago Bueno,Wolverhampton Wanderers,10000000,438001,1998-11-09,26
Nasser Djiga,Wolverhampton Wanderers,10000000,862297,2002-11-15,22
Yerson Mosquera,Wolverhampton Wanderers,8000000,716276,2001-05-02,24
Bastien Meupiyou,Wolverhampton Wanderers,2500000,955253,2006-03-19,19
Craig Dawson,Wolverhampton Wanderers,1500000,121477,1990-05-06,35
Alfie Pond,Wolverhampton Wanderers,250000,821522,2004-03-01,21
Rayan Aït-Nouri,Wolverhampton Wanderers,35000000,578391,2001-06-06,24
Nélson Semedo,Wolverhampton Wanderers,9000000,231572,1993-11-16,31
Pedro Lima,Wolverhampton Wanderers,5000000,1193867,2006-07-01,18
Matt Doherty,Wolverhampton Wanderers,2000000,171679,1992-01-16,33
André,Wolverhampton Wanderers,28000000,800176,2001-07-16,23
Mario Lemina,Wolverhampton Wanderers,7500000,170934,1993-09-01,31
Boubacar Traoré,Wolverhampton Wanderers,5000000,649020,2001-08-20,23
Joe Hodge,Wolverhampton Wanderers,1000000,503975,2002-09-14,22
João Gomes,Wolverhampton Wanderers,40000000,735570,2001-02-12,24
Jean-Ricner Bellegarde,Wolverhampton Wanderers,18000000,450050,1998-06-27,27
Marshall Munetsi,Wolverhampton Wanderers,15000000,414908,1996-06-22,29
Tommy Doyle,Wolverhampton Wanderers,10000000,433183,2001-10-17,23
Luke Cundle,Wolverhampton Wanderers,3200000,532541,2002-04-26,23
Rodrigo Gomes,Wolverhampton Wanderers,15000000,667121,2003-07-07,21
Chem Campbell,Wolverhampton Wanderers,900000,614603,2002-12-30,22
Tawanda Chirewa,Wolverhampton Wanderers,500000,724783,2003-10-12,21
Gonçalo Guedes,Wolverhampton Wanderers,11000000,225122,1996-11-29,28
Carlos Forbs,Wolverhampton Wanderers,8000000,742451,2004-03-19,21
Daniel Podence,Wolverhampton Wanderers,5500000,256977,1995-10-21,29
Enso González,Wolverhampton Wanderers,4000000,1060740,2005-01-20,20
Chiquinho,Wolverhampton Wanderers,2000000,695454,2000-02-05,25
Pablo Sarabia,Wolverhampton Wanderers,5000000,74230,1992-05-11,33
Matheus Cunha,Wolverhampton Wanderers,60000000,517894,1999-05-27,26
Jørgen Strand Larsen,Wolverhampton Wanderers,30000000,429983,2000-02-06,25
Hee-chan Hwang,Wolverhampton Wanderers,12000000,292246,1996-01-26,29
Sasa Kalajdzic,Wolverhampton Wanderers,4000000,369567,1997-07-07,27
Leon Chiwome,Wolverhampton Wanderers,700000,1043634,2006-01-10,19
Nathan Fraser,Wolverhampton Wanderers,600000,863741,2005-02-22,20
Mateus Mané,Wolverhampton Wanderers,200000,1230661,2007-09-16,17
Mark Flekken,Brentford FC,10000000,125714,1993-06-13,32
Hákon Valdimarsson,Brentford FC,2500000,488935,2001-10-13,23
Matthew Cox,Brentford FC,800000,741236,2003-05-02,22
Nathan Collins,Brentford FC,28000000,469050,2001-04-30,24
Sepp van den Berg,Brentford FC,22000000,541231,2001-12-20,23
Kristoffer Ajer,Brentford FC,18000000,328658,1998-04-17,27
Ethan Pinnock,Brentford FC,7000000,442248,1993-05-29,32
Ben Mee,Brentford FC,700000,74810,1989-09-21,35
Ji-soo Kim,Brentford FC,600000,709767,2004-12-24,20
Benjamin Fredrick,Brentford FC,150000,1071138,2005-05-28,20
Rico Henry,Brentford FC,15000000,339556,1997-07-08,27
Jayden Meghoma,Brentford FC,500000,954104,2006-06-28,19
Michael Kayode,Brentford FC,18000000,823486,2004-07-10,20
Aaron Hickey,Brentford FC,10000000,591949,2002-06-10,23
Mads Roerslev,Brentford FC,6000000,391005,1999-06-24,26
Vitaly Janelt,Brentford FC,20000000,270171,1998-05-10,27
Christian Nørgaard,Brentford FC,11000000,148367,1994-03-10,31
Yunus Konak,Brentford FC,4500000,1141628,2006-01-10,19
Yegor Yarmolyuk,Brentford FC,15000000,717411,2004-03-01,21
Mathias Jensen,Brentford FC,14000000,319859,1996-01-01,29
Frank Onyeka,Brentford FC,7000000,421637,1998-01-01,27
Josh Dasilva,Brentford FC,5000000,340321,1998-10-23,26
Paris Maghoma,Brentford FC,800000,470596,2001-05-08,24
Ryan Trevitt,Brentford FC,275000,874538,2003-03-12,22
Keane Lewis-Potter,Brentford FC,23000000,644401,2001-02-22,24
Mikkel Damsgaard,Brentford FC,28000000,540941,2000-07-03,24
Fábio Carvalho,Brentford FC,14000000,559263,2002-08-30,22
Myles Peart-Harris,Brentford FC,900000,587002,2002-09-18,22
Kevin Schade,Brentford FC,30000000,473050,2001-11-27,23
Gustavo Nunes,Brentford FC,10000000,1086375,2005-11-20,19
Tony Yogane,Brentford FC,125000,979064,2005-09-24,19
Bryan Mbeumo,Brentford FC,55000000,413039,1999-08-07,25
Yoane Wissa,Brentford FC,32000000,388165,1996-09-03,28
Igor Thiago,Brentford FC,18000000,739443,2001-06-26,24
Alphonse Areola,West Ham United,9000000,120629,1993-02-27,32
Wes Foderingham,West Ham United,600000,61697,1991-01-14,34
Lukasz Fabianski,West Ham United,500000,29692,1985-04-18,40
Jean-Clair Todibo,West Ham United,25000000,605184,1999-12-30,25
Maximilian Kilman,West Ham United,25000000,525247,1997-05-23,28
Konstantinos Mavropanos,West Ham United,17000000,415912,1997-12-11,27
Kaelan Casey,West Ham United,1000000,845321,2004-10-28,20
Emerson,West Ham United,10000000,181778,1994-08-03,30
Oliver Scarles,West Ham United,8000000,922563,2005-12-12,19
Aaron Cresswell,West Ham United,500000,92571,1989-12-15,35
Aaron Wan-Bissaka,West Ham United,24000000,477758,1997-11-26,27
Vladimír Coufal,West Ham United,5000000,157672,1992-08-22,32
Edson Álvarez,West Ham United,25000000,401356,1997-10-24,27
Tomáš Souček,West Ham United,18000000,283628,1995-02-27,30
Guido Rodríguez,West Ham United,10000000,342385,1994-04-12,31
Carlos Soler,West Ham United,18000000,372246,1997-01-02,28
James Ward-Prowse,West Ham United,8000000,181579,1994-11-01,30
Andrew Irving,West Ham United,4000000,430310,2000-05-13,25
Lewis Orford,West Ham United,400000,845809,2006-02-18,19
Lucas Paquetá,West Ham United,28000000,444523,1997-08-27,27
Crysencio Summerville,West Ham United,22000000,474701,2001-10-30,23
Mohammed Kudus,West Ham United,45000000,543499,2000-08-02,24
Jarrod Bowen,West Ham United,40000000,314875,1996-12-20,28
Luis Guilherme,West Ham United,15000000,991800,2006-02-09,19
Evan Ferguson,West Ham United,25000000,648046,2004-10-19,20
Niclas Füllkrug,West Ham United,10000000,75489,1993-02-09,32
Danny Ings,West Ham United,6000000,134294,1992-07-23,32
Michail Antonio,West Ham United,700000,104124,1990-03-28,35
Jordan Pickford,Everton FC,18000000,130164,1994-03-07,31
João Virgínia,Everton FC,800000,329813,1999-10-10,25
Asmir Begovic,Everton FC,250000,33873,1987-06-20,38
Zan Luk Leban,Everton FC,150000,605757,2002-12-15,22
Jarrad Branthwaite,Everton FC,50000000,661053,2002-06-27,23
James Tarkowski,Everton FC,9000000,173504,1992-11-19,32
Michael Keane,Everton FC,5000000,118534,1993-01-11,32
Mason Holgate,Everton FC,4000000,348623,1996-10-22,28
Reece Welch,Everton FC,350000,655986,2003-09-19,21
Vitaliy Mykolenko,Everton FC,28000000,404842,1999-05-29,26
Jake O'Brien,Everton FC,18000000,711544,2001-05-15,24
Nathan Patterson,Everton FC,15000000,424015,2001-10-16,23
Ashley Young,Everton FC,500000,14086,1985-07-09,39
Séamus Coleman,Everton FC,500000,68390,1988-10-11,36
Roman Dixon,Everton FC,200000,856479,2004-12-26,20
Orel Mangala,Everton FC,18000000,289592,1998-03-18,27
James Garner,Everton FC,18000000,505219,2001-03-13,24
Idrissa Gueye,Everton FC,1500000,126665,1989-09-26,35
Carlos Alcaraz,Everton FC,14000000,748319,2002-11-30,22
Tim Iroegbunam,Everton FC,9000000,696589,2003-06-30,22
Harrison Armstrong,Everton FC,800000,1107733,2007-01-19,18
Jenson Metcalfe,Everton FC,175000,855890,2004-09-06,20
Abdoulaye Doucouré,Everton FC,7000000,127187,1993-01-01,32
Dwight McNeil,Everton FC,25000000,584769,1999-11-22,25
Jack Harrison,Everton FC,14000000,417346,1996-11-20,28
Iliman Ndiaye,Everton FC,22000000,623570,2000-03-06,25
Jesper Lindstrøm,Everton FC,18000000,513245,2000-02-29,25
Beto,Everton FC,22000000,595809,1998-01-31,27
Dominic Calvert-Lewin,Everton FC,16000000,306024,1997-03-16,28
Armando Broja,Everton FC,12000000,571743,2001-09-10,23
Neal Maupay,Everton FC,8000000,217115,1996-08-14,28
Youssef Chermiti,Everton FC,8000000,670688,2004-05-24,21
Bernd Leno,Fulham FC,10000000,72476,1992-03-04,33
Steven Benda,Fulham FC,1000000,381469,1998-10-01,26
Joachim Andersen,Fulham FC,27000000,260827,1996-05-31,29
Calvin Bassey,Fulham FC,25000000,461883,1999-12-31,25
Issa Diop,Fulham FC,14000000,272622,1997-01-09,28
Jorge Cuenca,Fulham FC,5000000,494880,1999-11-17,25
Antonee Robinson,Fulham FC,35000000,349701,1997-08-08,27
Ryan Sessegnon,Fulham FC,15000000,392775,2000-05-18,25
Kenny Tete,Fulham FC,13000000,206746,1995-10-09,29
Timothy Castagne,Fulham FC,13000000,262226,1995-12-05,29
Sander Berge,Fulham FC,25000000,333014,1998-02-14,27
Saša Lukić,Fulham FC,14000000,245056,1996-08-13,28
Harrison Reed,Fulham FC,6000000,226973,1995-01-27,30
Tom Cairney,Fulham FC,1500000,123275,1991-01-20,34
Josh King,Fulham FC,1000000,1011131,2007-01-03,18
Emile Smith Rowe,Fulham FC,30000000,392765,2000-07-28,24
Andreas Pereira,Fulham FC,18000000,203394,1996-01-01,29
Alex Iwobi,Fulham FC,28000000,242631,1996-05-03,29
Reiss Nelson,Fulham FC,16000000,340325,1999-12-10,25
Willian,Fulham FC,750000,52769,1988-08-09,36
Martial Godo,Fulham FC,600000,992686,2003-03-14,22
Harry Wilson,Fulham FC,15000000,279455,1997-03-22,28
Adama Traoré,Fulham FC,9000000,204103,1996-01-25,29
Rodrigo Muniz,Fulham FC,20000000,735571,2001-05-04,24
Jay Stansfield,Fulham FC,11000000,696346,2002-11-24,22
Raúl Jiménez,Fulham FC,5000000,206040,1991-05-05,34
Carlos Vinícius,Fulham FC,3500000,525287,1995-03-25,30
Aaron Ramsdale,Southampton FC,16000000,427568,1998-05-14,27
Gavin Bazunu,Southampton FC,9000000,585550,2002-02-20,23
Joe Lumley,Southampton FC,500000,336367,1995-02-15,30
Alex McCarthy,Southampton FC,350000,95976,1989-12-03,35
Taylor Harwood-Bellis,Southampton FC,22000000,503977,2002-01-30,23
Jan Bednarek,Southampton FC,9000000,243028,1996-04-12,29
Armel Bella-Kotchap,Southampton FC,9000000,467563,2001-12-11,23
Ronnie Edwards,Southampton FC,3800000,732165,2003-03-28,22
Nathan Wood,Southampton FC,3500000,503990,2002-05-31,23
Jack Stephens,Southampton FC,1500000,163744,1994-01-27,31
Joachim Kayi Sanda,Southampton FC,1500000,986298,2006-11-29,18
Juan Larios,Southampton FC,3500000,646738,2004-01-12,21
Ryan Manning,Southampton FC,3000000,262300,1996-06-14,29
Welington,Southampton FC,3000000,729264,2001-02-19,24
Charlie Taylor,Southampton FC,2200000,195633,1993-09-18,31
Kyle Walker-Peters,Southampton FC,15000000,341051,1997-04-13,28
Yukinari Sugawara,Southampton FC,11000000,405385,2000-06-28,25
James Bree,Southampton FC,2500000,324223,1997-12-11,27
Lesley Ugochukwu,Southampton FC,18000000,711999,2004-03-26,21
Flynn Downes,Southampton FC,13000000,506189,1999-01-20,26
Shea Charles,Southampton FC,10000000,747951,2003-11-05,21
Mateus Fernandes,Southampton FC,15000000,880245,2004-07-10,20
Carlos Alcaraz,Southampton FC,14000000,748319,2002-11-30,22
Joe Aribo,Southampton FC,6000000,468198,1996-07-21,28
Will Smallbone,Southampton FC,6000000,444211,2000-02-21,25
Joe O'Brien-Whitmarsh,Southampton FC,300000,741228,2005-05-11,20
Romeo Akachukwu,Southampton FC,150000,990836,2006-07-28,18
Albert Grønbæk,Southampton FC,11000000,503866,2001-05-23,24
Adam Lallana,Southampton FC,750000,43530,1988-05-10,37
Kamaldeen Sulemana,Southampton FC,13000000,746695,2002-02-15,23
Maxwel Cornet,Southampton FC,8000000,234781,1996-09-27,28
Samuel Edozie,Southampton FC,6000000,680806,2003-01-28,22
Ryan Fraser,Southampton FC,2000000,146795,1994-02-24,31
Tyler Dibling,Southampton FC,25000000,866655,2006-02-17,19
Samuel Amo-Ameyaw,Southampton FC,4000000,933900,2006-07-18,18
Adam Armstrong,Southampton FC,12000000,250426,1997-02-10,28
Cameron Archer,Southampton FC,12000000,533662,2001-12-09,23
Ben Brereton Díaz,Southampton FC,7500000,426192,1999-04-18,26
Paul Onuachu,Southampton FC,6000000,272855,1994-05-28,31
Ross Stewart,Southampton FC,4000000,447995,1996-07-11,28
Arijanet Murić,Ipswich Town,5000000,371021,1998-11-07,26
Christian Walton,Ipswich Town,1000000,208379,1995-11-09,29
Alex Palmer,Ipswich Town,1000000,245625,1996-08-10,28
Cieran Slicker,Ipswich Town,300000,621997,2002-09-15,22
Jacob Greaves,Ipswich Town,18000000,693095,2000-09-12,24
Dara O'Shea,Ipswich Town,14000000,401320,1999-03-04,26
Ben Godfrey,Ipswich Town,6000000,343475,1998-01-15,27
Axel Tuanzebe,Ipswich Town,5000000,342046,1997-11-14,27
Luke Woolfenden,Ipswich Town,2000000,527425,1998-10-21,26
Cameron Burgess,Ipswich Town,2000000,255788,1995-10-21,29
George Edmundson,Ipswich Town,800000,385848,1997-08-15,27
Leif Davis,Ipswich Town,22000000,596446,1999-12-31,25
Conor Townsend,Ipswich Town,800000,146509,1993-03-04,32
Ben Johnson,Ipswich Town,8000000,468002,2000-01-24,25
Harry Clarke,Ipswich Town,4500000,528892,2001-03-02,24
Kalvin Phillips,Ipswich Town,12000000,351749,1995-12-02,29
Jens Cajuste,Ipswich Town,12000000,468066,1999-08-10,25
Jack Taylor,Ipswich Town,3000000,458178,1998-06-23,27
Sam Morsy,Ipswich Town,500000,123551,1991-09-10,33
Massimo Luongo,Ipswich Town,400000,181687,1992-09-25,32
Wes Burns,Ipswich Town,2000000,255731,1994-11-23,30
Julio Enciso,Ipswich Town,22000000,660867,2004-01-23,21
Omari Hutchinson,Ipswich Town,22000000,741238,2003-10-30,21
Sammie Szmodics,Ipswich Town,10000000,292139,1995-09-24,29
Marcus Harness,Ipswich Town,800000,288323,1996-02-24,29
Jaden Philogene,Ipswich Town,16000000,665390,2002-02-08,23
Jack Clarke,Ipswich Town,15000000,559794,2000-11-23,24
Nathan Broadhead,Ipswich Town,4500000,344009,1998-04-05,27
Chiedozie Ogbene,Ipswich Town,7000000,392591,1997-05-01,28
Conor Chaplin,Ipswich Town,6000000,349503,1997-02-16,28
Liam Delap,Ipswich Town,40000000,610849,2003-02-08,22
George Hirst,Ipswich Town,4000000,420808,1999-02-15,26
Ali Al-Hamadi,Ipswich Town,2500000,610581,2002-03-01,23
Mads Hermansen,Leicester City,15000000,400536,2000-07-11,24
Daniel Iversen,Leicester City,2500000,260841,1997-07-19,27
Danny Ward,Leicester City,1200000,203026,1993-06-22,32
Jakub Stolarczyk,Leicester City,1000000,486144,2000-12-19,24
Wout Faes,Leicester City,15000000,292808,1998-04-03,27
Caleb Okoli,Leicester City,10000000,461833,2001-07-13,23
Harry Souttar,Leicester City,6000000,298091,1998-10-22,26
Conor Coady,Leicester City,2200000,128901,1993-02-25,32
Jannik Vestergaard,Leicester City,2000000,99331,1992-08-03,32
Ben Nelson,Leicester City,500000,714458,2004-03-18,21
Victor Kristiansen,Leicester City,15000000,564529,2002-12-16,22
Luke Thomas,Leicester City,6000000,505194,2001-06-10,24
James Justin,Leicester City,13000000,413220,1998-02-23,27
Ricardo Pereira,Leicester City,4500000,215876,1993-10-06,31
Woyo Coulibaly,Leicester City,2000000,592975,1999-05-26,26
Wilfred Ndidi,Leicester City,15000000,274839,1996-12-16,28
Boubakary Soumaré,Leicester City,12000000,344605,1999-02-27,26
Oliver Skipp,Leicester City,10000000,406638,2000-09-16,24
Hamza Choudhury,Leicester City,4500000,341501,1997-10-01,27
Sammy Braybrooke,Leicester City,300000,840640,2004-03-12,21
Harry Winks,Leicester City,9000000,249126,1996-02-02,29
Michael Golding,Leicester City,2000000,936842,2006-05-23,19
Bilal El Khannouss,Leicester City,28000000,654982,2004-05-10,21
Facundo Buonanotte,Leicester City,20000000,983989,2004-12-23,20
Will Alves,Leicester City,400000,867711,2005-05-04,20
Stephy Mavididi,Leicester City,10000000,340328,1998-05-31,27
Issahaku Fatawu,Leicester City,11000000,864121,2004-03-08,21
Bobby De Cordova-Reid,Leicester City,2500000,186186,1993-02-02,32
Kasey McAteer,Leicester City,2000000,621193,2001-11-22,23
Tom Cannon,Leicester City,10000000,669366,2002-12-28,22
Patson Daka,Leicester City,9000000,365172,1998-10-09,26
Odsonne Édouard,Leicester City,8000000,344152,1998-01-16,27
Jordan Ayew,Leicester City,2500000,108354,1991-09-11,33
Jamie Vardy,Leicester City,1000000,197838,1987-01-11,38
Jake Evans,Leicester City,150000,1171764,2008-08-21,16
Chris Popov,Leicester City,100000,667508,2004-10-26,20
