Player,MarketValueEUR,team_name,team_id
Ramiro Macagno,,Club Atlético Platense,928
Joaquín Blázquez,,Club Atlético Platense,928
Juan Pablo Cozzani,,Club Atlético Platense,928
Andrés Desábato,,Club Atlético Platense,928
Alejandro Sánchez,,Club Atlético Platense,928
Nicolás Sumavil,,Club Atlético Platense,928
Miguel Jacquet,,Club Atlético Platense,928
Gastón Suso,,Club Atlético Platense,928
Ignacio Vázquez,,Club Atlético Platense,928
Oscar Salomón,,Club Atlético Platense,928
Juan Pablo Pignani,,Club Atlético Platense,928
Agustín Quiroga,,Club Atlético Platense,928
Juan Infante,,Club Atlético Platense,928
Sasha Marcich,,Club Atlético Platense,928
Gonzalo Valdivia,,Club Atlético Platense,928
Raúl Lozano,,Club Atlético Platense,928
Nicolás Morgantini,,Club Atlético Platense,928
Gonzalo Asís,,Club Atlético Platense,928
Bautista Barros Schelotto,,Club Atlético Platense,928
Juan Ignacio Saborido,,Club Atlético Platense,928
Carlos Villalba,,Club Atlético Platense,928
Iván Gómez,,Club Atlético Platense,928
Iván Rossi,,Club Atlético Platense,928
Leonel Picco,,Club Atlético Platense,928
Jerónimo Cacciabue,,Club Atlético Platense,928
Nicolás Castro,,Club Atlético Platense,928
Franco Díaz,,Club Atlético Platense,928
Braian Rivero,,Club Atlético Platense,928
Franco Baldassarra,,Club Atlético Platense,928
Fernando Juárez,,Club Atlético Platense,928
Nicolás Ortiz,,Club Atlético Platense,928
Lisandro Montenegro,,Club Atlético Platense,928
Franco Zapiola,,Club Atlético Platense,928
Vicente Taborda,,Club Atlético Platense,928
Gabriel Hachen,,Club Atlético Platense,928
Luciano Ferreyra,,Club Atlético Platense,928
Agustín Obando,,Club Atlético Platense,928
Alan Marinelli,,Club Atlético Platense,928
Agustín Ocampo,,Club Atlético Platense,928
Luis Angulo,,Club Atlético Platense,928
Rodrigo Márquez,,Club Atlético Platense,928
Agustín Alonso,,Club Atlético Platense,928
Franco Minerva,,Club Atlético Platense,928
Ignacio Schor,,Club Atlético Platense,928
Guido Mainero,,Club Atlético Platense,928
Gabriel Gudiño,,Club Atlético Platense,928
Ciro Rius,,Club Atlético Platense,928
Maximiliano Zalazar,,Club Atlético Platense,928
Facundo Russo,,Club Atlético Platense,928
Manuel Tucker,,Club Atlético Platense,928
Maximiliano Urruti,,Club Atlético Platense,928
Augusto Lotti,,Club Atlético Platense,928
Mauro Quiroga,,Club Atlético Platense,928
Nicolás Servetto,,Club Atlético Platense,928
Ronaldo Martínez,,Club Atlético Platense,928
Mateo Pellegrino,,Club Atlético Platense,928
Juan Pablo Goicochea,,Club Atlético Platense,928
Tobías Cervera,,Club Atlético Platense,928
Nadir Zeineddin,,Club Atlético Platense,928
Conan Ledesma,,CA River Plate,209
Franco Armani,,CA River Plate,209
Ezequiel Centurión,,CA River Plate,209
Lucas Lavagnino,,CA River Plate,209
Santiago Beltrán,,CA River Plate,209
Lucas Martínez Quarta,,CA River Plate,209
Paulo Díaz,,CA River Plate,209
Germán Pezzella,,CA River Plate,209
David Martínez,,CA River Plate,209
Federico Gattoni,,CA River Plate,209
Emanuel Mammana,,CA River Plate,209
Ramiro Funes Mori,,CA River Plate,209
Leandro González Pírez,,CA River Plate,209
Jonatan Maidana,,CA River Plate,209
Sebastián Boselli,,CA River Plate,209
Daniel Zabala,,CA River Plate,209
Marcos Acuña,,CA River Plate,209
Enzo Díaz,,CA River Plate,209
Milton Casco,,CA River Plate,209
Franco Carboni,,CA River Plate,209
Gonzalo Montiel,,CA River Plate,209
Fabricio Bustos,,CA River Plate,209
Andrés Herrera,,CA River Plate,209
Agustín Sant'Anna,,CA River Plate,209
Rodrigo Villagra,,CA River Plate,209
Matías Kranevitter,,CA River Plate,209
Bruno Zuculini,,CA River Plate,209
Enzo Pérez,,CA River Plate,209
Felipe Peña Biafore,,CA River Plate,209
Nicolás Fonseca,,CA River Plate,209
Nicolás de la Cruz,,CA River Plate,209
Agustín Palavecino,,CA River Plate,209
Rodrigo Aliendro,,CA River Plate,209
Tobías Leiva,,CA River Plate,209
Santiago Simón,,CA River Plate,209
Manuel Lanzini,,CA River Plate,209
Gonzalo Martínez,,CA River Plate,209
Esequiel Barco,,CA River Plate,209
Nacho Fernández,,CA River Plate,209
Matías Rojas,,CA River Plate,209
Claudio Echeverri,,CA River Plate,209
Jonás Luna,,CA River Plate,209
Santiago Lencina,,CA River Plate,209
Maximiliano Meza,,CA River Plate,209
Pablo Solari,,CA River Plate,209
Franco Mastantuono,,CA River Plate,209
Ian Subiabre,,CA River Plate,209
Sebastián Driussi,,CA River Plate,209
Miguel Borja,,CA River Plate,209
Facundo Colidio,,CA River Plate,209
Adam Bareiro,,CA River Plate,209
Matías Suárez,,CA River Plate,209
Salomón Rondón,,CA River Plate,209
Agustín Ruberto,,CA River Plate,209
Sergio Romero,,CA Boca Juniors,189
Leandro Brey,,CA Boca Juniors,189
Javier García,,CA Boca Juniors,189
Sebastián Díaz Robles,,CA Boca Juniors,189
Nicolás Figal,,CA Boca Juniors,189
Marcos Rojo,,CA Boca Juniors,189
Bruno Valdez,,CA Boca Juniors,189
Cristian Lema,,CA Boca Juniors,189
Gary Medel,,CA Boca Juniors,189
Nicolás Valentini,,CA Boca Juniors,189
Facundo Roncaglia,,CA Boca Juniors,189
Lautaro Di Lollo,,CA Boca Juniors,189
Mateo Mendía,,CA Boca Juniors,189
Aarón Anselmino,,CA Boca Juniors,189
Walter Molas,,CA Boca Juniors,189
Lautaro Blanco,,CA Boca Juniors,189
Marcelo Saracchi,,CA Boca Juniors,189
Frank Fabra,,CA Boca Juniors,189
Lucas Blondel,,CA Boca Juniors,189
Marcelo Weigandt,,CA Boca Juniors,189
Luis Advíncula,,CA Boca Juniors,189
Juan Barinaga,,CA Boca Juniors,189
Dylan Gorosito,,CA Boca Juniors,189
Equi Fernández,,CA Boca Juniors,189
Tomás Belmonte,,CA Boca Juniors,189
Jorman Campuzano,,CA Boca Juniors,189
Diego González,,CA Boca Juniors,189
Ignacio Miramón,,CA Boca Juniors,189
Mauricio Benítez,,CA Boca Juniors,189
Milton Delgado,,CA Boca Juniors,189
Cristian Medina,,CA Boca Juniors,189
Juan Ramírez,,CA Boca Juniors,189
Pol Fernández,,CA Boca Juniors,189
Valentín Barco,,CA Boca Juniors,189
Jabes Saralegui,,CA Boca Juniors,189
Julián Ceballos,,CA Boca Juniors,189
Santiago Dalmasso,,CA Boca Juniors,189
Román Rodríguez,,CA Boca Juniors,189
Ezequiel Bullaude,,CA Boca Juniors,189
Agustín Martegani,,CA Boca Juniors,189
Vicente Taborda,,CA Boca Juniors,189
Juan Cruz Payal,,CA Boca Juniors,189
Lucas Janson,,CA Boca Juniors,189
Kevin Zenón,,CA Boca Juniors,189
Brian Aguirre,,CA Boca Juniors,189
Joaquín Ruiz,,CA Boca Juniors,189
Exequiel Zeballos,,CA Boca Juniors,189
Luca Langoni,,CA Boca Juniors,189
Norberto Briasco,,CA Boca Juniors,189
Iker Zufiaurre,,CA Boca Juniors,189
Edinson Cavani,,CA Boca Juniors,189
Miguel Merentiel,,CA Boca Juniors,189
Darío Benedetto,,CA Boca Juniors,189
Milton Giménez,,CA Boca Juniors,189
Ignacio Rodríguez,,CA Boca Juniors,189
Álvaro Montero,,CA Vélez Sarsfield,1029
Gastón Gómez,,CA Vélez Sarsfield,1029
Sebastián Sosa,,CA Vélez Sarsfield,1029
Leonardo Burián,,CA Vélez Sarsfield,1029
Tomás Marchiori,,CA Vélez Sarsfield,1029
Randall Rodríguez,,CA Vélez Sarsfield,1029
Lautaro Garzón,,CA Vélez Sarsfield,1029
Emanuel Mammana,,CA Vélez Sarsfield,1029
Valentín Gómez,,CA Vélez Sarsfield,1029
Lautaro Giannetti,,CA Vélez Sarsfield,1029
Lisandro Magallán,,CA Vélez Sarsfield,1029
Matías De los Santos,,CA Vélez Sarsfield,1029
Miguel Brizuela,,CA Vélez Sarsfield,1029
Aarón Quirós,,CA Vélez Sarsfield,1029
Damián Fernández,,CA Vélez Sarsfield,1029
Patricio Pernicone,,CA Vélez Sarsfield,1029
Thiago Silvero,,CA Vélez Sarsfield,1029
Elías Gómez,,CA Vélez Sarsfield,1029
Braian Cufré,,CA Vélez Sarsfield,1029
Tomás Cavanagh,,CA Vélez Sarsfield,1029
Tomás Guidara,,CA Vélez Sarsfield,1029
Leonardo Jara,,CA Vélez Sarsfield,1029
Agustín Lagos,,CA Vélez Sarsfield,1029
Joaquín García,,CA Vélez Sarsfield,1029
Jano Gordon,,CA Vélez Sarsfield,1029
Isaías Andrada,,CA Vélez Sarsfield,1029
Claudio Baeza,,CA Vélez Sarsfield,1029
Santiago Cáseres,,CA Vélez Sarsfield,1029
Juan Ignacio Méndez,,CA Vélez Sarsfield,1029
Jalil Elías,,CA Vélez Sarsfield,1029
Yeison Gordillo,,CA Vélez Sarsfield,1029
Agustín Bouzat,,CA Vélez Sarsfield,1029
Agustín Mulet,,CA Vélez Sarsfield,1029
Felipe Bussio,,CA Vélez Sarsfield,1029
Nicolás Garayalde,,CA Vélez Sarsfield,1029
Rodrigo Aliendro,,CA Vélez Sarsfield,1029
José Florentín,,CA Vélez Sarsfield,1029
Christian Ordóñez,,CA Vélez Sarsfield,1029
Tobías Andrada,,CA Vélez Sarsfield,1029
Leonel Roldán,,CA Vélez Sarsfield,1029
Manuel Lanzini,,CA Vélez Sarsfield,1029
Claudio Aquino,,CA Vélez Sarsfield,1029
Tomás Galván,,CA Vélez Sarsfield,1029
Elías Cabrera,,CA Vélez Sarsfield,1029
Álvaro Montoro,,CA Vélez Sarsfield,1029
Maximiliano Porcel,,CA Vélez Sarsfield,1029
Matías Pellegrini,,CA Vélez Sarsfield,1029
Ricardo Centurión,,CA Vélez Sarsfield,1029
Lenny Lobato,,CA Vélez Sarsfield,1029
Thiago Fernández,,CA Vélez Sarsfield,1029
Francisco Pizzini,,CA Vélez Sarsfield,1029
Gianluca Prestianni,,CA Vélez Sarsfield,1029
Imanol Machuca,,CA Vélez Sarsfield,1029
Rodrigo Piñeiro,,CA Vélez Sarsfield,1029
Maher Carrizo,,CA Vélez Sarsfield,1029
Benjamín Bosch,,CA Vélez Sarsfield,1029
Walter Bou,,CA Vélez Sarsfield,1029
Braian Romero,,CA Vélez Sarsfield,1029
Abiel Osorio,,CA Vélez Sarsfield,1029
Thiago Vecino,,CA Vélez Sarsfield,1029
Santiago Castro,,CA Vélez Sarsfield,1029
Michael Santos,,CA Vélez Sarsfield,1029
Matías Arias,,CA Vélez Sarsfield,1029
Dilan Godoy,,CA Vélez Sarsfield,1029
Alejo Sarco,,CA Vélez Sarsfield,1029
Francisco Montoro,,CA Vélez Sarsfield,1029
Lautaro Morales,,CA Talleres,3938
Guido Herrera,,CA Talleres,3938
Javier Burrai,,CA Talleres,3938
Joaquín Blázquez,,CA Talleres,3938
Laureano Martínez,,CA Talleres,3938
Santino Barbi,,CA Talleres,3938
Matías Catalán,,CA Talleres,3938
Juan Carlos Portillo,,CA Talleres,3938
Kevin Mantilla,,CA Talleres,3938
Lucas Suárez,,CA Talleres,3938
Tomás Cardona,,CA Talleres,3938
Juan Gabriel Rodríguez,,CA Talleres,3938
Tomás Palacios,,CA Talleres,3938
Imanol Segovia,,CA Talleres,3938
Santiago Fernández,,CA Talleres,3938
Tomás Kummer,,CA Talleres,3938
Blas Riveros,,CA Talleres,3938
Miguel Navarro,,CA Talleres,3938
Fernando Bersano,,CA Talleres,3938
Ian Escobar,,CA Talleres,3938
Franco Saavedra,,CA Talleres,3938
Alex Vigo,,CA Talleres,3938
Gastón Benavídez,,CA Talleres,3938
Augusto Schott,,CA Talleres,3938
Tomás Olmos,,CA Talleres,3938
Rodrigo Villagra,,CA Talleres,3938
Matías Galarza,,CA Talleres,3938
Ulises Ortegoza,,CA Talleres,3938
Mateo Seoane,,CA Talleres,3938
Joaquín Mosqueira,,CA Talleres,3938
Matías Esquivel,,CA Talleres,3938
Franco Moyano,,CA Talleres,3938
Juan Portilla,,CA Talleres,3938
Matías Galarza Fonda,,CA Talleres,3938
Marcos Portillo,,CA Talleres,3938
Matías Gómez,,CA Talleres,3938
Gustavo Albarracín,,CA Talleres,3938
Emanuel Reynoso,,CA Talleres,3938
Rodrigo Garro,,CA Talleres,3938
Rubén Botta,,CA Talleres,3938
Luis Sequeira,,CA Talleres,3938
Jeremías Gallard,,CA Talleres,3938
Ramón Sosa,,CA Talleres,3938
Rick,,CA Talleres,3938
Alejandro Martínez,,CA Talleres,3938
Valentín Depietri,,CA Talleres,3938
Luis Angulo,,CA Talleres,3938
Sebastián Zeballos,,CA Talleres,3938
Sebastián Palacios,,CA Talleres,3938
Nicolás Vallejo,,CA Talleres,3938
Diego Barrera,,CA Talleres,3938
Gustavo Bou,,CA Talleres,3938
Nahuel Bustos,,CA Talleres,3938
Federico Girotti,,CA Talleres,3938
Ramiro Ruiz Rodríguez,,CA Talleres,3938
Tomás Molina,,CA Talleres,3938
Cristian Tarragona,,CA Talleres,3938
Bruno Barticciotto,,CA Talleres,3938
Lautaro Ovando,,CA Talleres,3938
David Romero,,CA Talleres,3938
Francisco Pozzo,,CA Talleres,3938
Valentín Dávila,,CA Talleres,3938
Facundo Altamirano,,CA San Lorenzo de Almagro,1775
Gastón Gómez,,CA San Lorenzo de Almagro,1775
Augusto Batalla,,CA San Lorenzo de Almagro,1775
Lautaro López Kaleniuk,,CA San Lorenzo de Almagro,1775
Mateo Clemente,,CA San Lorenzo de Almagro,1775
Orlando Gill,,CA San Lorenzo de Almagro,1775
Rafael Pérez,,CA San Lorenzo de Almagro,1775
Gastón Hernández,,CA San Lorenzo de Almagro,1775
Fabricio Formiliano,,CA San Lorenzo de Almagro,1775
Nicolás Hernández,,CA San Lorenzo de Almagro,1775
Jhohan Romaña,,CA San Lorenzo de Almagro,1775
Gastón Campi,,CA San Lorenzo de Almagro,1775
Gonzalo Luján,,CA San Lorenzo de Almagro,1775
Jeremías James,,CA San Lorenzo de Almagro,1775
Maximiliano Zelaya,,CA San Lorenzo de Almagro,1775
Daniel Herrera,,CA San Lorenzo de Almagro,1775
Ramiro Pedroza,,CA San Lorenzo de Almagro,1775
Tomás Silva,,CA San Lorenzo de Almagro,1775
Elías Báez,,CA San Lorenzo de Almagro,1775
Agustín Giay,,CA San Lorenzo de Almagro,1775
Nahuel Arias,,CA San Lorenzo de Almagro,1775
Lucas Coronel,,CA San Lorenzo de Almagro,1775
Fabricio López,,CA San Lorenzo de Almagro,1775
Eric Remedi,,CA San Lorenzo de Almagro,1775
Nicolás Tripichio,,CA San Lorenzo de Almagro,1775
Jalil Elías,,CA San Lorenzo de Almagro,1775
Carlos Sánchez,,CA San Lorenzo de Almagro,1775
Elián Irala,,CA San Lorenzo de Almagro,1775
Cristian Ferreira,,CA San Lorenzo de Almagro,1775
Manuel Insaurralde,,CA San Lorenzo de Almagro,1775
Gastón Ramírez,,CA San Lorenzo de Almagro,1775
Francisco Perruzzi,,CA San Lorenzo de Almagro,1775
Gonzalo Alassia,,CA San Lorenzo de Almagro,1775
Santiago Sosa,,CA San Lorenzo de Almagro,1775
Agustín Hausch,,CA San Lorenzo de Almagro,1775
Malcom Braida,,CA San Lorenzo de Almagro,1775
Iker Muniain,,CA San Lorenzo de Almagro,1775
Iván Tapia,,CA San Lorenzo de Almagro,1775
Agustín Martegani,,CA San Lorenzo de Almagro,1775
Gonzalo Maroni,,CA San Lorenzo de Almagro,1775
Sebastián Blanco,,CA San Lorenzo de Almagro,1775
Alexis Sabella,,CA San Lorenzo de Almagro,1775
Tomás Porra,,CA San Lorenzo de Almagro,1775
Juan Cruz Vega,,CA San Lorenzo de Almagro,1775
Agustín Ladstatter,,CA San Lorenzo de Almagro,1775
Nahuel Barrios,,CA San Lorenzo de Almagro,1775
Tobías Medina,,CA San Lorenzo de Almagro,1775
Carlos Auzqui,,CA San Lorenzo de Almagro,1775
Iván Leguizamón,,CA San Lorenzo de Almagro,1775
Ezequiel Cerutti,,CA San Lorenzo de Almagro,1775
Matías Reali,,CA San Lorenzo de Almagro,1775
Adam Bareiro,,CA San Lorenzo de Almagro,1775
Nahuel Bustos,,CA San Lorenzo de Almagro,1775
Federico Girotti,,CA San Lorenzo de Almagro,1775
Andrés Vombergar,,CA San Lorenzo de Almagro,1775
Cristian Tarragona,,CA San Lorenzo de Almagro,1775
Facundo Bruera,,CA San Lorenzo de Almagro,1775
Francisco Fydriszewski,,CA San Lorenzo de Almagro,1775
Diego Herazo,,CA San Lorenzo de Almagro,1775
Nicolás Blandi,,CA San Lorenzo de Almagro,1775
Alexis Cuello,,CA San Lorenzo de Almagro,1775
Matías Hernández,,CA San Lorenzo de Almagro,1775
Mauro Pérez,,CA San Lorenzo de Almagro,1775
Diego Perea,,CA San Lorenzo de Almagro,1775
Thiago Perugini,,CA San Lorenzo de Almagro,1775
Gabriel Arias,,Racing Club,1444
Facundo Cambeses,,Racing Club,1444
Matías Tagliamonte,,Racing Club,1444
Roberto León,,Racing Club,1444
Francisco Gómez,,Racing Club,1444
Santiago Sosa,,Racing Club,1444
Germán Conti,,Racing Club,1444
Nazareno Colombo,,Racing Club,1444
Leonardo Sigali,,Racing Club,1444
Gonzalo Piovi,,Racing Club,1444
Agustín García Basso,,Racing Club,1444
Marco Di Césare,,Racing Club,1444
Santiago Quirós,,Racing Club,1444
Gonzalo Escudero,,Racing Club,1444
Gabriel Rojas,,Racing Club,1444
Emiliano Insúa,,Racing Club,1444
Juan Elordi,,Racing Club,1444
Ignacio Galván,,Racing Club,1444
Facundo Mura,,Racing Club,1444
Gastón Martirena,,Racing Club,1444
Iván Pillud,,Racing Club,1444
Tobías Rubio,,Racing Club,1444
Aníbal Moreno,,Racing Club,1444
Bruno Zuculini,,Racing Club,1444
Juan Ignacio Nardoni,,Racing Club,1444
Leonel Miranda,,Racing Club,1444
Agustín Almendra,,Racing Club,1444
Martín Barrios,,Racing Club,1444
Máximo Paredes,,Racing Club,1444
Santino Vera,,Racing Club,1444
Catriel Cabellos,,Racing Club,1444
Juan Fernando Quintero,,Racing Club,1444
Emiliano Vecchio,,Racing Club,1444
Jonatan Gómez,,Racing Club,1444
Nicolás Oroz,,Racing Club,1444
Matías Acevedo,,Racing Club,1444
Baltasar Rodríguez,,Racing Club,1444
David González,,Racing Club,1444
Agustín Urzi,,Racing Club,1444
Johan Carbonero,,Racing Club,1444
Agustín Ojeda,,Racing Club,1444
Santiago Solari,,Racing Club,1444
Matías Bergara,,Racing Club,1444
Ramiro Degregorio,,Racing Club,1444
Roger Martínez,,Racing Club,1444
Luciano Vietto,,Racing Club,1444
Maximiliano Romero,,Racing Club,1444
Nicolás Reniero,,Racing Club,1444
Maximiliano Salas,,Racing Club,1444
Adrián Martínez,,Racing Club,1444
Gabriel Hauche,,Racing Club,1444
Román Fernández,,Racing Club,1444
Emiliano Saliadarre,,Racing Club,1444
Santiago Rojas,,Club Atlético Tigre,11831
Felipe Zenobio,,Club Atlético Tigre,11831
Gonzalo Marinelli,,Club Atlético Tigre,11831
Fede Gomes,,Club Atlético Tigre,11831
Matías Tagliamonte,,Club Atlético Tigre,11831
Alan Sosa,,Club Atlético Tigre,11831
Luka Fuster,,Club Atlético Tigre,11831
Robert Rojas,,Club Atlético Tigre,11831
Kevin Lomónaco,,Club Atlético Tigre,11831
Emanuel Aguilera,,Club Atlético Tigre,11831
Ramón Arias,,Club Atlético Tigre,11831
Víctor Cabrera,,Club Atlético Tigre,11831
Tomás Lecanda,,Club Atlético Tigre,11831
Abel Luciatti,,Club Atlético Tigre,11831
Nehuén Paz,,Club Atlético Tigre,11831
Pablo Adorno,,Club Atlético Tigre,11831
Gian Nardelli,,Club Atlético Tigre,11831
Facundo Giacopuzzi,,Club Atlético Tigre,11831
Brian Leizza,,Club Atlético Tigre,11831
Pablo Minissale,,Club Atlético Tigre,11831
Augusto Aguirre,,Club Atlético Tigre,11831
Tomás Fernández,,Club Atlético Tigre,11831
Sebastián Prieto,,Club Atlético Tigre,11831
Juan Sánchez Miño,,Club Atlético Tigre,11831
Nahuel Genez,,Club Atlético Tigre,11831
Lautaro Montoya,,Club Atlético Tigre,11831
Nahuel Banegas,,Club Atlético Tigre,11831
Tomás Cavanagh,,Club Atlético Tigre,11831
Ángelo Marchese,,Club Atlético Tigre,11831
Martín Garay,,Club Atlético Tigre,11831
Martín Ortega,,Club Atlético Tigre,11831
Valentín Moreno,,Club Atlético Tigre,11831
Sebastián Prediger,,Club Atlético Tigre,11831
Walter Rodríguez,,Club Atlético Tigre,11831
Agustin Baldi,,Club Atlético Tigre,11831
Milton Vasconcelo,,Club Atlético Tigre,11831
Leonel Miranda,,Club Atlético Tigre,11831
Alexis Castro,,Club Atlético Tigre,11831
Agustín Cardozo,,Club Atlético Tigre,11831
Lucas Menossi,,Club Atlético Tigre,11831
José Paradela,,Club Atlético Tigre,11831
Cristian Zabala,,Club Atlético Tigre,11831
Mateo Cáceres,,Club Atlético Tigre,11831
Lorenzo Scipioni,,Club Atlético Tigre,11831
Santiago González,,Club Atlético Tigre,11831
Sebastián Sánchez,,Club Atlético Tigre,11831
Tomás Chávez,,Club Atlético Tigre,11831
Sebastián Medina,,Club Atlético Tigre,11831
Aarón Molinas,,Club Atlético Tigre,11831
Brahian Alemán,,Club Atlético Tigre,11831
Gonzalo Maroni,,Club Atlético Tigre,11831
Tomás Galván,,Club Atlético Tigre,11831
Ezequiel Forclaz,,Club Atlético Tigre,11831
Matías Espíndola,,Club Atlético Tigre,11831
Blas Armoa,,Club Atlético Tigre,11831
Agustín Obando,,Club Atlético Tigre,11831
Romeo Benítez,,Club Atlético Tigre,11831
Juan Cruz Esquivel,,Club Atlético Tigre,11831
Darío Sarmiento,,Club Atlético Tigre,11831
Nicolás Reniero,,Club Atlético Tigre,11831
Facundo Ferreyra,,Club Atlético Tigre,11831
Tomás Badaloni,,Club Atlético Tigre,11831
Renzo López,,Club Atlético Tigre,11831
Eric Ramírez,,Club Atlético Tigre,11831
Ijiel Protti,,Club Atlético Tigre,11831
Nicolás Contin,,Club Atlético Tigre,11831
Florián Monzón,,Club Atlético Tigre,11831
Gonzalo Flores,,Club Atlético Tigre,11831
Flabián Londoño,,Club Atlético Tigre,11831
Dairo Peña,,Club Atlético Tigre,11831
Camilo Viganoni,,Club Atlético Tigre,11831
Cristopher Fiermarín,,Defensa y Justicia,2402
Enrique Bologna,,Defensa y Justicia,2402
Ramiro García,,Defensa y Justicia,2402
Lucas Escobar,,Defensa y Justicia,2402
Máximo González,,Defensa y Justicia,2402
Emanuel Aguilera,,Defensa y Justicia,2402
Esteban Burgos,,Defensa y Justicia,2402
Julián Malatini,,Defensa y Justicia,2402
Tomás Cardona,,Defensa y Justicia,2402
Lucas Ferreira,,Defensa y Justicia,2402
Santiago Ramos Mingo,,Defensa y Justicia,2402
Francisco Marco,,Defensa y Justicia,2402
Dylan Gissi,,Defensa y Justicia,2402
Andrés Berizovsky,,Defensa y Justicia,2402
Tiago Ferreyra,,Defensa y Justicia,2402
Samuel Lucero,,Defensa y Justicia,2402
Elías Calderón,,Defensa y Justicia,2402
Ulises Giménez,,Defensa y Justicia,2402
Alexis Soto,,Defensa y Justicia,2402
Darío Cáceres,,Defensa y Justicia,2402
Ignacio Galván,,Defensa y Justicia,2402
Agustín Sant'Anna,,Defensa y Justicia,2402
Ayrton Portillo,,Defensa y Justicia,2402
Ezequiel Cannavo,,Defensa y Justicia,2402
Tobías Rubio,,Defensa y Justicia,2402
Alejo Valenzuela,,Defensa y Justicia,2402
Kevin Gutiérrez,,Defensa y Justicia,2402
Nicolás Tripichio,,Defensa y Justicia,2402
Maximiliano González,,Defensa y Justicia,2402
Ángel Benítez,,Defensa y Justicia,2402
Julián López,,Defensa y Justicia,2402
Franco Romero,,Defensa y Justicia,2402
Lautaro López,,Defensa y Justicia,2402
Benjamín Schamine,,Defensa y Justicia,2402
Valentín Larralde,,Defensa y Justicia,2402
Kevin López,,Defensa y Justicia,2402
César Pérez,,Defensa y Justicia,2402
Gonzalo Castellani,,Defensa y Justicia,2402
Tomás Escalante,,Defensa y Justicia,2402
Tomás Ortiz,,Defensa y Justicia,2402
Gabriel Alanís,,Defensa y Justicia,2402
Aarón Molinas,,Defensa y Justicia,2402
Manuel Duarte,,Defensa y Justicia,2402
Rodrigo Bogarín,,Defensa y Justicia,2402
Nicolás Palavecino,,Defensa y Justicia,2402
Tiago Serrago,,Defensa y Justicia,2402
Mateo Aguiar,,Defensa y Justicia,2402
Gastón Togni,,Defensa y Justicia,2402
Yorman Zapata,,Defensa y Justicia,2402
Matías Ramírez,,Defensa y Justicia,2402
David Barbona,,Defensa y Justicia,2402
Santiago Solari,,Defensa y Justicia,2402
Matías Sosa,,Defensa y Justicia,2402
Luciano Herrera,,Defensa y Justicia,2402
Lautaro Fedele,,Defensa y Justicia,2402
Federico Versaci,,Defensa y Justicia,2402
Jonathan Berón,,Defensa y Justicia,2402
Elián Sosa,,Defensa y Justicia,2402
Abiel Osorio,,Defensa y Justicia,2402
Nicolás Fernández,,Defensa y Justicia,2402
Juan Miritello,,Defensa y Justicia,2402
Leandro Godoy,,Defensa y Justicia,2402
Lucas Pratto,,Defensa y Justicia,2402
Andrés Ríos,,Defensa y Justicia,2402
Nicolás Blandi,,Defensa y Justicia,2402
Facundo Echevarría,,Defensa y Justicia,2402
Lucas Chaves,,CA Huracán,2063
Sebastián Meza,,CA Huracán,2063
Hernán Galíndez,,CA Huracán,2063
Nazareno Durán,,CA Huracán,2063
Guillermo Burdisso,,CA Huracán,2063
Fabio Pereyra,,CA Huracán,2063
Fernando Tobio,,CA Huracán,2063
Leandro Figueredo,,CA Huracán,2063
Patricio Pizarro,,CA Huracán,2063
Lucas Carrizo,,CA Huracán,2063
Máximo Palazzo,,CA Huracán,2063
César Ibáñez,,CA Huracán,2063
Guillermo Benítez,,CA Huracán,2063
Hernán de la Fuente,,CA Huracán,2063
Fernando Torrent,,CA Huracán,2063
Lucas Souto,,CA Huracán,2063
Ignacio Campo,,CA Huracán,2063
Federico Fattori,,CA Huracán,2063
Rodrigo Echeverría,,CA Huracán,2063
Pablo Siles,,CA Huracán,2063
Agostino Spina,,CA Huracán,2063
Agustín Toledo,,CA Huracán,2063
Fernando Godoy,,CA Huracán,2063
Williams Alarcón,,CA Huracán,2063
Matias Gómez,,CA Huracán,2063
Santiago Luján,,CA Huracán,2063
Alan Soñora,,CA Huracán,2063
Andrés Roa,,CA Huracán,2063
Franco Watson,,CA Huracán,2063
Joel Soñora,,CA Huracán,2063
Valentín Burgoa,,CA Huracán,2063
Rodrigo Cabral,,CA Huracán,2063
Héctor Fértoli,,CA Huracán,2063
Ignacio Pussetto,,CA Huracán,2063
Walter Mazzantti,,CA Huracán,2063
Sebastián Ramírez,,CA Huracán,2063
Franco Alfonso,,CA Huracán,2063
Matías Cóccaro,,CA Huracán,2063
Ramón Ábila,,CA Huracán,2063
Eric Ramírez,,CA Huracán,2063
Leandro Garate,,CA Huracán,2063
Nicolás Cordero,,CA Huracán,2063
Enzo Luna,,CA Huracán,2063
Matías Pólvera,,CA Huracán,2063
Marcelo Pérez,,CA Huracán,2063
Alexis Martín Arias,,AA Argentinos Juniors,1030
Federico Lanzillota,,AA Argentinos Juniors,1030
Diego Rodríguez,,AA Argentinos Juniors,1030
Miguel Ángel Acosta,,AA Argentinos Juniors,1030
Gonzalo Siri,,AA Argentinos Juniors,1030
Agustín Mangiaut,,AA Argentinos Juniors,1030
Lucas Villalba,,AA Argentinos Juniors,1030
Érik Godoy,,AA Argentinos Juniors,1030
Jonatan Galván,,AA Argentinos Juniors,1030
Miguel Torrén,,AA Argentinos Juniors,1030
Francisco Álvarez,,AA Argentinos Juniors,1030
Tomás Lecanda,,AA Argentinos Juniors,1030
Fernando Meza,,AA Argentinos Juniors,1030
Leonel González,,AA Argentinos Juniors,1030
Marco Di Césare,,AA Argentinos Juniors,1030
Pablo Minissale,,AA Argentinos Juniors,1030
Tobías Ramírez,,AA Argentinos Juniors,1030
Franco Vázquez,,AA Argentinos Juniors,1030
Uriel Sosa,,AA Argentinos Juniors,1030
Sebastián Prieto,,AA Argentinos Juniors,1030
Mariano Bíttolo,,AA Argentinos Juniors,1030
Jairo O'Neil,,AA Argentinos Juniors,1030
Román Vega,,AA Argentinos Juniors,1030
Fabricio Domínguez,,AA Argentinos Juniors,1030
Luciano Sánchez,,AA Argentinos Juniors,1030
Kevin Coronel,,AA Argentinos Juniors,1030
Thiago Santamaría,,AA Argentinos Juniors,1030
Manuel Guillén,,AA Argentinos Juniors,1030
Matías Vera,,AA Argentinos Juniors,1030
Francis Mac Allister,,AA Argentinos Juniors,1030
Federico Redondo,,AA Argentinos Juniors,1030
Ariel Gamarra,,AA Argentinos Juniors,1030
Franco Moyano,,AA Argentinos Juniors,1030
Alan Rodríguez,,AA Argentinos Juniors,1030
Cristian Ferreira,,AA Argentinos Juniors,1030
Juan Cardozo,,AA Argentinos Juniors,1030
Lucas Gómez,,AA Argentinos Juniors,1030
Bruno Villalba,,AA Argentinos Juniors,1030
Francisco González Metilli,,AA Argentinos Juniors,1030
Leonardo Heredia,,AA Argentinos Juniors,1030
Nicolás Oroz,,AA Argentinos Juniors,1030
Alan Lescano,,AA Argentinos Juniors,1030
Gabriel Rocha,,AA Argentinos Juniors,1030
Rodrigo Cabral,,AA Argentinos Juniors,1030
Thiago Nuss,,AA Argentinos Juniors,1030
Lucas Ambrogio,,AA Argentinos Juniors,1030
Emiliano Viveros,,AA Argentinos Juniors,1030
Damián Batallini,,AA Argentinos Juniors,1030
Javier Cabrera,,AA Argentinos Juniors,1030
José Herrera,,AA Argentinos Juniors,1030
Santiago Montiel,,AA Argentinos Juniors,1030
Matías Perelló,,AA Argentinos Juniors,1030
Elias Peralta,,AA Argentinos Juniors,1030
Maximiliano Romero,,AA Argentinos Juniors,1030
Gastón Verón,,AA Argentinos Juniors,1030
Tomás Molina,,AA Argentinos Juniors,1030
Luciano Gondou,,AA Argentinos Juniors,1030
Gabriel Ávalos,,AA Argentinos Juniors,1030
Santiago Rodríguez,,AA Argentinos Juniors,1030
Joaquín Ardaiz,,AA Argentinos Juniors,1030
Nicolás Cordero,,AA Argentinos Juniors,1030
Mateo Díaz Chaves,,AA Argentinos Juniors,1030
Facundo Báez,,AA Argentinos Juniors,1030
Diego Porcel,,AA Argentinos Juniors,1030
Axel Werner,,CA Rosario Central,1418
Jorge Broun,,CA Rosario Central,1418
Valentino Quintero,,CA Rosario Central,1418
Damián Fernández,,CA Rosario Central,1418
Juan Cruz Komar,,CA Rosario Central,1418
Miguel Barbieri,,CA Rosario Central,1418
Facundo Mallo,,CA Rosario Central,1418
Facundo Agüero,,CA Rosario Central,1418
Carlos Quintana,,CA Rosario Central,1418
Agustín Bravo,,CA Rosario Central,1418
Kevin Silva,,CA Rosario Central,1418
Juan Giménez,,CA Rosario Central,1418
Felipe Carnicero,,CA Rosario Central,1418
Luca Raffin,,CA Rosario Central,1418
Alan Rodríguez,,CA Rosario Central,1418
Agustín Sández,,CA Rosario Central,1418
Facundo Cardozo,,CA Rosario Central,1418
Emanuel Coronel,,CA Rosario Central,1418
Damián Martínez,,CA Rosario Central,1418
Ulises Ciccioli,,CA Rosario Central,1418
Ismael Cortéz,,CA Rosario Central,1418
Santiago Burgos,,CA Rosario Central,1418
Franco Ibarra,,CA Rosario Central,1418
Kevin Ortiz,,CA Rosario Central,1418
Dánnovi Quiñónes,,CA Rosario Central,1418
Francis Mac Allister,,CA Rosario Central,1418
Mauricio Martínez,,CA Rosario Central,1418
Agustín Toledo,,CA Rosario Central,1418
Walter Montoya,,CA Rosario Central,1418
Marcelo Acosta,,CA Rosario Central,1418
Tomás O'Connor,,CA Rosario Central,1418
Giovanni Bogado,,CA Rosario Central,1418
Ramiro Peralta,,CA Rosario Central,1418
Samuel Beltrán,,CA Rosario Central,1418
Kevin Gutiérrez,,CA Rosario Central,1418
Augusto Solari,,CA Rosario Central,1418
Elías Ocampo,,CA Rosario Central,1418
Ignacio Malcorra,,CA Rosario Central,1418
Jonatan Gómez,,CA Rosario Central,1418
Francesco Lo Celso,,CA Rosario Central,1418
Santiago Segovia,,CA Rosario Central,1418
Jáminton Campaz,,CA Rosario Central,1418
Maximiliano Lovera,,CA Rosario Central,1418
Lautaro Giaccone,,CA Rosario Central,1418
Juan Cruz Cerrudo,,CA Rosario Central,1418
Gaspar Duarte,,CA Rosario Central,1418
Enzo Copetti,,CA Rosario Central,1418
Abel Hernández,,CA Rosario Central,1418
Octavio Bianchi,,CA Rosario Central,1418
Luca Martínez Dupuy,,CA Rosario Central,1418
Fabricio Oviedo,,CA Rosario Central,1418
Tobías Cervera,,CA Rosario Central,1418
Marco Ruben,,CA Rosario Central,1418
Agustín Módica,,CA Rosario Central,1418
Thiago Ponce,,CA Rosario Central,1418
Facundo Cambeses,,CA Banfield,830
José Devecchi,,CA Banfield,830
Marcelo Barovero,,CA Banfield,830
Facundo Sanguinetti,,CA Banfield,830
Facundo Vila,,CA Banfield,830
Alejandro Maciel,,CA Banfield,830
Alexis Maldonado,,CA Banfield,830
Nicolás Hernández,,CA Banfield,830
Luis Mago,,CA Banfield,830
Luciano Recalde,,CA Banfield,830
Gabriel Aranda,,CA Banfield,830
Gregorio Tanco,,CA Banfield,830
Aarón Quirós,,CA Banfield,830
Mateo Pérez,,CA Banfield,830
Brandon Oviedo,,CA Banfield,830
Lautaro Cardozo,,CA Banfield,830
Pedro Souto,,CA Banfield,830
Emanuel Insúa,,CA Banfield,830
Franco Quinteros,,CA Banfield,830
Mathías De Ritis,,CA Banfield,830
Martín Lazarte,,CA Banfield,830
Emanuel Coronel,,CA Banfield,830
Guillermo Enrique,,CA Banfield,830
Ezequiel Bonifacio,,CA Banfield,830
Juan Quintana,,CA Banfield,830
Juan Iribarren,,CA Banfield,830
Ramiro Di Luciano,,CA Banfield,830
Eric Remedi,,CA Banfield,830
Alejandro Cabrera,,CA Banfield,830
Yvo Calleros,,CA Banfield,830
Yonatan Rodríguez,,CA Banfield,830
Cristian Núñez,,CA Banfield,830
Nicolás Linares,,CA Banfield,830
Lautaro Ríos,,CA Banfield,830
Alan Di Pippa,,CA Banfield,830
Nicolás Rojas,,CA Banfield,830
Ezequiel Cañete,,CA Banfield,830
Jesús Soraire,,CA Banfield,830
Lucas Palavecino,,CA Banfield,830
Santiago Esquivel,,CA Banfield,830
Lautaro Villegas,,CA Banfield,830
Braian Galván,,CA Banfield,830
Ignacio Rodríguez,,CA Banfield,830
Matías González,,CA Banfield,830
Damián Díaz,,CA Banfield,830
Lautaro Gómez,,CA Banfield,830
Agustín Obando,,CA Banfield,830
Matías Ramírez,,CA Banfield,830
Horacio Tijanovich,,CA Banfield,830
Lisandro Piñero,,CA Banfield,830
Alexander Bundgaard,,CA Banfield,830
Juan Pablo Álvarez,,CA Banfield,830
Juan Bisanz,,CA Banfield,830
Gerónimo Rivera,,CA Banfield,830
Federico Medina,,CA Banfield,830
Milton Giménez,,CA Banfield,830
Sebastián Sosa,,CA Banfield,830
Bruno Sepúlveda,,CA Banfield,830
Nicolás Sosa,,CA Banfield,830
Leandro Garate,,CA Banfield,830
Mauricio Roldán,,CA Banfield,830
Marcos Echeverría,,CA Banfield,830
José Devecchi,,Club Atlético Tucumán,14554
Luis Ojeda,,Club Atlético Tucumán,14554
Tomás Marchiori,,Club Atlético Tucumán,14554
Juan González,,Club Atlético Tucumán,14554
Tomás Durso,,Club Atlético Tucumán,14554
Gustavo Lescano,,Club Atlético Tucumán,14554
Gianluca Ferrari,,Club Atlético Tucumán,14554
Francisco Flores,,Club Atlético Tucumán,14554
Matías De los Santos,,Club Atlético Tucumán,14554
Marcelo Ortiz,,Club Atlético Tucumán,14554
Néstor Breitenbruch,,Club Atlético Tucumán,14554
Bruno Bianchi,,Club Atlético Tucumán,14554
Gonzalo Paz,,Club Atlético Tucumán,14554
Nicolás Romero,,Club Atlético Tucumán,14554
Rodrigo Morales,,Club Atlético Tucumán,14554
Fabricio Bedmar,,Club Atlético Tucumán,14554
Matías Orihuela,,Club Atlético Tucumán,14554
Juan Infante,,Club Atlético Tucumán,14554
Wilson Ibarrola,,Club Atlético Tucumán,14554
Alexis Rad,,Club Atlético Tucumán,14554
Hernán de la Fuente,,Club Atlético Tucumán,14554
Gino Peruzzi,,Club Atlético Tucumán,14554
Agustín Lagos,,Club Atlético Tucumán,14554
Moisés Brandán,,Club Atlético Tucumán,14554
Rodrigo Melo,,Club Atlético Tucumán,14554
Joaquín Pereyra,,Club Atlético Tucumán,14554
Adrián Sánchez,,Club Atlético Tucumán,14554
Guillermo Acosta,,Club Atlético Tucumán,14554
Nicolás Castro,,Club Atlético Tucumán,14554
Bautista Kociubinski,,Club Atlético Tucumán,14554
Sergio Ortíz,,Club Atlético Tucumán,14554
Ramiro Carrera,,Club Atlético Tucumán,14554
Renzo Tesuri,,Club Atlético Tucumán,14554
Tomás Castro Ponce,,Club Atlético Tucumán,14554
Justo Giani,,Club Atlético Tucumán,14554
Francisco Di Franco,,Club Atlético Tucumán,14554
Leandro Olima,,Club Atlético Tucumán,14554
Lautaro Godoy,,Club Atlético Tucumán,14554
Lucas Ambrogio,,Club Atlético Tucumán,14554
Franco Nicola,,Club Atlético Tucumán,14554
Marcelo González,,Club Atlético Tucumán,14554
Facundo Pimienta,,Club Atlético Tucumán,14554
Julián Carrasco,,Club Atlético Tucumán,14554
Luis Miguel Rodríguez,,Club Atlético Tucumán,14554
Ramiro Ruiz Rodríguez,,Club Atlético Tucumán,14554
Ignacio Maestro Puch,,Club Atlético Tucumán,14554
Mateo Coronel,,Club Atlético Tucumán,14554
Nicolás Servetto,,Club Atlético Tucumán,14554
Axel Rodríguez,,Club Atlético Tucumán,14554
Mateo Bajamich,,Club Atlético Tucumán,14554
Marcelo Estigarribia,,Club Atlético Tucumán,14554
Cristian Menéndez,,Club Atlético Tucumán,14554
Francisco Bonfiglio,,Club Atlético Tucumán,14554
Ignacio Chicco,,Club Atlético Belgrano,2417
Nahuel Losada,,Club Atlético Belgrano,2417
Juan Espínola,,Club Atlético Belgrano,2417
Manuel Vicentini,,Club Atlético Belgrano,2417
Juan Strumia,,Club Atlético Belgrano,2417
Matías Daniele,,Club Atlético Belgrano,2417
Santiago Ferez,,Club Atlético Belgrano,2417
Lucas Argayo,,Club Atlético Belgrano,2417
Érik Godoy,,Club Atlético Belgrano,2417
Aníbal Leguizamón,,Club Atlético Belgrano,2417
Francisco Oliver,,Club Atlético Belgrano,2417
Gonzalo Maffini,,Club Atlético Belgrano,2417
Gino Barbieri,,Club Atlético Belgrano,2417
Alejandro Rébola,,Club Atlético Belgrano,2417
Nicolás Meriano,,Club Atlético Belgrano,2417
Mariano Troilo,,Club Atlético Belgrano,2417
Matías Moreno,,Club Atlético Belgrano,2417
Lucas Bernabéu,,Club Atlético Belgrano,2417
Yuri Casermeiro,,Club Atlético Belgrano,2417
Rafael Delgado,,Club Atlético Belgrano,2417
Alex Ibacache,,Club Atlético Belgrano,2417
Lucas Diarte,,Club Atlético Belgrano,2417
Juan Velázquez,,Club Atlético Belgrano,2417
Juan Barinaga,,Club Atlético Belgrano,2417
Francisco Facello,,Club Atlético Belgrano,2417
Juan Cruz Herrera,,Club Atlético Belgrano,2417
Facundo Quignón,,Club Atlético Belgrano,2417
Santiago Longo,,Club Atlético Belgrano,2417
Esteban Rolón,,Club Atlético Belgrano,2417
Agustin Baldi,,Club Atlético Belgrano,2417
Gerónimo Heredia,,Club Atlético Belgrano,2417
Lucas Menossi,,Club Atlético Belgrano,2417
Matías Marín,,Club Atlético Belgrano,2417
Ariel Rojas,,Club Atlético Belgrano,2417
Tomás Castro,,Club Atlético Belgrano,2417
Lucas Bustos,,Club Atlético Belgrano,2417
Mirko Bonfigli,,Club Atlético Belgrano,2417
Gabriel Compagnucci,,Club Atlético Belgrano,2417
Guillermo Pereira,,Club Atlético Belgrano,2417
Santiago Acosta,,Club Atlético Belgrano,2417
Francisco González Metilli,,Club Atlético Belgrano,2417
Mariano Miño,,Club Atlético Belgrano,2417
Matías Palavecino,,Club Atlético Belgrano,2417
Ignacio Tapia,,Club Atlético Belgrano,2417
Jeremías Lucco,,Club Atlético Belgrano,2417
Ramiro Hernandes,,Club Atlético Belgrano,2417
Gonzalo Zelarayán,,Club Atlético Belgrano,2417
Matías García,,Club Atlético Belgrano,2417
Bryan Reyna,,Club Atlético Belgrano,2417
Lautaro Pastrán,,Club Atlético Belgrano,2417
Ibrahim Hesar,,Club Atlético Belgrano,2417
Nicolás Schiappacasse,,Club Atlético Belgrano,2417
Facundo Lencioni,,Club Atlético Belgrano,2417
Andrés Amaya,,Club Atlético Belgrano,2417
Ulises Sánchez,,Club Atlético Belgrano,2417
Fabián Bordagaray,,Club Atlético Belgrano,2417
Máximo Osés,,Club Atlético Belgrano,2417
Lucio Velazco,,Club Atlético Belgrano,2417
Nicolás Fernández,,Club Atlético Belgrano,2417
Matías Suárez,,Club Atlético Belgrano,2417
Franco Jara,,Club Atlético Belgrano,2417
Lucas Passerini,,Club Atlético Belgrano,2417
Pablo Chavarría,,Club Atlético Belgrano,2417
Franco Rami,,Club Atlético Belgrano,2417
Marcos Ledesma,,Club de Gimnasia y Esgrima La Plata,1106
Tomás Durso,,Club de Gimnasia y Esgrima La Plata,1106
Nelson Insfrán,,Club de Gimnasia y Esgrima La Plata,1106
Julián Kadijevic,,Club de Gimnasia y Esgrima La Plata,1106
Leonardo Morales,,Club de Gimnasia y Esgrima La Plata,1106
Enzo Martínez,,Club de Gimnasia y Esgrima La Plata,1106
Yonathan Cabral,,Club de Gimnasia y Esgrima La Plata,1106
Germán Guiffrey,,Club de Gimnasia y Esgrima La Plata,1106
Gustavo Canto,,Club de Gimnasia y Esgrima La Plata,1106
Brian Blasi,,Club de Gimnasia y Esgrima La Plata,1106
Bruno Palazzo,,Club de Gimnasia y Esgrima La Plata,1106
Juan Cortazzo,,Club de Gimnasia y Esgrima La Plata,1106
Felipe Sánchez,,Club de Gimnasia y Esgrima La Plata,1106
Valentín Peñalva,,Club de Gimnasia y Esgrima La Plata,1106
Valentín Rodríguez,,Club de Gimnasia y Esgrima La Plata,1106
Nicolás Colazo,,Club de Gimnasia y Esgrima La Plata,1106
Federico Milo,,Club de Gimnasia y Esgrima La Plata,1106
Rodrigo Gallo,,Club de Gimnasia y Esgrima La Plata,1106
Guillermo Enrique,,Club de Gimnasia y Esgrima La Plata,1106
Juan Pintado,,Club de Gimnasia y Esgrima La Plata,1106
Luciano Gómez,,Club de Gimnasia y Esgrima La Plata,1106
Gonzalo González,,Club de Gimnasia y Esgrima La Plata,1106
Bautista Barros Schelotto,,Club de Gimnasia y Esgrima La Plata,1106
Fabricio Corbalán,,Club de Gimnasia y Esgrima La Plata,1106
Rodrigo Saravia,,Club de Gimnasia y Esgrima La Plata,1106
Yonatan Rodríguez,,Club de Gimnasia y Esgrima La Plata,1106
Martín Fernández,,Club de Gimnasia y Esgrima La Plata,1106
Agustín Bolívar,,Club de Gimnasia y Esgrima La Plata,1106
Facundo Di Biasi,,Club de Gimnasia y Esgrima La Plata,1106
Nicolás Garayalde,,Club de Gimnasia y Esgrima La Plata,1106
Matías Miranda,,Club de Gimnasia y Esgrima La Plata,1106
Augusto Max,,Club de Gimnasia y Esgrima La Plata,1106
Antonio Napolitano,,Club de Gimnasia y Esgrima La Plata,1106
Nicolás Sánchez,,Club de Gimnasia y Esgrima La Plata,1106
Alexis Steimbach,,Club de Gimnasia y Esgrima La Plata,1106
Pablo de Blasis,,Club de Gimnasia y Esgrima La Plata,1106
Lucas Castro,,Club de Gimnasia y Esgrima La Plata,1106
Lautaro Chávez,,Club de Gimnasia y Esgrima La Plata,1106
Leandro Mamut,,Club de Gimnasia y Esgrima La Plata,1106
Benja Domínguez,,Club de Gimnasia y Esgrima La Plata,1106
Juan Cruz Esquivel,,Club de Gimnasia y Esgrima La Plata,1106
Matías Ramírez,,Club de Gimnasia y Esgrima La Plata,1106
David Zalazar,,Club de Gimnasia y Esgrima La Plata,1106
Jeremías Merlo,,Club de Gimnasia y Esgrima La Plata,1106
Alan Sosa,,Club de Gimnasia y Esgrima La Plata,1106
Agustín Ramírez,,Club de Gimnasia y Esgrima La Plata,1106
Norberto Briasco,,Club de Gimnasia y Esgrima La Plata,1106
Matías Abaldo,,Club de Gimnasia y Esgrima La Plata,1106
Franco Torres,,Club de Gimnasia y Esgrima La Plata,1106
Manuel Panaro,,Club de Gimnasia y Esgrima La Plata,1106
Eric Ramírez,,Club de Gimnasia y Esgrima La Plata,1106
Cristian Colmán,,Club de Gimnasia y Esgrima La Plata,1106
Cristian Tarragona,,Club de Gimnasia y Esgrima La Plata,1106
Franco Troyansky,,Club de Gimnasia y Esgrima La Plata,1106
Franco Soldano,,Club de Gimnasia y Esgrima La Plata,1106
Rodrigo Castillo,,Club de Gimnasia y Esgrima La Plata,1106
Sebastián Cocimano,,Club de Gimnasia y Esgrima La Plata,1106
Ivo Mammini,,Club de Gimnasia y Esgrima La Plata,1106
Santino Primante,,Club de Gimnasia y Esgrima La Plata,1106
Rodrigo Rey,,CA Independiente,1234
Diego Segovia,,CA Independiente,1234
Mateo Morro,,CA Independiente,1234
Manuel Tasso,,CA Independiente,1234
Kevin Lomónaco,,CA Independiente,1234
Felipe Aguilar,,CA Independiente,1234
Edgar Elizalde,,CA Independiente,1234
Ayrton Costa,,CA Independiente,1234
Joaquín Laso,,CA Independiente,1234
Marco Pellegrino,,CA Independiente,1234
Juan Fedorco,,CA Independiente,1234
Fernando Da Rosa,,CA Independiente,1234
Julián Scafati,,CA Independiente,1234
Luciano Echeverría,,CA Independiente,1234
Damián Pérez,,CA Independiente,1234
Adrián Spörle,,CA Independiente,1234
Jonathan De Irastorza,,CA Independiente,1234
Julio Buffarini,,CA Independiente,1234
Mauricio Isla,,CA Independiente,1234
Federico Vera,,CA Independiente,1234
Maximiliano Duarte,,CA Independiente,1234
Gabriel Neves,,CA Independiente,1234
Iván Marcone,,CA Independiente,1234
Jhonny Quiñónez,,CA Independiente,1234
Baltasar Barcia,,CA Independiente,1234
David Martínez,,CA Independiente,1234
Lucas González,,CA Independiente,1234
Federico Mancuello,,CA Independiente,1234
Felipe Loyola,,CA Independiente,1234
Sergio Ortíz,,CA Independiente,1234
Sebastián Godoy,,CA Independiente,1234
Lautaro Millán,,CA Independiente,1234
Santiago Salle,,CA Independiente,1234
Alex Luna,,CA Independiente,1234
Santiago Toloza,,CA Independiente,1234
Javier Ruiz,,CA Independiente,1234
Tomás Parmo,,CA Independiente,1234
Rodrigo Márquez,,CA Independiente,1234
Santiago López,,CA Independiente,1234
Diego Tarzia,,CA Independiente,1234
Ignacio Pussetto,,CA Independiente,1234
Nicolás Vallejo,,CA Independiente,1234
Walter Mazzantti,,CA Independiente,1234
Santiago Montiel,,CA Independiente,1234
Alexis Canelo,,CA Independiente,1234
Ignacio Maestro Puch,,CA Independiente,1234
Matías Giménez,,CA Independiente,1234
Gabriel Ávalos,,CA Independiente,1234
Santiago Hidalgo,,CA Independiente,1234
Rodrigo Saracho,,CD Godoy Cruz Antonio Tomba,12574
Diego Rodríguez,,CD Godoy Cruz Antonio Tomba,12574
Roberto Ramírez,,CD Godoy Cruz Antonio Tomba,12574
Franco Petroli,,CD Godoy Cruz Antonio Tomba,12574
Edilson Salinas,,CD Godoy Cruz Antonio Tomba,12574
Gianluca Ferrari,,CD Godoy Cruz Antonio Tomba,12574
Pier Barrios,,CD Godoy Cruz Antonio Tomba,12574
Braian Salvareschi,,CD Godoy Cruz Antonio Tomba,12574
Federico Rasmussen,,CD Godoy Cruz Antonio Tomba,12574
Facundo Butti,,CD Godoy Cruz Antonio Tomba,12574
Nicolás Canela,,CD Godoy Cruz Antonio Tomba,12574
Mateo Mendoza,,CD Godoy Cruz Antonio Tomba,12574
Gerónimo Montivero,,CD Godoy Cruz Antonio Tomba,12574
Martín Luciano,,CD Godoy Cruz Antonio Tomba,12574
Thomas Galdames,,CD Godoy Cruz Antonio Tomba,12574
Elías Pereyra,,CD Godoy Cruz Antonio Tomba,12574
Juan Morán,,CD Godoy Cruz Antonio Tomba,12574
Lucas Arce,,CD Godoy Cruz Antonio Tomba,12574
Facundo Ardiles,,CD Godoy Cruz Antonio Tomba,12574
Manuel Guillén,,CD Godoy Cruz Antonio Tomba,12574
Vicente Poggi,,CD Godoy Cruz Antonio Tomba,12574
Marcos Montiel,,CD Godoy Cruz Antonio Tomba,12574
Juan Andrada,,CD Godoy Cruz Antonio Tomba,12574
Bruno Leyes,,CD Godoy Cruz Antonio Tomba,12574
Gonzalo Abrego,,CD Godoy Cruz Antonio Tomba,12574
Nicolás Fernández,,CD Godoy Cruz Antonio Tomba,12574
Mariano Santiago,,CD Godoy Cruz Antonio Tomba,12574
Enzo Briones,,CD Godoy Cruz Antonio Tomba,12574
Enzo Gaggi,,CD Godoy Cruz Antonio Tomba,12574
Agustín Valverde,,CD Godoy Cruz Antonio Tomba,12574
Julián Eseiza,,CD Godoy Cruz Antonio Tomba,12574
Tomás Pozzo,,CD Godoy Cruz Antonio Tomba,12574
Valentín Burgoa,,CD Godoy Cruz Antonio Tomba,12574
Hernán López Muñoz,,CD Godoy Cruz Antonio Tomba,12574
Bautista Cejas,,CD Godoy Cruz Antonio Tomba,12574
Gastón Moreyra,,CD Godoy Cruz Antonio Tomba,12574
Agustín Villalobos,,CD Godoy Cruz Antonio Tomba,12574
Lucio Falasco,,CD Godoy Cruz Antonio Tomba,12574
Luciano Pascual,,CD Godoy Cruz Antonio Tomba,12574
Santiago Martínez,,CD Godoy Cruz Antonio Tomba,12574
Juan Pérez,,CD Godoy Cruz Antonio Tomba,12574
Tomás Conechny,,CD Godoy Cruz Antonio Tomba,12574
Santino Andino,,CD Godoy Cruz Antonio Tomba,12574
Tadeo Allende,,CD Godoy Cruz Antonio Tomba,12574
Gonzalo Torres,,CD Godoy Cruz Antonio Tomba,12574
Luciano Cingolani,,CD Godoy Cruz Antonio Tomba,12574
Facundo Altamira,,CD Godoy Cruz Antonio Tomba,12574
Salomón Rodríguez,,CD Godoy Cruz Antonio Tomba,12574
Tomás Badaloni,,CD Godoy Cruz Antonio Tomba,12574
Enzo Larrosa,,CD Godoy Cruz Antonio Tomba,12574
Martín Pino,,CD Godoy Cruz Antonio Tomba,12574
Nahuel Ulariaga,,CD Godoy Cruz Antonio Tomba,12574
Daniel Barrea,,CD Godoy Cruz Antonio Tomba,12574
Alexis González,,CD Godoy Cruz Antonio Tomba,12574
Ezequiel Centurión,,CS Independiente Rivadavia,12179
Gonzalo Marinelli,,CS Independiente Rivadavia,12179
Mariano Monllor,,CS Independiente Rivadavia,12179
Agustín Lastra,,CS Independiente Rivadavia,12179
Esteban Burgos,,CS Independiente Rivadavia,12179
Bruno Bianchi,,CS Independiente Rivadavia,12179
Iván Villalba,,CS Independiente Rivadavia,12179
Nehuén Paz,,CS Independiente Rivadavia,12179
Tomás Palacios,,CS Independiente Rivadavia,12179
Mauro Maidana,,CS Independiente Rivadavia,12179
Imanol Segovia,,CS Independiente Rivadavia,12179
Francisco Petrasso,,CS Independiente Rivadavia,12179
Fernando Arce,,CS Independiente Rivadavia,12179
Sheyko Studer,,CS Independiente Rivadavia,12179
Emmanuel Más,,CS Independiente Rivadavia,12179
Nahuel Gallardo,,CS Independiente Rivadavia,12179
Federico Milo,,CS Independiente Rivadavia,12179
Tobias Ostchega,,CS Independiente Rivadavia,12179
Luciano Gómez,,CS Independiente Rivadavia,12179
Luciano Abecasis,,CS Independiente Rivadavia,12179
Rufino Lucero,,CS Independiente Rivadavia,12179
Matías Ruiz Díaz,,CS Independiente Rivadavia,12179
Álvaro Dionisio,,CS Independiente Rivadavia,12179
Mateo Ortale,,CS Independiente Rivadavia,12179
Tiago Andino,,CS Independiente Rivadavia,12179
Agustín Mulet,,CS Independiente Rivadavia,12179
Lautaro Ríos,,CS Independiente Rivadavia,12179
Gastón Gil Romero,,CS Independiente Rivadavia,12179
Franco Romero,,CS Independiente Rivadavia,12179
Francisco Maidana,,CS Independiente Rivadavia,12179
Juan Manuel Vázquez,,CS Independiente Rivadavia,12179
Joaquín Arzura,,CS Independiente Rivadavia,12179
Antonio Napolitano,,CS Independiente Rivadavia,12179
Ezequiel Ham,,CS Independiente Rivadavia,12179
Julián Ascacíbar,,CS Independiente Rivadavia,12179
Mauricio Cardillo,,CS Independiente Rivadavia,12179
Diego Tonetto,,CS Independiente Rivadavia,12179
Joel Soñora,,CS Independiente Rivadavia,12179
Gonzalo Álvez,,CS Independiente Rivadavia,12179
Juan Cavallaro,,CS Independiente Rivadavia,12179
Gonzalo Ríos,,CS Independiente Rivadavia,12179
Luis Sequeira,,CS Independiente Rivadavia,12179
Luciano Paz,,CS Independiente Rivadavia,12179
Juan Ignacio Vera,,CS Independiente Rivadavia,12179
Sebastián Villa,,CS Independiente Rivadavia,12179
Sebastián Zeballos,,CS Independiente Rivadavia,12179
Fredy Vera,,CS Independiente Rivadavia,12179
Matías Reali,,CS Independiente Rivadavia,12179
Fabrizio Sartori,,CS Independiente Rivadavia,12179
Iván Valdez,,CS Independiente Rivadavia,12179
Fernando Romero,,CS Independiente Rivadavia,12179
Federico Castro,,CS Independiente Rivadavia,12179
Franco Di Santo,,CS Independiente Rivadavia,12179
Jorge Sanguina,,CS Independiente Rivadavia,12179
Mauricio Asenjo,,CS Independiente Rivadavia,12179
Álex Arce,,CS Independiente Rivadavia,12179
Victorio Ramis,,CS Independiente Rivadavia,12179
Emiliano Saliadarre,,CS Independiente Rivadavia,12179
Federico Moreno,,CS Independiente Rivadavia,12179
Manuel Roffo,,Instituto ACC,1829
Joaquín Papaleo,,Instituto ACC,1829
Marcos Peano,,Instituto ACC,1829
Emanuel Bilbao,,Instituto ACC,1829
Jorge Carranza,,Instituto ACC,1829
Emanuel Sittaro,,Instituto ACC,1829
Juan Pablo Albarracín,,Instituto ACC,1829
Víctor Cabrera,,Instituto ACC,1829
Fernando Alarcón,,Instituto ACC,1829
Miguel Brizuela,,Instituto ACC,1829
Ezequiel Parnisari,,Instituto ACC,1829
Leonel Mosevich,,Instituto ACC,1829
Gonzalo Requena,,Instituto ACC,1829
Lautaro Carrera,,Instituto ACC,1829
Pedro Velázquez,,Instituto ACC,1829
Jonathan Bay,,Instituto ACC,1829
Sebastián Corda,,Instituto ACC,1829
Lucas Rodríguez,,Instituto ACC,1829
Giuliano Cerato,,Instituto ACC,1829
Juan Franco,,Instituto ACC,1829
Nicolás Linares,,Instituto ACC,1829
Nicolás Watson,,Instituto ACC,1829
Roberto Bochi,,Instituto ACC,1829
Stefano Moreyra,,Instituto ACC,1829
Gastón Lodico,,Instituto ACC,1829
Rodrigo Pérez,,Instituto ACC,1829
Luciano Aued,,Instituto ACC,1829
Matías Romero,,Instituto ACC,1829
Franco Díaz,,Instituto ACC,1829
Nicolás Dubersarsky,,Instituto ACC,1829
Hugo Rojas,,Instituto ACC,1829
Oscar Garrido,,Instituto ACC,1829
Brahian Cuello,,Instituto ACC,1829
Leonardo Monje,,Instituto ACC,1829
Gabriel Graciani,,Instituto ACC,1829
Nicolás Barrientos,,Instituto ACC,1829
Francesco Lo Celso,,Instituto ACC,1829
Jeremías Lázaro,,Instituto ACC,1829
Damián Puebla,,Instituto ACC,1829
Jonás Acevedo,,Instituto ACC,1829
Damián Batallini,,Instituto ACC,1829
Guido Mainero,,Instituto ACC,1829
Gregorio Rodríguez,,Instituto ACC,1829
Silvio Romero,,Instituto ACC,1829
Facundo Suárez,,Instituto ACC,1829
Santiago Rodríguez,,Instituto ACC,1829
Djorkaeff Reasco,,Instituto ACC,1829
Adrián Martínez,,Instituto ACC,1829
Ignacio Russo,,Instituto ACC,1829
Lucas Albertengo,,Instituto ACC,1829
Matías Klimowicz,,Instituto ACC,1829
Sebastián Moyano,,CA Barracas Central,25184
Marcelo Miño,,CA Barracas Central,25184
Rafael Ferrario,,CA Barracas Central,25184
Gonzalo Goñi,,CA Barracas Central,25184
Nicolás Demartini,,CA Barracas Central,25184
Lucas Faggioli,,CA Barracas Central,25184
Agustín Irazoque,,CA Barracas Central,25184
Nicolás Capraro,,CA Barracas Central,25184
Diego Pavia,,CA Barracas Central,25184
Rodrigo Insúa,,CA Barracas Central,25184
Nicolás Tolosa,,CA Barracas Central,25184
Pedro Velurtas,,CA Barracas Central,25184
Rodrigo Herrera,,CA Barracas Central,25184
Siro Rosané,,CA Barracas Central,25184
Carlos Sánchez,,CA Barracas Central,25184
Dardo Miloc,,CA Barracas Central,25184
Carlos Arce,,CA Barracas Central,25184
Bahiano Garcia,,CA Barracas Central,25184
Maximiliano Puig,,CA Barracas Central,25184
Iván Guaraz,,CA Barracas Central,25184
Facundo Mater,,CA Barracas Central,25184
Lucas López,,CA Barracas Central,25184
Santiago Coronel,,CA Barracas Central,25184
Iván Tapia,,CA Barracas Central,25184
Manuel Duarte,,CA Barracas Central,25184
Marco Iacobellis,,CA Barracas Central,25184
Javier Ruiz,,CA Barracas Central,25184
Alan Cantero,,CA Barracas Central,25184
Daniel Juárez,,CA Barracas Central,25184
Lucas Brochero,,CA Barracas Central,25184
Maximiliano Zalazar,,CA Barracas Central,25184
Alex Juárez,,CA Barracas Central,25184
Santiago Villalba,,CA Barracas Central,25184
Ramón Ábila,,CA Barracas Central,25184
Facundo Bruera,,CA Barracas Central,25184
Jhonatan Candia,,CA Barracas Central,25184
Alexis Domínguez,,CA Barracas Central,25184
Facundo Krüger,,CA Barracas Central,25184
Federico Aguirre,,CA Barracas Central,25184
Ignacio Arce,,Club Deportivo Riestra,19775
Rodrigo Saracho,,Club Deportivo Riestra,19775
Juan Dobboletta,,Club Deportivo Riestra,19775
Nahuel Manganelli,,Club Deportivo Riestra,19775
Jaime Barceló,,Club Deportivo Riestra,19775
Cristian Paz,,Club Deportivo Riestra,19775
Joaquín Varela,,Club Deportivo Riestra,19775
Alan Barrionuevo,,Club Deportivo Riestra,19775
Yeison Murillo,,Club Deportivo Riestra,19775
Nahuel Iribarren,,Club Deportivo Riestra,19775
Jeremías James,,Club Deportivo Riestra,19775
Emilio Mac Eachen,,Club Deportivo Riestra,19775
Nicolás Caro Torres,,Club Deportivo Riestra,19775
Gustavo Benítez,,Club Deportivo Riestra,19775
Rodrigo Cavallera,,Club Deportivo Riestra,19775
Rodrigo Sayavedra,,Club Deportivo Riestra,19775
Tomás Villoldo,,Club Deportivo Riestra,19775
Nicolás Dematei,,Club Deportivo Riestra,19775
Mateo Apolonio,,Club Deportivo Riestra,19775
Nicolás Sansotre,,Club Deportivo Riestra,19775
Yonatan Goitía,,Club Deportivo Riestra,19775
Delfor Minervino,,Club Deportivo Riestra,19775
Pedro Ramírez,,Club Deportivo Riestra,19775
Maximiliano Rodríguez,,Club Deportivo Riestra,19775
Lautaro Toledo Pacheco,,Club Deportivo Riestra,19775
Walter Rodríguez,,Club Deportivo Riestra,19775
William Machado,,Club Deportivo Riestra,19775
Milton Céliz,,Club Deportivo Riestra,19775
Leonardo Landriel,,Club Deportivo Riestra,19775
Jonatan Goya,,Club Deportivo Riestra,19775
Gabriel Cañete,,Club Deportivo Riestra,19775
Pablo Monje,,Club Deportivo Riestra,19775
Joaquín Velázquez,,Club Deportivo Riestra,19775
Alejandro Fernández,,Club Deportivo Riestra,19775
Michel Bobadilla,,Club Deportivo Riestra,19775
Guillermo Pereira,,Club Deportivo Riestra,19775
Walter Acuña,,Club Deportivo Riestra,19775
Gonzalo Bravo,,Club Deportivo Riestra,19775
Braian Sánchez,,Club Deportivo Riestra,19775
Enzo Avaro,,Club Deportivo Riestra,19775
Benjamín Rojas,,Club Deportivo Riestra,19775
Mauro Ortiz,,Club Deportivo Riestra,19775
José Méndez,,Club Deportivo Riestra,19775
Mario Sanabria,,Club Deportivo Riestra,19775
Alexander Díaz,,Club Deportivo Riestra,19775
Jonathan Herrera,,Club Deportivo Riestra,19775
Gustavo Fernández,,Club Deportivo Riestra,19775
Nicolás Benegas,,Club Deportivo Riestra,19775
Antony Alonso,,Club Deportivo Riestra,19775
Maximiliano Brito,,Club Deportivo Riestra,19775
Samuel Portillo,,Club Deportivo Riestra,19775
Ramón González,,Club Deportivo Riestra,19775
Matteo Cucinotta,,Club Deportivo Riestra,19775
Juan Cruz Martins,,Club Deportivo Riestra,19775
Iván Buhajeruk,,Club Deportivo Riestra,19775
