player_uuid,name,dob,nationality,tm_player_id,market_value_eur,last_update,fuzzy_score
aaron anselmino|2005,aaron anselmino,2005,ar ARG,,,,
aaron nicolas molinas|2000,aaron nicolas molinas,2000,ar ARG,,,,
aaron quiros|2001,aaron quiros,2001,ar ARG,881010.0,2700000.0,2025-10-17,100.0
abiel osorio|2002,abiel osorio,2002,ar ARG,991773.0,1500000.0,2025-10-17,100.0
adam bareiro|1996,adam bareiro,1996,py PAR,,,,
adrian balboa|1994,adrian balboa,1994,uy URU,252209.0,800000.0,2025-10-17,100.0
adrian guillermo sanchez|1999,adrian guillermo sanchez,1999,ar ARG,,,,
adrian martinez|1992,adrian martinez,1992,ar ARG,598769.0,3500000.0,2025-10-17,100.0
adrian sporle|1995,adrian sporle,1995,ar ARG,440371.0,250000.0,2025-10-17,100.0
agustin almendra|2000,agustin almendra,2000,ar ARG,491698.0,2800000.0,2025-10-17,100.0
agustin baldi|2002,agustin baldi,2002,ar ARG,697644.0,225000.0,2025-10-17,100.0
agustin bolivar|1996,agustin bolivar,1996,ar ARG,,,,
agustin bouzat|1994,agustin bouzat,1994,ar ARG,422699.0,700000.0,2025-10-17,100.0
agustin cardozo|1997,agustin cardozo,1997,ar ARG,469762.0,1500000.0,2025-10-17,100.0
agustin fontana|1996,agustin fontana,1996,ar ARG,,,,
agustin garcia basso|1992,agustin garcia basso,1992,ar ARG,269793.0,700000.0,2025-10-17,100.0
agustin giay|2004,agustin giay,2004,ar ARG,,,,
agustin irazoque|1999,agustin irazoque,1999,ar ARG,,,,
agustin juarez|2005,agustin juarez,2005,ar ARG,,,,
agustin lagos|2001,agustin lagos,2001,ar ARG,698551.0,700000.0,2025-10-17,100.0
agustin martegani|2000,agustin martegani,2000,ar ARG,732507.0,700000.0,2025-10-17,100.0
agustin modica|2003,agustin modica,2003,ar ARG,1184570.0,1300000.0,2025-10-17,100.0
agustin morales|1999,agustin morales,1999,ar ARG,,,,
agustin mulet|2000,agustin mulet,2000,ar ARG,,,,
agustin obando|2000,agustin obando,2000,ar ARG,491706.0,125000.0,2025-10-17,100.0
agustin palavecino|1996,agustin palavecino,1996,ar ARG,,,,
agustin quiroga|2002,agustin quiroga,2002,ar ARG,,,,
agustin rodriguez|2004,agustin rodriguez,2004,ar ARG,,,,
agustin ruberto|2006,agustin ruberto,2006,ar ARG,1000688.0,2500000.0,2025-10-17,100.0
agustin sandez|2001,agustin sandez,2001,py PAR,847023.0,2500000.0,2025-10-17,100.0
agustin sant'anna|1997,agustin sant'anna,1997,uy URU,,,,
agustin toledo|2000,agustin toledo,2000,ar ARG,,,,
agustin urzi|2000,agustin urzi,2000,ar ARG,636441.0,1200000.0,2025-10-17,100.0
agustin villalobos|2003,agustin villalobos,2003,ar ARG,,,,
alan aguerre|1990,alan aguerre,1990,ar ARG,269784.0,200000.0,2025-10-17,100.0
alan barrionuevo|1997,alan barrionuevo,1997,ar ARG,865491.0,600000.0,2025-10-17,100.0
alan cantero|1998,alan cantero,1998,ar ARG,,,,
alan lescano|2001,alan lescano,2001,ar ARG,991134.0,6000000.0,2025-10-17,100.0
alan rodriguez|2000,alan rodriguez,2000,py PAR,,,,
alan sonora|1998,alan sonora,1998,us USA,,,,
alan sosa|1996,alan sosa,1996,ar ARG,1103941.0,400000.0,2025-10-17,100.0
alejandro maciel|1997,alejandro maciel,1997,ar ARG,,,,
alejandro martinez|1997,alejandro martinez,1997,ar ARG,,,,
alejandro rebola|1988,alejandro rebola,1988,ar ARG,,,,
alejo sarco|2006,alejo sarco,2006,ar ARG,,,,
alex juarez|2004,alex juarez,2004,ar ARG,,,,
alex luna|2004,alex luna,2004,ar ARG,843126.0,3500000.0,2025-10-17,100.0
alex vigo|1999,alex vigo,1999,ar ARG,648520.0,500000.0,2025-10-17,100.0
alexander diaz|2000,alexander diaz,2000,ar ARG,618986.0,400000.0,2025-10-17,100.0
alexis canelo|1992,alexis canelo,1992,ar ARG,249789.0,350000.0,2025-10-17,100.0
alexis cuello|2000,alexis cuello,2000,ar ARG,636783.0,1800000.0,2025-10-17,100.0
alexis dominguez|1996,alexis dominguez,1996,ar ARG,,,,
alexis maldonado|1997,alexis maldonado,1997,ar ARG,444100.0,700000.0,2025-10-17,100.0
alexis manyoma|2003,alexis manyoma,2003,co COL,,,,
alexis segovia|2004,alexis segovia,2004,ar ARG,1013913.0,300000.0,2025-10-17,100.0
alexis soto|1993,alexis soto,1993,ar ARG,409272.0,1700000.0,2025-10-17,100.0
alvaro dionisio|1998,alvaro dionisio,1998,ar ARG,,,,
alvaro montoro|2007,alvaro montoro,2007,ar ARG,292985.0,1500000.0,2025-10-17,92.85714285714286
andres berizovsky|2004,andres berizovsky,2004,ar ARG,,,,
andres roa|1993,andres roa,1993,co COL,,,,
andres vombergar|1994,andres vombergar,1994,si SVN,486926.0,3000000.0,2025-10-17,100.0
angelo marchese|2004,angelo marchese,2004,ar ARG,1264276.0,75000.0,2025-10-17,100.0
angelo martino|1998,angelo martino,1998,ar ARG,,,,
anibal leguizamon|1992,anibal leguizamon,1992,ar ARG,610333.0,275000.0,2025-10-17,100.0
antonio napolitano|1999,antonio napolitano,1999,ar ARG,,,,
antony alonso|1998,antony alonso,1998,ar ARG,844800.0,450000.0,2025-10-17,100.0
ariel gamarra|2003,ariel gamarra,2003,py PAR,,,,
ariel rojas|1986,ariel rojas,1986,ar ARG,,,,
armando mendez|1996,armando mendez,1996,uy URU,605648.0,1000000.0,2025-10-17,100.0
augusto lotti|1996,augusto lotti,1996,it ITA,406296.0,800000.0,2025-10-17,100.0
augusto max|1992,augusto max,1992,ar ARG,149770.0,125000.0,2025-10-17,100.0
augusto schott|2000,augusto schott,2000,ar ARG,670566.0,350000.0,2025-10-17,100.0
augusto solari|1992,augusto solari,1992,ar ARG,282694.0,250000.0,2025-10-17,100.0
axel atum|2006,axel atum,2006,ar ARG,,,,
axel werner|1996,axel werner,1996,ar ARG,236734.0,375000.0,2025-10-17,100.0
ayrton portillo|2000,ayrton portillo,2000,ar ARG,,,,
baltasar rodriguez|2003,baltasar rodriguez,2003,ar ARG,,,,
bautista barros schelotto|2000,bautista barros schelotto,2000,ar ARG,852761.0,225000.0,2025-10-17,100.0
bautista kociubinski|2001,bautista kociubinski,2001,ar ARG,,,,
benjamin bosch|2005,benjamin bosch,2005,ar ARG,,,,
benjamin dominguez|2003,benjamin dominguez,2003,ar ARG,,,,
benjamin schamine|2003,benjamin schamine,2003,ar ARG,1141726.0,350000.0,2025-10-17,100.0
bernardo benitez|2002,bernardo benitez,2002,py PAR,,,,
blas armoa|2000,blas armoa,2000,py PAR,491603.0,700000.0,2025-10-17,100.0
blas riveros|1998,blas riveros,1998,py PAR,,,,
braian aguirre|2000,braian aguirre,2000,ar ARG,668549.0,4000000.0,2025-10-17,96.2962962962963
braian galvan|2000,braian galvan,2000,ar ARG,,,,
braian rivero|1996,braian rivero,1996,ar ARG,,,,
braian romero|1991,braian romero,1991,ar ARG,357937.0,1200000.0,2025-10-17,100.0
brandon oviedo|2005,brandon oviedo,2005,ar ARG,1322606.0,200000.0,2025-10-17,100.0
brian aguirre|2003,brian aguirre,2003,ar ARG,668549.0,4000000.0,2025-10-17,100.0
brian alexis leizza|2000,brian alexis leizza,2000,ar ARG,,,,
brian calderara|1998,brian calderara,1998,ar ARG,830111.0,125000.0,2025-10-17,100.0
brian cuello|1997,brian cuello,1997,ar ARG,,,,
brian luciatti|1993,brian luciatti,1993,ar ARG,,,,
brian salvareschi|1999,brian salvareschi,1999,ar ARG,,,,
brian sanchez|1993,brian sanchez,1993,ar ARG,,,,
bruno barticciotto|2001,bruno barticciotto,2001,cl CHI,,,,
bruno bianchi|1989,bruno bianchi,1989,ar ARG,,,,
bruno cabrera|2003,bruno cabrera,2003,ar ARG,1235860.0,200000.0,2025-10-17,100.0
bruno leyes|2001,bruno leyes,2001,ar ARG,910641.0,1800000.0,2025-10-17,100.0
bruno pitton|1993,bruno pitton,1993,ar ARG,395216.0,400000.0,2025-10-17,100.0
bruno sepulveda|1992,bruno sepulveda,1992,ar ARG,690718.0,350000.0,2025-10-17,100.0
bruno zuculini|1993,bruno zuculini,1993,ar ARG,115507.0,600000.0,2025-10-17,100.0
bryan cabezas|1997,bryan cabezas,1997,ec ECU,,,,
bryan reyna|1998,bryan reyna,1998,pe PER,440312.0,1500000.0,2025-10-17,100.0
camilo viganoni|2003,camilo viganoni,2003,ar ARG,,,,
carlos arce|1990,carlos arce,1990,ar ARG,,,,
carlos izquierdoz|1988,carlos izquierdoz,1988,ar ARG,116968.0,500000.0,2025-10-17,100.0
carlos quintana|1988,carlos quintana,1988,ar ARG,54596.0,100000.0,2025-10-17,100.0
carlos sanchez|1986,carlos sanchez,1986,co COL,,,,
carlos villalba|1998,carlos villalba,1998,ar ARG,652968.0,550000.0,2025-10-17,100.0
cesar ibanez|1999,cesar ibanez,1999,ar ARG,674391.0,2500000.0,2025-10-17,100.0
cesar perez|2002,cesar perez,2002,cl CHI,662746.0,3000000.0,2025-10-17,100.0
christian ordonez|2004,christian ordonez,2004,ar ARG,,,,
claudio aquino|1991,claudio aquino,1991,ar ARG,,,,
claudio corvalan|1989,claudio corvalan,1989,ar ARG,125108.0,225000.0,2025-10-17,100.0
claudio echeverri|2006,claudio echeverri,2006,ar ARG,,,,
claudio valverde|2002,claudio valverde,2002,ar ARG,,,,
cristian colman|1994,cristian colman,1994,py PAR,,,,
cristian ferreira|1999,cristian ferreira,1999,ar ARG,548468.0,500000.0,2025-10-17,100.0
cristian lema|1990,cristian lema,1990,ar ARG,147128.0,125000.0,2025-10-17,100.0
cristian medina|2002,cristian medina,2002,ar ARG,661133.0,8000000.0,2025-10-17,100.0
cristian nunez|1997,cristian nunez,1997,py PAR,,,,
cristian paz|1995,cristian paz,1995,ar ARG,357338.0,400000.0,2025-10-17,100.0
cristian tarragona|1991,cristian tarragona,1991,ar ARG,422698.0,225000.0,2025-10-17,100.0
cristian torres|1999,cristian torres,1999,ar ARG,,,,
cristian vega|1993,cristian vega,1993,ar ARG,443689.0,150000.0,2025-10-17,100.0
cristopher fiermarin|1998,cristopher fiermarin,1998,uy URU,,,,
damian batallini|1996,damian batallini,1996,ar ARG,,,,
damian diaz|1986,damian diaz,1986,ec ECU,,,,
damian fernandez|2001,damian fernandez,2001,ar ARG,706562.0,2000000.0,2025-10-17,100.0
damian martinez|1990,damian martinez,1990,ar ARG,107282.0,125000.0,2025-10-17,100.0
damian perez|1988,damian perez,1988,ar ARG,,,,
damian puebla|2002,damian puebla,2002,ar ARG,1106216.0,3000000.0,2025-10-17,100.0
daniel barrea|2001,daniel barrea,2001,ar ARG,1006250.0,1000000.0,2025-10-17,100.0
daniel herrera|2004,daniel herrera,2004,ar ARG,1250374.0,1200000.0,2025-10-17,100.0
daniel juarez|2001,daniel juarez,2001,ar ARG,,,,
daniel zabala|2003,daniel zabala,2003,ar ARG,1203749.0,200000.0,2025-10-17,100.0
dante campisi|1996,dante campisi,1996,ar ARG,,,,
dardo miloc|1990,dardo miloc,1990,ar ARG,118375.0,75000.0,2025-10-17,100.0
dario caceres|1998,dario caceres,1998,py PAR,,,,
dario sarmiento|2003,dario sarmiento,2003,ar ARG,,,,
david barbona|1995,david barbona,1995,ar ARG,356089.0,1000000.0,2025-10-17,100.0
david gallardo|1997,david gallardo,1997,ar ARG,,,,
david gonzalez|2003,david gonzalez,2003,ar ARG,,,,
david sotelo|2003,david sotelo,2003,ar ARG,1061839.0,300000.0,2025-10-17,100.0
david zalazar|2002,david zalazar,2002,ar ARG,983867.0,250000.0,2025-10-17,100.0
dayro pena|,dayro pena,0,0,,,,
delfor minervino|1996,delfor minervino,1996,ar ARG,,,,
diego azcurra|1998,diego azcurra,1998,ar ARG,,,,
diego calcaterra|2001,diego calcaterra,2001,ar ARG,,,,
diego herazo|1996,diego herazo,1996,co COL,384580.0,550000.0,2025-10-17,100.0
diego matias rodriguez|1989,diego matias rodriguez,1989,ar ARG,90800.0,300000.0,2025-10-17,95.0
diego ortegoza|1997,diego ortegoza,1997,cl CHI,,,,
diego pavia|2005,diego pavia,2005,ar ARG,,,,
diego tarzia|2003,diego tarzia,2003,ar ARG,1225755.0,2500000.0,2025-10-17,100.0
diego tonetto|1988,diego tonetto,1988,ar ARG,87890.0,25000.0,2025-10-17,100.0
dylan aquino|2005,dylan aquino,2005,ar ARG,1150206.0,1800000.0,2025-10-17,100.0
dylan gorosito|2006,dylan gorosito,2006,ar ARG,,,,
edinson cavani|1987,edinson cavani,1987,uy URU,48280.0,500000.0,2025-10-17,100.0
eduardo salvio|1990,eduardo salvio,1990,ar ARG,84535.0,1000000.0,2025-10-17,100.0
edwuin cetre|1998,edwuin cetre,1998,co COL,470390.0,2200000.0,2025-10-17,100.0
elian irala|2004,elian irala,2004,ar ARG,,,,
elias baez|2004,elias baez,2004,ar ARG,1160854.0,3000000.0,2025-10-17,100.0
elias cabrera|2003,elias cabrera,2003,ar ARG,668513.0,1200000.0,2025-10-17,100.0
elias gomez|1994,elias gomez,1994,ar ARG,302139.0,1300000.0,2025-10-17,100.0
elias lopez|2000,elias lopez,2000,ar ARG,491691.0,450000.0,2025-10-17,100.0
elias ocampo|2004,elias ocampo,2004,ar ARG,,,,
elias pereyra|1999,elias pereyra,1999,ar ARG,576027.0,300000.0,2025-10-17,100.0
emanuel aguilera|1989,emanuel aguilera,1989,ar ARG,123015.0,200000.0,2025-10-17,100.0
emanuel coronel|1997,emanuel coronel,1997,ar ARG,565194.0,2700000.0,2025-10-17,100.0
emanuel dall'aglio|2005,emanuel dall'aglio,2005,ar ARG,,,,
emanuel insua|1991,emanuel insua,1991,ar ARG,,,,
emanuel mammana|1996,emanuel mammana,1996,ar ARG,275512.0,2800000.0,2025-10-17,100.0
emanuel rojas|2005,emanuel rojas,2005,ar ARG,,,,
emiliano giannunzio|1982,emiliano giannunzio,1982,ar ARG,,,,
emiliano mendez|1989,emiliano mendez,1989,ar ARG,,,,
emiliano saliadarre|2002,emiliano saliadarre,2002,ar ARG,,,,
emiliano viveros|2002,emiliano viveros,2002,ar ARG,907313.0,500000.0,2025-10-17,100.0
enrique bologna|1982,enrique bologna,1982,ar ARG,30753.0,25000.0,2025-10-17,100.0
enzo briones|2004,enzo briones,2004,ar ARG,,,,
enzo copetti|1996,enzo copetti,1996,ar ARG,504254.0,3000000.0,2025-10-17,100.0
enzo diaz|1995,enzo diaz,1995,ar ARG,,,,
enzo martin roldan|2000,enzo martin roldan,2000,ar ARG,,,,
enzo martinez|1998,enzo martinez,1998,uy URU,578737.0,600000.0,2025-10-17,100.0
enzo perez|1986,enzo perez,1986,ar ARG,56066.0,250000.0,2025-10-17,100.0
eric meza|1999,eric meza,1999,ar ARG,830857.0,2000000.0,2025-10-17,100.0
eric ramirez|1998,eric ramirez,1998,ve VEN,364945.0,1500000.0,2025-10-17,100.0
eric remedi|1995,eric remedi,1995,ar ARG,,,,
erik godoy|1993,erik godoy,1993,ar ARG,225479.0,250000.0,2025-10-17,100.0
eros mancuso|1999,eros mancuso,1999,ar ARG,,,,
esequiel barco|1999,esequiel barco,1999,ar ARG,,,,
esteban burgos|1992,esteban burgos,1992,ar ARG,,,,
esteban fernandez|2002,esteban fernandez,2002,ar ARG,,,,
esteban lucero|2005,esteban lucero,2005,ar ARG,,,,
esteban rolon|1995,esteban rolon,1995,ar ARG,,,,
ever banega|1988,ever banega,1988,ar ARG,12249.0,750000.0,2025-10-17,100.0
exequiel zeballos|2002,exequiel zeballos,2002,ar ARG,661132.0,4500000.0,2025-10-17,100.0
ezequiel bonifacio|1994,ezequiel bonifacio,1994,ar ARG,334224.0,100000.0,2025-10-17,100.0
ezequiel canete|1999,ezequiel canete,1999,ar ARG,746185.0,200000.0,2025-10-17,100.0
ezequiel cannavo|2002,ezequiel cannavo,2002,ar ARG,844791.0,2000000.0,2025-10-17,100.0
ezequiel centurion|1997,ezequiel centurion,1997,ar ARG,626917.0,2000000.0,2025-10-17,100.0
ezequiel cerutti|1992,ezequiel cerutti,1992,ar ARG,267882.0,200000.0,2025-10-17,100.0
ezequiel fernandez|2002,ezequiel fernandez,2002,ar ARG,,,,
ezequiel forclaz|2003,ezequiel forclaz,2003,ar ARG,,,,
ezequiel ham|1994,ezequiel ham,1994,sy SYR,,,,
ezequiel munoz|1990,ezequiel munoz,1990,ar ARG,75127.0,75000.0,2025-10-17,100.0
ezequiel naya|2001,ezequiel naya,2001,ar ARG,,,,
fabio alvarez|1993,fabio alvarez,1993,ar ARG,,,,
fabio pereyra|1990,fabio pereyra,1990,ar ARG,610248.0,175000.0,2025-10-17,100.0
fabricio bustos|1996,fabricio bustos,1996,ar ARG,275381.0,3800000.0,2025-10-17,100.0
fabricio corbalan|2003,fabricio corbalan,2003,ar ARG,1283981.0,100000.0,2025-10-17,100.0
fabricio iacovich|2002,fabricio iacovich,2002,ar ARG,1050051.0,200000.0,2025-10-17,100.0
fabricio lopez|2002,fabricio lopez,2002,ar ARG,1123346.0,50000.0,2025-10-17,100.0
fabricio oviedo|2004,fabricio oviedo,2004,ar ARG,1022385.0,400000.0,2025-10-17,100.0
fabricio perez|2005,fabricio perez,2005,ar ARG,1298374.0,100000.0,2025-10-17,100.0
fabricio tirado|2004,fabricio tirado,2004,ar ARG,,,,
fabrizio sartori|2002,fabrizio sartori,2002,ar ARG,978970.0,225000.0,2025-10-17,100.0
facundo altamira|,facundo altamira,0,0,923459.0,1000000.0,2025-10-17,100.0
facundo altamirano|1996,facundo altamirano,1996,ar ARG,362358.0,800000.0,2025-10-17,100.0
facundo ardiles|1998,facundo ardiles,1998,ar ARG,,,,
facundo baez|2004,facundo baez,2004,ar ARG,,,,
facundo bruera|1998,facundo bruera,1998,ar ARG,538880.0,1800000.0,2025-10-17,100.0
facundo butti|2000,facundo butti,2000,ar ARG,,,,
facundo cambeses|1997,facundo cambeses,1997,ar ARG,435001.0,1700000.0,2025-10-17,100.0
facundo colidio|2000,facundo colidio,2000,ar ARG,491705.0,6000000.0,2025-10-17,100.0
facundo echevarria|2002,facundo echevarria,2002,ar ARG,,,,
facundo ferreyra|1991,facundo ferreyra,1991,ar ARG,,,,
facundo kruger|2000,facundo kruger,2000,ar ARG,755666.0,75000.0,2025-10-17,100.0
facundo lencioni|2001,facundo lencioni,2001,ar ARG,,,,
facundo mallo|1995,facundo mallo,1995,uy URU,347193.0,1700000.0,2025-10-17,100.0
facundo mater|1998,facundo mater,1998,sy SYR,538774.0,1200000.0,2025-10-17,100.0
facundo mura|1999,facundo mura,1999,ar ARG,642759.0,1500000.0,2025-10-17,100.0
facundo quignon|1993,facundo quignon,1993,ar ARG,131218.0,500000.0,2025-10-17,100.0
facundo rodriguez|2000,facundo rodriguez,2000,ar ARG,663491.0,800000.0,2025-10-17,100.0
facundo roncaglia|1987,facundo roncaglia,1987,ar ARG,61546.0,25000.0,2025-10-17,100.0
facundo russo|2000,facundo russo,2000,ar ARG,,,,
facundo sanguinetti|2001,facundo sanguinetti,2001,ar ARG,870032.0,2000000.0,2025-10-17,100.0
facundo suarez|1994,facundo suarez,1994,ar ARG,702259.0,700000.0,2025-10-17,100.0
favio cabral|2001,favio cabral,2001,ar ARG,748210.0,150000.0,2025-10-17,100.0
federico aguirre|2002,federico aguirre,2002,ar ARG,,,,
federico andueza|1997,federico andueza,1997,uy URU,,,,
federico fattori|1992,federico fattori,1992,ar ARG,357956.0,650000.0,2025-10-17,100.0
federico fernandez|1989,federico fernandez,1989,ar ARG,,,,
federico gattoni|1999,federico gattoni,1999,ar ARG,660735.0,1300000.0,2025-10-17,100.0
federico girotti|1999,federico girotti,1999,ar ARG,639149.0,2200000.0,2025-10-17,100.0
federico mancuello|1989,federico mancuello,1989,ar ARG,96313.0,250000.0,2025-10-17,100.0
federico medina|2004,federico medina,2004,ar ARG,,,,
federico milo|1992,federico milo,1992,ar ARG,,,,
federico paradela|1999,federico paradela,1999,ar ARG,890130.0,75000.0,2025-10-17,100.0
federico rasmussen|1992,federico rasmussen,1992,ar ARG,131219.0,375000.0,2025-10-17,100.0
federico vera|1998,federico vera,1998,ar ARG,829967.0,1500000.0,2025-10-17,100.0
felipe aguilar|1993,felipe aguilar,1993,co COL,,,,
felipe loyola|2000,felipe loyola,2000,cl CHI,843286.0,9000000.0,2025-10-17,100.0
felipe pena|2001,felipe pena,2001,ar ARG,,,,
felipe sanchez|2004,felipe sanchez,2004,ar ARG,,,,
felipe zenobio|2000,felipe zenobio,2000,ar ARG,826527.0,3000000.0,2025-10-17,100.0
fernando alarcon|1994,fernando alarcon,1994,ar ARG,376853.0,1500000.0,2025-10-17,100.0
fernando benitez|2000,fernando benitez,2000,ar ARG,,,,
fernando david cardozo|2001,fernando david cardozo,2001,py PAR,,,,
fernando godoy|1990,fernando godoy,1990,ar ARG,,,,
fernando juarez|1998,fernando juarez,1998,ar ARG,439627.0,800000.0,2025-10-17,100.0
fernando martinez|2000,fernando martinez,2000,ar ARG,880025.0,100000.0,2025-10-17,100.0
fernando meza|1990,fernando meza,1990,ar ARG,,,,
fernando romero|2000,fernando romero,2000,py PAR,,,,
fernando tobio|1989,fernando tobio,1989,ar ARG,69802.0,200000.0,2025-10-17,100.0
fernando zuqui|1991,fernando zuqui,1991,ar ARG,,,,
flabian londono|2000,flabian londono,2000,co COL,,,,
florian monzon|2001,florian monzon,2001,ar ARG,756993.0,2000000.0,2025-10-17,100.0
francesco lo celso|2000,francesco lo celso,2000,ar ARG,642757.0,50000.0,2025-10-17,100.0
francis mac allister|1995,francis mac allister,1995,ar ARG,440380.0,400000.0,2025-10-17,100.0
francisco alvarez|2000,francisco alvarez,2000,ar ARG,565766.0,4000000.0,2025-10-17,100.0
francisco bonfiglio|2002,francisco bonfiglio,2002,es ESP,,,,
francisco facello|2003,francisco facello,2003,ar ARG,1159862.0,50000.0,2025-10-17,100.0
francisco flores|2002,francisco flores,2002,ar ARG,,,,
francisco fydriszewski|1993,francisco fydriszewski,1993,ar ARG,,,,
francisco gerometta|1999,francisco gerometta,1999,ar ARG,745789.0,250000.0,2025-10-17,100.0
francisco gonzalez|1997,francisco gonzalez,1997,ar ARG,442679.0,2200000.0,2025-10-17,95.0
francisco marco|2003,francisco marco,2003,ar ARG,,,,
francisco montoro|2004,francisco montoro,2004,ar ARG,,,,
francisco perruzzi|2001,francisco perruzzi,2001,ar ARG,963139.0,300000.0,2025-10-17,100.0
francisco petrasso|2002,francisco petrasso,2002,ar ARG,,,,
francisco pizzini|1993,francisco pizzini,1993,ar ARG,213122.0,1800000.0,2025-10-17,100.0
franco alfonso|2002,franco alfonso,2002,ar ARG,988412.0,400000.0,2025-10-17,100.0
franco aragon|1994,franco aragon,1994,ar ARG,,,,
franco armani|1986,franco armani,1986,ar ARG,119634.0,700000.0,2025-10-17,100.0
franco baldassarra|1998,franco baldassarra,1998,ar ARG,655678.0,400000.0,2025-10-17,100.0
franco diaz|2000,franco diaz,2000,ar ARG,748060.0,500000.0,2025-10-17,100.0
franco ibarra|2001,franco ibarra,2001,ar ARG,741685.0,3500000.0,2025-10-17,100.0
franco jara|1988,franco jara,1988,ar ARG,75035.0,200000.0,2025-10-17,100.0
franco mastantuono|2007,franco mastantuono,2007,ar ARG,,,,
franco minerva|2006,franco minerva,2006,ar ARG,1268653.0,500000.0,2025-10-17,100.0
franco moyano|1997,franco moyano,1997,ar ARG,,,,
franco nicola|2002,franco nicola,2002,uy URU,1015626.0,300000.0,2025-10-17,100.0
franco pardo|1997,franco pardo,1997,ar ARG,720716.0,2300000.0,2025-10-17,100.0
franco paredes|1999,franco paredes,1999,ar ARG,749016.0,800000.0,2025-10-17,100.0
franco petroli|1998,franco petroli,1998,ar ARG,401587.0,3200000.0,2025-10-17,100.0
franco rami|2003,franco rami,2003,ar ARG,,,,
franco romero|2000,franco romero,2000,ar ARG,,,,
franco troyansky|1997,franco troyansky,1997,ar ARG,,,,
franco watson|2000,franco watson,2000,ar ARG,654733.0,500000.0,2025-10-17,100.0
franco zapiola|2001,franco zapiola,2001,ar ARG,909349.0,1000000.0,2025-10-17,100.0
frank fabra|1991,frank fabra,1991,co COL,156561.0,200000.0,2025-10-17,100.0
gabriel alanis|1994,gabriel alanis,1994,ar ARG,342149.0,700000.0,2025-10-17,100.0
gabriel aranda|2001,gabriel aranda,2001,ar ARG,,,,
gabriel arias|1987,gabriel arias,1987,cl CHI,54330.0,400000.0,2025-10-17,100.0
gabriel avalos|1990,gabriel avalos,1990,py PAR,358418.0,1000000.0,2025-10-17,100.0
gabriel carabajal|1991,gabriel carabajal,1991,ar ARG,,,,
gabriel compagnucci|1991,gabriel compagnucci,1991,ar ARG,538608.0,200000.0,2025-10-17,100.0
gabriel diaz|2000,gabriel diaz,2000,ar ARG,906940.0,800000.0,2025-10-17,100.0
gabriel gudino|1992,gabriel gudino,1992,ar ARG,,,,
gabriel hachen|1990,gabriel hachen,1990,ar ARG,,,,
gabriel hauche|1986,gabriel hauche,1986,ar ARG,,,,
gabriel neves|1997,gabriel neves,1997,uy URU,454181.0,2000000.0,2025-10-17,100.0
gabriel rojas|1997,gabriel rojas,1997,ar ARG,471639.0,3000000.0,2025-10-17,100.0
galvan vittar|2004,galvan vittar,2004,ar ARG,,,,
gary medel|1987,gary medel,1987,cl CHI,,,,
gaspar duarte|2003,gaspar duarte,2003,ar ARG,1297988.0,1000000.0,2025-10-17,100.0
gaston benavidez|1995,gaston benavidez,1995,ar ARG,,,,
gaston benedetti|2001,gaston benedetti,2001,ar ARG,843156.0,1800000.0,2025-10-17,100.0
gaston campi|1991,gaston campi,1991,ar ARG,,,,
gaston emanuel moreyra|1999,gaston emanuel moreyra,1999,ar ARG,,,,
gaston gil romero|1993,gaston gil romero,1993,ar ARG,,,,
gaston gomez|1996,gaston gomez,1996,ar ARG,,,,
gaston lodico|1998,gaston lodico,1998,ar ARG,563878.0,3800000.0,2025-10-17,100.0
gaston martirena|2000,gaston martirena,2000,uy URU,744324.0,6000000.0,2025-10-17,100.0
gaston sauro|1990,gaston sauro,1990,ar ARG,,,,
gaston suso|1991,gaston suso,1991,ar ARG,469776.0,350000.0,2025-10-17,100.0
gaston veron|2001,gaston veron,2001,ar ARG,564001.0,2000000.0,2025-10-17,100.0
german conti|1994,german conti,1994,ar ARG,284321.0,250000.0,2025-10-17,100.0
german pezzella|1991,german pezzella,1991,ar ARG,113133.0,1300000.0,2025-10-17,100.0
geronimo heredia|2005,geronimo heredia,2005,ar ARG,1173433.0,500000.0,2025-10-17,100.0
geronimo montivero|2005,geronimo montivero,2005,ar ARG,,,,
geronimo rivera|2003,geronimo rivera,2003,ar ARG,,,,
gian nardelli|2000,gian nardelli,2000,ar ARG,,,,
gianluca ferrari|1997,gianluca ferrari,1997,ar ARG,340507.0,500000.0,2025-10-17,100.0
gino peruzzi|1992,gino peruzzi,1992,ar ARG,,,,
giovani chiaverano|2005,giovani chiaverano,2005,ar ARG,1192376.0,150000.0,2025-10-17,100.0
giovanni bogado|2001,giovanni bogado,2001,py PAR,,,,
giuliano cerato|1998,giuliano cerato,1998,ar ARG,,,,
gonzalo abrego|2000,gonzalo abrego,2000,ar ARG,836493.0,2000000.0,2025-10-17,100.0
gonzalo alvez|2003,gonzalo alvez,2003,ar ARG,,,,
gonzalo bravo|1990,gonzalo bravo,1990,ar ARG,,,,
gonzalo goni|1998,gonzalo goni,1998,ar ARG,594104.0,500000.0,2025-10-17,100.0
gonzalo lujan|2001,gonzalo lujan,2001,ar ARG,,,,
gonzalo marinelli|1989,gonzalo marinelli,1989,ar ARG,91815.0,75000.0,2025-10-17,100.0
gonzalo maroni|1999,gonzalo maroni,1999,ar ARG,441385.0,2800000.0,2025-10-17,100.0
gonzalo morales|2003,gonzalo morales,2003,ar ARG,1064936.0,1200000.0,2025-10-17,100.0
gonzalo nicolas martinez|1993,gonzalo nicolas martinez,1993,ar ARG,,,,
gonzalo perez|2001,gonzalo perez,2001,uy URU,799594.0,700000.0,2025-10-17,100.0
gonzalo requena|2003,gonzalo requena,2003,ar ARG,1120902.0,2200000.0,2025-10-17,100.0
gonzalo rios|1999,gonzalo rios,1999,ar ARG,907834.0,1200000.0,2025-10-17,100.0
gonzalo trindade|2004,gonzalo trindade,2004,ar ARG,1203750.0,125000.0,2025-10-17,100.0
gregorio rodriguez|2000,gregorio rodriguez,2000,ar ARG,,,,
guido carrillo|1991,guido carrillo,1991,ar ARG,184672.0,350000.0,2025-10-17,100.0
guido herrera|1992,guido herrera,1992,ar ARG,230014.0,2000000.0,2025-10-17,100.0
guido mainero|1995,guido mainero,1995,ar ARG,441270.0,1800000.0,2025-10-17,100.0
guillermo acosta|1988,guillermo acosta,1988,ar ARG,422917.0,200000.0,2025-10-17,100.0
guillermo balzi|2001,guillermo balzi,2001,ar ARG,,,,
guillermo benitez|1993,guillermo benitez,1993,ar ARG,,,,
guillermo burdisso|1988,guillermo burdisso,1988,ar ARG,,,,
guillermo enrique|2000,guillermo enrique,2000,ar ARG,,,,
guillermo matias fernandez|1991,guillermo matias fernandez,1991,ar ARG,,,,
guillermo may|1998,guillermo may,1998,uy URU,,,,
guillermo pereira|1994,guillermo pereira,1994,ar ARG,,,,
gustavo albarracin|2006,gustavo albarracin,2006,ar ARG,,,,
gustavo benitez|1986,gustavo benitez,1986,ar ARG,,,,
gustavo bou|1990,gustavo bou,1990,ar ARG,,,,
gustavo canto|1994,gustavo canto,1994,ar ARG,,,,
gustavo fernandez|1990,gustavo fernandez,1990,ar ARG,,,,
gustavo velasquez|1991,gustavo velasquez,1991,py PAR,,,,
hector david martinez|1998,hector david martinez,1998,py PAR,,,,
hector fertoli|1994,hector fertoli,1994,ar ARG,424024.0,600000.0,2025-10-17,100.0
hernan de la fuente|1997,hernan de la fuente,1997,ar ARG,552628.0,500000.0,2025-10-17,100.0
hernan galindez|1987,hernan galindez,1987,ec ECU,77127.0,350000.0,2025-10-17,100.0
ian glavinovich|2001,ian glavinovich,2001,ar ARG,,,,
ian subiabre|2007,ian subiabre,2007,ar ARG,1074969.0,1200000.0,2025-10-17,100.0
ignacio arce|1992,ignacio arce,1992,ar ARG,131206.0,1000000.0,2025-10-17,100.0
ignacio chicco|1996,ignacio chicco,1996,ar ARG,503329.0,400000.0,2025-10-17,100.0
ignacio fernandez|1990,ignacio fernandez,1990,ar ARG,,,,
ignacio galvan|2002,ignacio galvan,2002,ar ARG,863140.0,150000.0,2025-10-17,100.0
ignacio maestro puch|2003,ignacio maestro puch,2003,ar ARG,,,,
ignacio miramon|2003,ignacio miramon,2003,ar ARG,836518.0,1500000.0,2025-10-17,100.0
ignacio pussetto|1995,ignacio pussetto,1995,ar ARG,283528.0,2200000.0,2025-10-17,100.0
ignacio rodriguez|2002,ignacio rodriguez,2002,ar ARG,881014.0,1700000.0,2025-10-17,100.0
ignacio russo|2000,ignacio russo,2000,ar ARG,833130.0,2500000.0,2025-10-17,100.0
ignacio schor|2000,ignacio schor,2000,ar ARG,840760.0,800000.0,2025-10-17,100.0
ignacio tapia|2004,ignacio tapia,2004,ar ARG,850434.0,25000.0,2025-10-17,100.0
ignacio vazquez|1997,ignacio vazquez,1997,ar ARG,552635.0,3000000.0,2025-10-17,100.0
iker muniain|1992,iker muniain,1992,es ESP,,,,
iker zufiaurre|2005,iker zufiaurre,2005,ar ARG,,,,
imanol segovia|2001,imanol segovia,2001,ar ARG,,,,
ivan buhajeruk|2000,ivan buhajeruk,2000,ar ARG,,,,
ivan gomez|1997,ivan gomez,1997,ar ARG,459318.0,1800000.0,2025-10-17,100.0
ivan leguizamon|2002,ivan leguizamon,2002,py PAR,,,,
ivan marcone|1990,ivan marcone,1990,ar ARG,90451.0,700000.0,2025-10-17,100.0
ivan morales bravo|1999,ivan morales bravo,1999,cl CHI,,,,
ivan pillud|1986,ivan pillud,1986,ar ARG,77720.0,25000.0,2025-10-17,100.0
ivan tapia|1998,ivan tapia,1998,ar ARG,697405.0,1200000.0,2025-10-17,100.0
ivan villalba|1995,ivan villalba,1995,py PAR,312562.0,500000.0,2025-10-17,100.0
jabes saralegui|2003,jabes saralegui,2003,ar ARG,1174943.0,3000000.0,2025-10-17,100.0
jalil elias|1996,jalil elias,1996,sy SYR,376859.0,1700000.0,2025-10-17,100.0
jaminton campaz|2000,jaminton campaz,2000,co COL,491553.0,6000000.0,2025-10-17,100.0
javier marcelo correa|1992,javier marcelo correa,1992,ar ARG,,,,
javier ruiz|2004,javier ruiz,2004,ar ARG,1160106.0,3500000.0,2025-10-17,100.0
javier urzua|1999,javier urzua,1999,cl CHI,,,,
jeremias gallard|2004,jeremias gallard,2004,ar ARG,,,,
jeremias james|2001,jeremias james,2001,ar ARG,,,,
jeremias lazaro|2004,jeremias lazaro,2004,ar ARG,1227286.0,250000.0,2025-10-17,100.0
jeremias ledesma|1993,jeremias ledesma,1993,ar ARG,,,,
jeremias lucco|2005,jeremias lucco,2005,ar ARG,1173444.0,200000.0,2025-10-17,100.0
jeremias merlo|,jeremias merlo,0,0,1283982.0,600000.0,2025-10-17,100.0
jeremias perez tica|2003,jeremias perez tica,2003,ar ARG,,,,
jeronimo cacciabue|1998,jeronimo cacciabue,1998,ar ARG,,,,
jeronimo domina|2005,jeronimo domina,2005,ar ARG,1103986.0,2500000.0,2025-10-17,100.0
jeronimo pourtau|2000,jeronimo pourtau,2000,ar ARG,,,,
jesus soraire|1988,jesus soraire,1988,ar ARG,,,,
jhohan romana|1998,jhohan romana,1998,co COL,741963.0,6000000.0,2025-10-17,100.0
jhonatan candia|1995,jhonatan candia,1995,uy URU,259917.0,700000.0,2025-10-17,100.0
jhonny quinonez|1998,jhonny quinonez,1998,ec ECU,,,,
joaquin borja|2002,joaquin borja,2002,ar ARG,,,,
joaquin burgos|2004,joaquin burgos,2004,ar ARG,1298369.0,2000000.0,2025-10-17,95.0
joaquin garcia|2001,joaquin garcia,2001,ar ARG,829433.0,3000000.0,2025-10-17,100.0
joaquin gho|2003,joaquin gho,2003,ar ARG,842589.0,2500000.0,2025-10-17,100.0
joaquin laso|1990,joaquin laso,1990,ar ARG,360797.0,275000.0,2025-10-17,100.0
joaquin mosqueira|2004,joaquin mosqueira,2004,ar ARG,1118712.0,2000000.0,2025-10-17,100.0
joaquin pereyra|1998,joaquin pereyra,1998,ar ARG,,,,
joaquin ruiz|2006,joaquin ruiz,2006,ar ARG,,,,
joel sonora|1996,joel sonora,1996,us USA,,,,
johan carbonero|1999,johan carbonero,1999,co COL,,,,
jonas acevedo|1997,jonas acevedo,1997,ar ARG,538530.0,1000000.0,2025-10-17,100.0
jonatan goitia|1994,jonatan goitia,1994,ar ARG,553854.0,375000.0,2025-10-17,92.85714285714286
jonathan bay|1993,jonathan bay,1993,ar ARG,360425.0,125000.0,2025-10-17,100.0
jonathan david gomez|1989,jonathan david gomez,1989,ar ARG,,,,
jonathan de irastorza|2005,jonathan de irastorza,2005,ar ARG,1240380.0,75000.0,2025-10-17,100.0
jonathan galvan|1992,jonathan galvan,1992,ar ARG,216730.0,350000.0,2025-10-17,96.55172413793103
jonathan goya|1989,jonathan goya,1989,ar ARG,,,,
jonathan herrera|1991,jonathan herrera,1991,ar ARG,485880.0,375000.0,2025-10-17,100.0
jonathan torres|1996,jonathan torres,1996,ar ARG,,,,
jorge broun|1986,jorge broun,1986,ar ARG,55150.0,125000.0,2025-10-17,100.0
jorge figal|1994,jorge figal,1994,ar ARG,,,,
jorge sanguina|1999,jorge sanguina,1999,py PAR,,,,
jorman campuzano|1996,jorman campuzano,1996,co COL,,,,
jose dominguez|1996,jose dominguez,1996,py PAR,,,,
jose florentin|1996,jose florentin,1996,py PAR,741965.0,1800000.0,2025-10-17,100.0
jose gomez|2000,jose gomez,2000,ar ARG,,,,
jose herrera|2003,jose herrera,2003,ar ARG,,,,
jose mauri|1996,jose mauri,1996,it ITA,,,,
jose mendez|1993,jose mendez,1993,ar ARG,,,,
jose sosa|1985,jose sosa,1985,ar ARG,20137.0,100000.0,2025-10-17,100.0
josue reinatti|2003,josue reinatti,2003,ar ARG,1229028.0,100000.0,2025-10-17,100.0
juan alvarez|1996,juan alvarez,1996,ar ARG,,,,
juan andrada|1995,juan andrada,1995,ar ARG,457212.0,200000.0,2025-10-17,100.0
juan barinaga|2000,juan barinaga,2000,ar ARG,701491.0,3000000.0,2025-10-17,100.0
juan bautista cejas|1998,juan bautista cejas,1998,ar ARG,,,,
juan bisanz|2001,juan bisanz,2001,ar ARG,866061.0,2000000.0,2025-10-17,100.0
juan caceres|2000,juan caceres,2000,py PAR,,,,
juan camilo portilla|1998,juan camilo portilla,1998,co COL,,,,
juan cardozo|2004,juan cardozo,2004,py PAR,912696.0,200000.0,2025-10-17,100.0
juan cavallaro|1994,juan cavallaro,1994,ar ARG,,,,
juan cortazzo|2005,juan cortazzo,2005,ar ARG,1224924.0,50000.0,2025-10-17,100.0
juan cozzani|1998,juan cozzani,1998,ar ARG,,,,
juan cruz komar|1996,juan cruz komar,1996,ar ARG,319691.0,600000.0,2025-10-17,100.0
juan espinola|1994,juan espinola,1994,py PAR,532557.0,800000.0,2025-10-17,100.0
juan esquivel|2000,juan esquivel,2000,ar ARG,,,,
juan fedorco|2000,juan fedorco,2000,ar ARG,,,,
juan franco arrellaga|1992,juan franco arrellaga,1992,py PAR,,,,
juan gimenez|2006,juan gimenez,2006,ar ARG,1000686.0,3000000.0,2025-10-17,100.0
juan guasone|2001,juan guasone,2001,it ITA,832977.0,200000.0,2025-10-17,95.0
juan hernandez|1997,juan hernandez,1997,uy URU,,,,
juan ignacio mendez|1997,juan ignacio mendez,1997,ar ARG,508134.0,700000.0,2025-10-17,100.0
juan ignacio ramirez|1997,juan ignacio ramirez,1997,uy URU,,,,
juan infante|1996,juan infante,1996,ar ARG,615255.0,650000.0,2025-10-17,100.0
juan iribarren|2003,juan iribarren,2003,ar ARG,1232511.0,75000.0,2025-10-17,100.0
juan luduena|2003,juan luduena,2003,ar ARG,,,,
juan manuel elordi|1994,juan manuel elordi,1994,ar ARG,,,,
juan manuel garcia|1992,juan manuel garcia,1992,ar ARG,457244.0,350000.0,2025-10-17,100.0
juan manuel insaurralde|1984,juan manuel insaurralde,1984,ar ARG,65072.0,100000.0,2025-10-17,100.0
juan meli|2000,juan meli,2000,ar ARG,,,,
juan miritello|1999,juan miritello,1999,ar ARG,728200.0,2000000.0,2025-10-17,100.0
juan moran|2006,juan moran,2006,ar ARG,1305914.0,700000.0,2025-10-17,100.0
juan nardoni|2002,juan nardoni,2002,ar ARG,,,,
juan pablo goicochea|2005,juan pablo goicochea,2005,pe PER,,,,
juan perez|2004,juan perez,2004,co COL,1087316.0,175000.0,2025-10-17,100.0
juan pignani|2001,juan pignani,2001,ar ARG,,,,
juan pintado|1994,juan pintado,1994,uy URU,410456.0,1800000.0,2025-10-17,100.0
juan portillo|2000,juan portillo,2000,ar ARG,585747.0,3500000.0,2025-10-17,92.3076923076923
juan quintana|2000,juan quintana,2000,uy URU,,,,
juan quintero|1993,juan quintero,1993,co COL,,,,
juan rodriguez|1994,juan rodriguez,1994,ar ARG,,,,
juan saborido|1998,juan saborido,1998,ar ARG,,,,
juan velazquez|2004,juan velazquez,2004,ar ARG,1264273.0,2300000.0,2025-10-17,100.0
julian ceballos|2004,julian ceballos,2004,ar ARG,,,,
julian eseiza|2002,julian eseiza,2002,ar ARG,,,,
julian fernandez|1995,julian fernandez,1995,ar ARG,,,,
julian lopez|2000,julian lopez,2000,ar ARG,625203.0,1000000.0,2025-10-17,100.0
julio soler|2005,julio soler,2005,ar ARG,,,,
justo giani|1999,justo giani,1999,ar ARG,,,,
kevin coronel|2004,kevin coronel,2004,ar ARG,1198369.0,350000.0,2025-10-17,100.0
kevin facundo gutierrez|1997,kevin facundo gutierrez,1997,ar ARG,,,,
kevin lomonaco|2002,kevin lomonaco,2002,ar ARG,661136.0,12000000.0,2025-10-17,100.0
kevin lopez|2001,kevin lopez,2001,ar ARG,931942.0,350000.0,2025-10-17,100.0
kevin mantilla|2003,kevin mantilla,2003,co COL,,,,
kevin ortiz|2000,kevin ortiz,2000,ar ARG,984079.0,1200000.0,2025-10-17,100.0
kevin silva|2003,kevin silva,2003,ar ARG,,,,
kevin vazquez|2001,kevin vazquez,2001,ar ARG,1064181.0,450000.0,2025-10-17,100.0
kevin zenon|2001,kevin zenon,2001,ar ARG,829966.0,7000000.0,2025-10-17,100.0
laurtaro giaccone|2001,laurtaro giaccone,2001,ar ARG,851803.0,1500000.0,2025-10-17,96.96969696969697
lautaro acosta|1988,lautaro acosta,1988,ar ARG,45307.0,25000.0,2025-10-17,100.0
lautaro blanco|1999,lautaro blanco,1999,ar ARG,831161.0,3800000.0,2025-10-17,100.0
lautaro bursich|2002,lautaro bursich,2002,ar ARG,,,,
lautaro cardozo|2002,lautaro cardozo,2002,ar ARG,,,,
lautaro carrera|2003,lautaro carrera,2003,ar ARG,,,,
lautaro chavez|2001,lautaro chavez,2001,ar ARG,,,,
lautaro di lollo|2004,lautaro di lollo,2004,ar ARG,1019744.0,4000000.0,2025-10-17,100.0
lautaro garzon|2003,lautaro garzon,2003,ar ARG,1171751.0,125000.0,2025-10-17,100.0
lautaro godoy|2003,lautaro godoy,2003,py PAR,1098440.0,400000.0,2025-10-17,100.0
lautaro gomez|2003,lautaro gomez,2003,ar ARG,,,,
lautaro millan|2005,lautaro millan,2005,cl CHI,1240381.0,2500000.0,2025-10-17,100.0
lautaro morales|1999,lautaro morales,1999,ar ARG,576023.0,700000.0,2025-10-17,100.0
lautaro rios|2000,lautaro rios,2000,ar ARG,878220.0,700000.0,2025-10-17,100.0
lautaro rivero|2003,lautaro rivero,2003,ar ARG,1261395.0,4000000.0,2025-10-17,100.0
lautaro vargas|2005,lautaro vargas,2005,ar ARG,1159650.0,3000000.0,2025-10-17,100.0
lautaro villegas|2003,lautaro villegas,2003,ar ARG,,,,
leandro brey|2002,leandro brey,2002,ar ARG,982633.0,1500000.0,2025-10-17,100.0
leandro contin|1995,leandro contin,1995,ar ARG,,,,
leandro diaz|1992,leandro diaz,1992,ar ARG,140214.0,500000.0,2025-10-17,100.0
leandro garate|1993,leandro garate,1993,ar ARG,,,,
leandro gonzalez pirez|1992,leandro gonzalez pirez,1992,ar ARG,113130.0,400000.0,2025-10-17,100.0
leandro mamut|2003,leandro mamut,2003,ar ARG,865201.0,75000.0,2025-10-17,100.0
leandro olima|,leandro olima,0,0,,,,
lenny lobato|2001,lenny lobato,2001,br BRA,865028.0,1500000.0,2025-10-17,100.0
leonardo heredia|1996,leonardo heredia,1996,ar ARG,538367.0,1500000.0,2025-10-17,100.0
leonardo jara|1991,leonardo jara,1991,ar ARG,116163.0,125000.0,2025-10-17,100.0
leonardo landriel|1996,leonardo landriel,1996,ar ARG,349747.0,25000.0,2025-10-17,100.0
leonardo marchi|1996,leonardo marchi,1996,ar ARG,642521.0,50000.0,2025-10-17,100.0
leonardo morales|1991,leonardo morales,1991,ar ARG,457061.0,700000.0,2025-10-17,100.0
leonardo sigali|1987,leonardo sigali,1987,ar ARG,,,,
leonel cardozo|2004,leonel cardozo,2004,ar ARG,,,,
leonel miranda|1994,leonel miranda,1994,ar ARG,,,,
leonel picco|1999,leonel picco,1999,ar ARG,663077.0,3000000.0,2025-10-17,100.0
leonel roldan|2004,leonel roldan,2004,ar ARG,1285239.0,75000.0,2025-10-17,100.0
leonel vangioni|1987,leonel vangioni,1987,ar ARG,,,,
lionel verde|2004,lionel verde,2004,ar ARG,,,,
lisandro lopez|1983,lisandro lopez,1983,ar ARG,125019.0,400000.0,2025-10-17,100.0
lisandro montenegro|2003,lisandro montenegro,2003,ar ARG,978974.0,75000.0,2025-10-17,100.0
lisandro pinero|2007,lisandro pinero,2007,ar ARG,1301427.0,300000.0,2025-10-17,100.0
lorenzo scipioni|2004,lorenzo scipioni,2004,ar ARG,,,,
luca langoni|2002,luca langoni,2002,ar ARG,,,,
luca martinez|2001,luca martinez,2001,mx MEX,831110.0,500000.0,2025-10-17,95.0
luca raffin|2006,luca raffin,2006,py PAR,,,,
luca regiardo|2006,luca regiardo,2006,ar ARG,1328380.0,500000.0,2025-10-17,100.0
lucas abascia|1995,lucas abascia,1995,ar ARG,689230.0,1000000.0,2025-10-17,100.0
lucas acosta|1995,lucas acosta,1995,ar ARG,296799.0,1200000.0,2025-10-17,100.0
lucas ambrogio|1999,lucas ambrogio,1999,ar ARG,,,,
lucas arce|1997,lucas arce,1997,ar ARG,754470.0,1700000.0,2025-10-17,100.0
lucas banos|2005,lucas banos,2005,ar ARG,,,,
lucas bernabeu|2004,lucas bernabeu,2004,ar ARG,,,,
lucas besozzi|2003,lucas besozzi,2003,ar ARG,829381.0,300000.0,2025-10-17,100.0
lucas brochero|1999,lucas brochero,1999,ar ARG,,,,
lucas bustos|2005,lucas bustos,2005,ar ARG,,,,
lucas carrizo|1997,lucas carrizo,1997,ar ARG,522204.0,800000.0,2025-10-17,100.0
lucas castro|1989,lucas castro,1989,ar ARG,105892.0,200000.0,2025-10-17,100.0
lucas faggioli|1997,lucas faggioli,1997,ar ARG,,,,
lucas ferreira|2000,lucas ferreira,2000,uy URU,750733.0,1200000.0,2025-10-17,100.0
lucas gamba|1987,lucas gamba,1987,ar ARG,125906.0,125000.0,2025-10-17,100.0
lucas gomez|2004,lucas gomez,2004,ar ARG,1225293.0,200000.0,2025-10-17,100.0
lucas gonzalez|2000,lucas gonzalez,2000,ar ARG,688778.0,1500000.0,2025-10-17,100.0
lucas hoyos|1989,lucas hoyos,1989,ar ARG,75462.0,250000.0,2025-10-17,100.0
lucas irusta|2003,lucas irusta,2003,ar ARG,,,,
lucas janson|1994,lucas janson,1994,ar ARG,238448.0,300000.0,2025-10-17,100.0
lucas menossi|1992,lucas menossi,1992,ar ARG,225481.0,450000.0,2025-10-17,100.0
lucas mihovilcevich|2004,lucas mihovilcevich,2004,ar ARG,,,,
lucas ocampo|1997,lucas ocampo,1997,uy URU,,,,
lucas rodriguez|1993,lucas rodriguez,1993,ar ARG,171593.0,300000.0,2025-10-17,100.0
lucas souto|1998,lucas souto,1998,ar ARG,699689.0,500000.0,2025-10-17,100.0
lucas suarez|1995,lucas suarez,1995,ar ARG,,,,
lucas varaldo|2002,lucas varaldo,2002,ar ARG,718206.0,350000.0,2025-10-17,100.0
luciano abecasis|1990,luciano abecasis,1990,ar ARG,149435.0,75000.0,2025-10-17,100.0
luciano boggio|1999,luciano boggio,1999,it ITA,,,,
luciano cingolani|2001,luciano cingolani,2001,ar ARG,,,,
luciano ferreyra|2002,luciano ferreyra,2002,ar ARG,,,,
luciano gimenez|2000,luciano gimenez,2000,ar ARG,985755.0,700000.0,2025-10-17,100.0
luciano gomez|1996,luciano gomez,1996,ar ARG,423705.0,500000.0,2025-10-17,100.0
luciano gondou|2001,luciano gondou,2001,ar ARG,,,,
luciano lollo|1987,luciano lollo,1987,ar ARG,76153.0,75000.0,2025-10-17,100.0
luciano ramon herrera|1996,luciano ramon herrera,1996,ar ARG,730802.0,1000000.0,2025-10-17,95.0
luciano recalde|1995,luciano recalde,1995,ar ARG,,,,
luciano vietto|1993,luciano vietto,1993,ar ARG,214316.0,1500000.0,2025-10-17,100.0
luis advincula|1990,luis advincula,1990,pe PER,103890.0,300000.0,2025-10-17,100.0
luis angulo|2004,luis angulo,2004,co COL,885301.0,2700000.0,2025-10-17,100.0
luis ingolotti|2000,luis ingolotti,2000,ar ARG,552636.0,750000.0,2025-10-17,100.0
luis miguel rodriguez|1985,luis miguel rodriguez,1985,ar ARG,,,,
luis sanchez|2000,luis sanchez,2000,co COL,,,,
luis sequeira|2003,luis sequeira,2003,ar ARG,668550.0,1300000.0,2025-10-17,100.0
maher carrizo|2006,maher carrizo,2006,ar ARG,1162160.0,10000000.0,2025-10-17,100.0
malcom braida|1997,malcom braida,1997,ar ARG,552185.0,3500000.0,2025-10-17,100.0
manuel agustin duarte|2001,manuel agustin duarte,2001,ar ARG,,,,
manuel garcia|1999,manuel garcia,1999,ar ARG,869941.0,700000.0,2025-10-17,100.0
manuel guillen|2001,manuel guillen,2001,ar ARG,,,,
manuel lanzini|1993,manuel lanzini,1993,ar ARG,135853.0,1000000.0,2025-10-17,100.0
manuel monaco|2002,manuel monaco,2002,ar ARG,,,,
manuel palavecino|2003,manuel palavecino,2003,ar ARG,,,,
manuel panaro miramon|2002,manuel panaro miramon,2002,ar ARG,,,,
manuel roffo|2000,manuel roffo,2000,ar ARG,491687.0,3500000.0,2025-10-17,100.0
manuel tucker|2004,manuel tucker,2004,ar ARG,,,,
marcelino moreno|1994,marcelino moreno,1994,ar ARG,456617.0,5000000.0,2025-10-17,100.0
marcelo barovero|1984,marcelo barovero,1984,ar ARG,,,,
marcelo estigarribia|1995,marcelo estigarribia,1995,ar ARG,610266.0,1000000.0,2025-10-17,100.0
marcelo mino|1997,marcelo mino,1997,ar ARG,508135.0,250000.0,2025-10-17,100.0
marcelo perez|2001,marcelo perez,2001,py PAR,,,,
marcelo saracchi|1998,marcelo saracchi,1998,uy URU,,,,
marco di cesare|2002,marco di cesare,2002,ar ARG,839029.0,8000000.0,2025-10-17,100.0
marco iacobellis|2000,marco iacobellis,2000,ar ARG,,,,
marco pellegrino|2002,marco pellegrino,2002,ar ARG,776303.0,4000000.0,2025-10-17,100.0
marco ruben|1986,marco ruben,1986,ar ARG,,,,
marcos acuna|1991,marcos acuna,1991,ar ARG,60410.0,2000000.0,2025-10-17,100.0
marcos echeverria|2003,marcos echeverria,2003,ar ARG,,,,
marcos ignacio ledesma|1996,marcos ignacio ledesma,1996,ar ARG,,,,
marcos montiel|1995,marcos montiel,1995,uy URU,,,,
marcos portillo|2000,marcos portillo,2000,ar ARG,966314.0,1000000.0,2025-10-17,100.0
marcos rojo|1990,marcos rojo,1990,ar ARG,93176.0,300000.0,2025-10-17,100.0
mariano gerez|2006,mariano gerez,2006,ar ARG,,,,
mariano santiago|2001,mariano santiago,2001,ar ARG,,,,
mariano troilo|2003,mariano troilo,2003,ar ARG,,,,
mario sanabria|2002,mario sanabria,2002,ar ARG,,,,
martin barrios|1999,martin barrios,1999,uy URU,565981.0,500000.0,2025-10-17,100.0
martin fernandez|2001,martin fernandez,2001,uy URU,670341.0,400000.0,2025-10-17,100.0
martin garay|1999,martin garay,1999,ar ARG,696730.0,1000000.0,2025-10-17,100.0
martin lazarte|2005,martin lazarte,2005,ar ARG,,,,
martin luciano|2003,martin luciano,2003,ar ARG,883670.0,150000.0,2025-10-17,100.0
martin ortega|1999,martin ortega,1999,ar ARG,663118.0,1500000.0,2025-10-17,100.0
martin pino|1998,martin pino,1998,ar ARG,,,,
mateo bajamich|1999,mateo bajamich,1999,ar ARG,610228.0,1000000.0,2025-10-17,100.0
mateo clemente|2002,mateo clemente,2002,ar ARG,,,,
mateo coronel|1998,mateo coronel,1998,ar ARG,,,,
mateo del blanco|2003,mateo del blanco,2003,ar ARG,984529.0,3500000.0,2025-10-17,100.0
mateo diaz chaves|2003,mateo diaz chaves,2003,ar ARG,,,,
mateo mendia|2004,mateo mendia,2004,ar ARG,1197773.0,100000.0,2025-10-17,100.0
mateo mendoza|2004,mateo mendoza,2004,ar ARG,1103933.0,4000000.0,2025-10-17,100.0
mateo pellegrino|2001,mateo pellegrino,2001,ar ARG,,,,
mateo perez|2000,mateo perez,2000,ar ARG,,,,
mateo sanabria|2004,mateo sanabria,2004,ar ARG,,,,
mateo silvetti|2006,mateo silvetti,2006,ar ARG,,,,
mathias de ritis|2003,mathias de ritis,2003,uy URU,,,,
matias abaldo|2004,matias abaldo,2004,uy URU,928647.0,3500000.0,2025-10-17,100.0
matias acevedo|2008,matias acevedo,2008,ar ARG,,,,
matias catalan|1992,matias catalan,1992,cl CHI,237051.0,700000.0,2025-10-17,100.0
matias contrera|2005,matias contrera,2005,ar ARG,,,,
matias de los santos|1992,matias de los santos,1992,uy URU,,,,
matias diaz|2004,matias diaz,2004,ar ARG,,,,
matias espindola|2003,matias espindola,2003,ar ARG,,,,
matias esquivel|1999,matias esquivel,1999,ar ARG,,,,
matias galarza|2002,matias galarza,2002,py PAR,909737.0,4000000.0,2025-10-17,100.0
matias gimenez|1999,matias gimenez,1999,ar ARG,656112.0,2200000.0,2025-10-17,100.0
matias godoy|2002,matias godoy,2002,ar ARG,582168.0,800000.0,2025-10-17,100.0
matias gomez|2003,matias gomez,2003,ar ARG,1150517.0,100000.0,2025-10-17,100.0
matias gonzalez|2002,matias gonzalez,2002,ar ARG,831492.0,350000.0,2025-10-17,100.0
matias kranevitter|1993,matias kranevitter,1993,ar ARG,,,,
matias mansilla|1996,matias mansilla,1996,ar ARG,731722.0,3000000.0,2025-10-17,100.0
matias marin|1999,matias marin,1999,cl CHI,,,,
matias miranda|2000,matias miranda,2000,ar ARG,714744.0,75000.0,2025-10-17,100.0
matias moreno|2003,matias moreno,2003,ar ARG,,,,
matias orihuela|1992,matias orihuela,1992,ar ARG,,,,
matias pellegrini|2000,matias pellegrini,2000,ar ARG,606267.0,1500000.0,2025-10-17,100.0
matias perello|2001,matias perello,2001,ar ARG,1070369.0,1500000.0,2025-10-17,100.0
matias ramirez|1999,matias ramirez,1999,ar ARG,,,,
matias reali|1997,matias reali,1997,ar ARG,984692.0,2000000.0,2025-10-17,100.0
matias rosales|2005,matias rosales,2005,ar ARG,,,,
matias ruiz diaz|1996,matias ruiz diaz,1996,ar ARG,,,,
matias sosa|2001,matias sosa,2001,ar ARG,841182.0,50000.0,2025-10-17,100.0
matias suarez|1988,matias suarez,1988,ar ARG,,,,
matko miljevic|2001,matko miljevic,2001,us USA,632797.0,5000000.0,2025-10-17,100.0
mauricio asenjo|1994,mauricio asenjo,1994,ar ARG,,,,
mauricio cardillo|2003,mauricio cardillo,2003,ar ARG,1115518.0,500000.0,2025-10-17,100.0
mauricio isla|1988,mauricio isla,1988,cl CHI,,,,
mauricio martinez|1993,mauricio martinez,1993,ar ARG,309388.0,450000.0,2025-10-17,100.0
mauricio roldan|2005,mauricio roldan,2005,ar ARG,,,,
mauro luna diale|1999,mauro luna diale,1999,ar ARG,653266.0,1000000.0,2025-10-17,100.0
mauro maidana|1990,mauro maidana,1990,ar ARG,,,,
mauro mendez|1999,mauro mendez,1999,uy URU,675468.0,1300000.0,2025-10-17,100.0
mauro pitton|1994,mauro pitton,1994,ar ARG,376710.0,2000000.0,2025-10-17,100.0
maxi gonzalez|2004,maxi gonzalez,2004,ar ARG,,,,
maximiliano brito|1991,maximiliano brito,1991,uy URU,,,,
maximiliano lovera|1999,maximiliano lovera,1999,ar ARG,441422.0,700000.0,2025-10-17,100.0
maximiliano meza|1992,maximiliano meza,1992,ar ARG,282476.0,2200000.0,2025-10-17,100.0
maximiliano puig|2000,maximiliano puig,2000,ar ARG,888453.0,50000.0,2025-10-17,100.0
maximiliano rodriguez|1988,maximiliano rodriguez,1988,ar ARG,623947.0,500000.0,2025-10-17,100.0
maximiliano romero|1999,maximiliano romero,1999,ar ARG,,,,
maximiliano salas|1997,maximiliano salas,1997,ar ARG,442231.0,6000000.0,2025-10-17,100.0
maximiliano urruti|1991,maximiliano urruti,1991,ar ARG,,,,
maximiliano zalazar|2001,maximiliano zalazar,2001,ar ARG,757175.0,1000000.0,2025-10-17,100.0
maximo oses|2005,maximo oses,2005,ar ARG,,,,
michael santos|1993,michael santos,1993,uy URU,178107.0,600000.0,2025-10-17,100.0
miguel angel torren|1988,miguel angel torren,1988,ar ARG,,,,
miguel barbieri|1993,miguel barbieri,1993,ar ARG,431703.0,450000.0,2025-10-17,100.0
miguel borja|1993,miguel borja,1993,co COL,211397.0,2800000.0,2025-10-17,100.0
miguel brizuela|1997,miguel brizuela,1997,ar ARG,689465.0,600000.0,2025-10-17,100.0
miguel merentiel|1996,miguel merentiel,1996,uy URU,481367.0,6500000.0,2025-10-17,100.0
miguel navarro|1999,miguel navarro,1999,ve VEN,509390.0,2200000.0,2025-10-17,100.0
milton casco|1988,milton casco,1988,ar ARG,115183.0,100000.0,2025-10-17,100.0
milton celiz|1992,milton celiz,1992,ar ARG,260652.0,200000.0,2025-10-17,100.0
milton delgado|2005,milton delgado,2005,ar ARG,1236677.0,5000000.0,2025-10-17,100.0
milton gimenez|1996,milton gimenez,1996,ar ARG,730779.0,3500000.0,2025-10-17,100.0
misael jaime|2004,misael jaime,2004,ar ARG,,,,
moises brandan|2000,moises brandan,2000,ar ARG,908390.0,200000.0,2025-10-17,100.0
nahuel banegas|1996,nahuel banegas,1996,ar ARG,697041.0,1200000.0,2025-10-17,100.0
nahuel barrios|1998,nahuel barrios,1998,ar ARG,503377.0,1200000.0,2025-10-17,100.0
nahuel bustos|1998,nahuel bustos,1998,ar ARG,439629.0,1800000.0,2025-10-17,100.0
nahuel gallardo|1998,nahuel gallardo,1998,ar ARG,,,,
nahuel genez|2003,nahuel genez,2003,ar ARG,,,,
nahuel losada|1993,nahuel losada,1993,ar ARG,323918.0,3000000.0,2025-10-17,100.0
nahuel manganelli|2001,nahuel manganelli,2001,ar ARG,880019.0,50000.0,2025-10-17,100.0
nazareno colombo|1999,nazareno colombo,1999,ar ARG,688207.0,3000000.0,2025-10-17,100.0
nehuen benedetti|2005,nehuen benedetti,2005,ar ARG,,,,
nehuen paz|1993,nehuen paz,1993,ar ARG,284724.0,300000.0,2025-10-17,100.0
nelson insfran|1995,nelson insfran,1995,ar ARG,660280.0,1000000.0,2025-10-17,100.0
nery dominguez|1990,nery dominguez,1990,ar ARG,267413.0,200000.0,2025-10-17,100.0
nestor breitenbruch|1995,nestor breitenbruch,1995,ar ARG,,,,
nicolas benegas|1996,nicolas benegas,1996,ar ARG,438926.0,600000.0,2025-10-17,100.0
nicolas blandi|1990,nicolas blandi,1990,ar ARG,153022.0,25000.0,2025-10-17,100.0
nicolas capraro|1998,nicolas capraro,1998,ar ARG,992818.0,500000.0,2025-10-17,100.0
nicolas caro|1995,nicolas caro,1995,ar ARG,,,,
nicolas castro|1990,nicolas castro,1990,ar ARG,,,,
nicolas colazo|1990,nicolas colazo,1990,ar ARG,116277.0,75000.0,2025-10-17,100.0
nicolas cordero|1999,nicolas cordero,1999,ar ARG,652948.0,500000.0,2025-10-17,100.0
nicolas demartini|1999,nicolas demartini,1999,ar ARG,537257.0,800000.0,2025-10-17,100.0
nicolas dematei|1987,nicolas dematei,1987,ar ARG,,,,
nicolas dubersarsky|2004,nicolas dubersarsky,2004,ar ARG,,,,
nicolas fernandez|1996,nicolas fernandez,1996,ar ARG,333921.0,4000000.0,2025-10-17,100.0
nicolas fonseca|1998,nicolas fonseca,1998,uy URU,,,,
nicolas gaitan|1988,nicolas gaitan,1988,ar ARG,,,,
nicolas garayalde|1999,nicolas garayalde,1999,ar ARG,744282.0,700000.0,2025-10-17,100.0
nicolas hernandez|1998,nicolas hernandez,1998,co COL,333921.0,4000000.0,2025-10-17,94.11764705882352
nicolas meriano|2000,nicolas meriano,2000,ar ARG,941511.0,450000.0,2025-10-17,100.0
nicolas morgantini|1994,nicolas morgantini,1994,ar ARG,615253.0,375000.0,2025-10-17,100.0
nicolas oroz|1994,nicolas oroz,1994,ar ARG,332250.0,800000.0,2025-10-17,100.0
nicolas orsini|1994,nicolas orsini,1994,ar ARG,289149.0,600000.0,2025-10-17,100.0
nicolas palavecino|2003,nicolas palavecino,2003,ar ARG,912504.0,200000.0,2025-10-17,100.0
nicolas paz|2002,nicolas paz,2002,ar ARG,991132.0,800000.0,2025-10-17,100.0
nicolas quagliata|1999,nicolas quagliata,1999,uy URU,,,,
nicolas romero|2003,nicolas romero,2003,ar ARG,,,,
nicolas sanchez|2004,nicolas sanchez,2004,ar ARG,,,,
nicolas sansotre|1993,nicolas sansotre,1993,ar ARG,441341.0,200000.0,2025-10-17,100.0
nicolas servetto|1996,nicolas servetto,1996,ar ARG,,,,
nicolas sumavil|1999,nicolas sumavil,1999,ar ARG,,,,
nicolas tolosa|2001,nicolas tolosa,2001,ar ARG,,,,
nicolas tripichio|1996,nicolas tripichio,1996,ar ARG,275614.0,1500000.0,2025-10-17,100.0
nicolas vallejo|2004,nicolas vallejo,2004,ar ARG,,,,
norberto briasco|1996,norberto briasco,1996,am ARM,457218.0,200000.0,2025-10-17,100.0
octavio ontivero|2006,octavio ontivero,2006,ar ARG,1000668.0,200000.0,2025-10-17,100.0
orlando gill|2000,orlando gill,2000,py PAR,643259.0,5000000.0,2025-10-17,100.0
oscar arias|2005,oscar arias,2005,ar ARG,,,,
oscar garrido|1997,oscar garrido,1997,ar ARG,,,,
oscar salomon|1999,oscar salomon,1999,ar ARG,698323.0,2500000.0,2025-10-17,100.0
pablo altamirano|2005,pablo altamirano,2005,ar ARG,1291795.0,50000.0,2025-10-17,100.0
pablo chavarria|1988,pablo chavarria,1988,ar ARG,,,,
pablo de blasis|1988,pablo de blasis,1988,ar ARG,,,,
pablo monje|1997,pablo monje,1997,ar ARG,992605.0,250000.0,2025-10-17,100.0
pablo piatti|1989,pablo piatti,1989,ar ARG,,,,
pablo siles|1997,pablo siles,1997,uy URU,,,,
pablo solari|2001,pablo solari,2001,ar ARG,,,,
patricio pernicone|2001,patricio pernicone,2001,ar ARG,,,,
patricio tanda|2002,patricio tanda,2002,ar ARG,,,,
paulo diaz|1994,paulo diaz,1994,cl CHI,271478.0,4000000.0,2025-10-17,100.0
pedro ramirez|2000,pedro ramirez,2000,ar ARG,832088.0,600000.0,2025-10-17,100.0
pedro velurtas|2001,pedro velurtas,2001,ar ARG,,,,
pier barrios|1990,pier barrios,1990,ar ARG,,,,
rafael barrios|1993,rafael barrios,1993,ar ARG,334057.0,100000.0,2025-10-17,100.0
rafael ferrario|2000,rafael ferrario,2000,ar ARG,,,,
rafael marcelo delgado|1990,rafael marcelo delgado,1990,ar ARG,,,,
rafael profini|2003,rafael profini,2003,ar ARG,1158799.0,1000000.0,2025-10-17,100.0
ramiro carrera|1993,ramiro carrera,1993,ar ARG,282283.0,1000000.0,2025-10-17,100.0
ramiro degregorio|2003,ramiro degregorio,2003,ar ARG,1133078.0,300000.0,2025-10-17,100.0
ramiro di luciano|2004,ramiro di luciano,2004,ar ARG,,,,
ramiro funes mori|1991,ramiro funes mori,1991,ar ARG,11111.0,125000.0,2025-10-17,100.0
ramiro hernandes|2004,ramiro hernandes,2004,ar ARG,1273494.0,25000.0,2025-10-17,100.0
ramiro macagno|1997,ramiro macagno,1997,ar ARG,,,,
ramiro ruiz|2000,ramiro ruiz,2000,ar ARG,,,,
ramon abila|1989,ramon abila,1989,ar ARG,88049.0,150000.0,2025-10-17,100.0
ramon arias|1992,ramon arias,1992,uy URU,131095.0,250000.0,2025-10-17,100.0
ramon cansinos|2002,ramon cansinos,2002,ar ARG,1029003.0,75000.0,2025-10-17,100.0
ramon sosa|1999,ramon sosa,1999,py PAR,,,,
randall rodriguez|2003,randall rodriguez,2003,uy URU,,,,
raul loaiza|1994,raul loaiza,1994,co COL,260898.0,800000.0,2025-10-17,100.0
renzo tesuri|1996,renzo tesuri,1996,ar ARG,457666.0,1300000.0,2025-10-17,100.0
roberto nicolas fernandez|1998,roberto nicolas fernandez,1998,uy URU,333921.0,4000000.0,2025-10-17,95.0
roberto ramirez|1996,roberto ramirez,1996,ar ARG,,,,
rodrigo aliendro|1991,rodrigo aliendro,1991,ar ARG,424045.0,500000.0,2025-10-17,100.0
rodrigo atencio|2002,rodrigo atencio,2002,ar ARG,,,,
rodrigo bogarin|1997,rodrigo bogarin,1997,py PAR,,,,
rodrigo cabral|2000,rodrigo cabral,2000,ar ARG,709552.0,600000.0,2025-10-17,100.0
rodrigo castillo|1999,rodrigo castillo,1999,ar ARG,984416.0,2000000.0,2025-10-17,100.0
rodrigo cavallera|2000,rodrigo cavallera,2000,ar ARG,,,,
rodrigo echeverria|1995,rodrigo echeverria,1995,cl CHI,,,,
rodrigo fernandez|1996,rodrigo fernandez,1996,uy URU,458047.0,800000.0,2025-10-17,95.0
rodrigo gallo|2000,rodrigo gallo,2000,ar ARG,852747.0,300000.0,2025-10-17,100.0
rodrigo herrera|2000,rodrigo herrera,2000,ar ARG,842141.0,2000000.0,2025-10-17,100.0
rodrigo inaki melo|1995,rodrigo inaki melo,1995,ar ARG,,,,
rodrigo insua|1997,rodrigo insua,1997,ar ARG,721235.0,1500000.0,2025-10-17,100.0
rodrigo marquez|2002,rodrigo marquez,2002,ar ARG,909735.0,150000.0,2025-10-17,100.0
rodrigo perez|1996,rodrigo perez,1996,uy URU,,,,
rodrigo pineiro|1999,rodrigo pineiro,1999,uy URU,,,,
rodrigo rey|1991,rodrigo rey,1991,ar ARG,166591.0,1500000.0,2025-10-17,100.0
rodrigo saravia|2000,rodrigo saravia,2000,uy URU,750753.0,1500000.0,2025-10-17,100.0
rodrigo sayavedra|1995,rodrigo sayavedra,1995,ar ARG,696728.0,75000.0,2025-10-17,100.0
rodrigo villagra|2001,rodrigo villagra,2001,ar ARG,,,,
roger martinez|1994,roger martinez,1994,co COL,,,,
roman gomez|2004,roman gomez,2004,ar ARG,1241022.0,400000.0,2025-10-17,100.0
roman vega|2004,roman vega,2004,ar ARG,,,,
ronaldo martinez|1996,ronaldo martinez,1996,py PAR,567736.0,2500000.0,2025-10-17,100.0
ruben botta|1990,ruben botta,1990,ar ARG,88542.0,500000.0,2025-10-17,100.0
ruben martinez|2004,ruben martinez,2004,ar ARG,,,,
salomon rodriguez|2000,salomon rodriguez,2000,uy URU,,,,
samuel beltran|2004,samuel beltran,2004,ar ARG,,,,
santi ramos mingo|2001,santi ramos mingo,2001,ar ARG,,,,
santiago arzamendia|1998,santiago arzamendia,1998,py PAR,520947.0,2000000.0,2025-10-17,100.0
santiago ascacibar|1997,santiago ascacibar,1997,ar ARG,423436.0,7000000.0,2025-10-17,100.0
santiago caseres|1997,santiago caseres,1997,ar ARG,,,,
santiago coronel|2000,santiago coronel,2000,ar ARG,,,,
santiago dalmasso|2004,santiago dalmasso,2004,ar ARG,,,,
santiago esquivel|2004,santiago esquivel,2004,ar ARG,1301391.0,400000.0,2025-10-17,100.0
santiago flores|2001,santiago flores,2001,ar ARG,1011266.0,100000.0,2025-10-17,100.0
santiago godoy|2001,santiago godoy,2001,ar ARG,,,,
santiago gonzalez|2003,santiago gonzalez,2003,ar ARG,1249779.0,2500000.0,2025-10-17,100.0
santiago hidalgo|2005,santiago hidalgo,2005,ar ARG,,,,
santiago laquidain|2001,santiago laquidain,2001,ar ARG,,,,
santiago lencina|2005,santiago lencina,2005,ar ARG,1289929.0,2500000.0,2025-10-17,100.0
santiago longo|1998,santiago longo,1998,ar ARG,697065.0,3000000.0,2025-10-17,100.0
santiago lopez|2006,santiago lopez,2006,ar ARG,1000687.0,2300000.0,2025-10-17,100.0
santiago martinez|2004,santiago martinez,2004,ar ARG,,,,
santiago montiel|2000,santiago montiel,2000,ar ARG,974336.0,3500000.0,2025-10-17,100.0
santiago morales|,santiago morales,0,0,872785.0,175000.0,2025-10-17,100.0
santiago quiros|2003,santiago quiros,2003,ar ARG,961786.0,1000000.0,2025-10-17,100.0
santiago rodriguez|1997,santiago rodriguez,1997,ar ARG,439437.0,1200000.0,2025-10-17,100.0
santiago salle|2004,santiago salle,2004,ar ARG,,,,
santiago segovia|2007,santiago segovia,2007,ar ARG,1197922.0,250000.0,2025-10-17,100.0
santiago simon|2002,santiago simon,2002,ar ARG,,,,
santiago solari|1998,santiago solari,1998,ar ARG,866059.0,3000000.0,2025-10-17,100.0
santiago sosa|2005,santiago sosa,2005,ar ARG,576026.0,8000000.0,2025-10-17,100.0
santiago toloza|2002,santiago toloza,2002,ar ARG,995585.0,800000.0,2025-10-17,100.0
santino andino|2005,santino andino,2005,ar ARG,1305935.0,5000000.0,2025-10-17,100.0
santino primante|2004,santino primante,2004,ar ARG,,,,
sasha marcich|1998,sasha marcich,1998,ar ARG,867621.0,2000000.0,2025-10-17,100.0
saul salcedo|1997,saul salcedo,1997,py PAR,353035.0,1000000.0,2025-10-17,100.0
sebastian blanco|1988,sebastian blanco,1988,ar ARG,,,,
sebastian boselli|2003,sebastian boselli,2003,uy URU,898352.0,3800000.0,2025-10-17,100.0
sebastian medina|2000,sebastian medina,2000,ar ARG,840774.0,300000.0,2025-10-17,100.0
sebastian meza|2000,sebastian meza,2000,ar ARG,839030.0,700000.0,2025-10-17,100.0
sebastian moyano|1990,sebastian moyano,1990,ar ARG,,,,
sebastian palacios|1992,sebastian palacios,1992,ar ARG,,,,
sebastian prieto|1993,sebastian prieto,1993,ar ARG,613708.0,300000.0,2025-10-17,100.0
sebastian ramirez|2000,sebastian ramirez,2000,ar ARG,,,,
sebastian valdez|1995,sebastian valdez,1995,ar ARG,538374.0,1500000.0,2025-10-17,100.0
sebastian villa|1996,sebastian villa,1996,co COL,493000.0,5000000.0,2025-10-17,100.0
sergio quiroga|1994,sergio quiroga,1994,ar ARG,,,,
sergio romero|1987,sergio romero,1987,ar ARG,30690.0,200000.0,2025-10-17,100.0
sheyko studer|2002,sheyko studer,2002,ar ARG,1190390.0,3000000.0,2025-10-17,100.0
silvio romero|1988,silvio romero,1988,ar ARG,,,,
silvio ulariaga|2002,silvio ulariaga,2002,ar ARG,,,,
simon rivero|2003,simon rivero,2003,ar ARG,912009.0,500000.0,2025-10-17,100.0
siro rosane|2000,siro rosane,2000,ar ARG,836253.0,1000000.0,2025-10-17,100.0
stefano moreyra|2001,stefano moreyra,2001,ar ARG,830855.0,400000.0,2025-10-17,100.0
thiago cardozo|1996,thiago cardozo,1996,uy URU,294843.0,2000000.0,2025-10-17,100.0
thiago fernandez|2004,thiago fernandez,2004,ar ARG,1127730.0,5000000.0,2025-10-17,100.0
thiago nuss|2001,thiago nuss,2001,ar ARG,,,,
thiago ponce|2005,thiago ponce,2005,ar ARG,,,,
thiago santamaria|2003,thiago santamaria,2003,ar ARG,,,,
thomas galdames|1998,thomas galdames,1998,cl CHI,,,,
thyago ayala|2001,thyago ayala,2001,ar ARG,,,,
tiago banega|1999,tiago banega,1999,ar ARG,,,,
tiago ferreyra|2002,tiago ferreyra,2002,ar ARG,,,,
tiago palacios|2001,tiago palacios,2001,uy URU,755457.0,4500000.0,2025-10-17,100.0
tobias cervera|2002,tobias cervera,2002,sy SYR,,,,
tobias medina|2004,tobias medina,2004,ar ARG,,,,
tobias ostchega|1998,tobias ostchega,1998,ar ARG,495109.0,400000.0,2025-10-17,100.0
tobias palacio|2006,tobias palacio,2006,ar ARG,,,,
tobias rubio|2004,tobias rubio,2004,ar ARG,849534.0,500000.0,2025-10-17,100.0
tomas badaloni|2000,tomas badaloni,2000,ar ARG,,,,
tomas belmonte|1998,tomas belmonte,1998,ar ARG,483446.0,4000000.0,2025-10-17,100.0
tomas castro|2001,tomas castro,2001,ar ARG,,,,
tomas cavanagh|2001,tomas cavanagh,2001,ar ARG,832090.0,125000.0,2025-10-17,100.0
tomas conechny|1998,tomas conechny,1998,ar ARG,401571.0,2200000.0,2025-10-17,100.0
tomas durso|1999,tomas durso,1999,ar ARG,534625.0,1700000.0,2025-10-17,100.0
tomas fernandez|2004,tomas fernandez,2004,ar ARG,1153735.0,50000.0,2025-10-17,100.0
tomas galvan|2000,tomas galvan,2000,ar ARG,893850.0,2500000.0,2025-10-17,100.0
tomas guiacobini|2004,tomas guiacobini,2004,ar ARG,1253999.0,200000.0,2025-10-17,100.0
tomas guidara|1996,tomas guidara,1996,ar ARG,355900.0,1200000.0,2025-10-17,100.0
tomas jacob|2004,tomas jacob,2004,ar ARG,,,,
tomas marchiori|1995,tomas marchiori,1995,ar ARG,596909.0,3800000.0,2025-10-17,100.0
tomas molina|1995,tomas molina,1995,ar ARG,429591.0,2500000.0,2025-10-17,100.0
tomas o'connor|2004,tomas o'connor,2004,ar ARG,1027880.0,1500000.0,2025-10-17,100.0
tomas palacios|2003,tomas palacios,2003,ar ARG,,,,
tomas perez|2005,tomas perez,2005,ar ARG,,,,
tomas porra|2004,tomas porra,2004,ar ARG,856593.0,100000.0,2025-10-17,100.0
tomas pozzo|2000,tomas pozzo,2000,ar ARG,838796.0,275000.0,2025-10-17,100.0
tomas villoldo|1995,tomas villoldo,1995,ar ARG,,,,
valentin burgoa|2000,valentin burgoa,2000,ar ARG,,,,
valentin depietri|2000,valentin depietri,2000,ar ARG,697056.0,600000.0,2025-10-17,100.0
valentin fascendini|2003,valentin fascendini,2003,ar ARG,1149559.0,1800000.0,2025-10-17,100.0
valentin gomez|2003,valentin gomez,2003,ar ARG,,,,
valentin moreno|2003,valentin moreno,2003,ar ARG,1238749.0,100000.0,2025-10-17,100.0
valentin rodriguez|2001,valentin rodriguez,2001,uy URU,,,,
valentino acuna|2006,valentino acuna,2006,ar ARG,1074966.0,300000.0,2025-10-17,100.0
vicente poggi|2002,vicente poggi,2002,uy URU,657744.0,2000000.0,2025-10-17,100.0
vicente taborda|2001,vicente taborda,2001,ar ARG,,,,
victor cabrera|1993,victor cabrera,1993,ar ARG,,,,
victor malcorra|1987,victor malcorra,1987,ar ARG,,,,
victorio ramis|1994,victorio ramis,1994,ar ARG,381065.0,175000.0,2025-10-17,100.0
walter acuna|1992,walter acuna,1992,ar ARG,,,,
walter bou|1993,walter bou,1993,ar ARG,334233.0,1500000.0,2025-10-17,100.0
walter mazzantti|1996,walter mazzantti,1996,ar ARG,477458.0,4000000.0,2025-10-17,100.0
walter molas|2004,walter molas,2004,ar ARG,,,,
walter montoya|1993,walter montoya,1993,ar ARG,267420.0,300000.0,2025-10-17,100.0
walter rodriguez|1995,walter rodriguez,1995,py PAR,,,,
william alarcon|2000,william alarcon,2000,cl CHI,599552.0,5000000.0,2025-10-17,96.7741935483871
yair ezequiel arismendi|1998,yair ezequiel arismendi,1998,ar ARG,,,,
yaison murillo|1993,yaison murillo,1993,co COL,439088.0,25000.0,2025-10-17,92.85714285714286
yonatan rodriguez|1993,yonatan rodriguez,1993,uy URU,,,,
yonathan cabral|1992,yonathan cabral,1992,ar ARG,,,,
yonatthan rak|1993,yonatthan rak,1993,uy URU,227781.0,400000.0,2025-10-17,100.0
yuri casermeiro|2002,yuri casermeiro,2002,ar ARG,1130336.0,200000.0,2025-10-17,100.0
yvo calleros|1998,yvo calleros,1998,uy URU,,,,
zaid romero|1999,zaid romero,1999,ar ARG,,,,
